번호,년도,대분류,중분류,소분류,광고주,제품
태평양001,1967,화장품 및 보건용품,여성 색조화장품,파우더,태평양화학,코-티粉
태평양002,1967,화장품 및 보건용품,여성 기초화장품,여성 일반기초화장품,태평양화학,몽블랑 크림
태평양003,1966,화장품 및 보건용품,화장품 및 보건용품 기타,화장품 및 보건용품 기업PR,태평양화학,2월 달력
태평양004,1967,화장품 및 보건용품,화장품 및 보건용품 기타,화장품 및 보건용품 기업PR,태평양화학,5월 달력
태평양005,1968,화장품 및 보건용품,화장품 및 보건용품 기타,화장품 및 보건용품 기업PR,태평양화학,3월 달력
태평양006,1969,화장품 및 보건용품,화장품 및 보건용품 기타,화장품 및 보건용품 기업PR,태평양화학,11월 달력
태평양007,1963,화장품 및 보건용품,화장품 및 보건용품 기타,화장품 및 보건용품 기업PR,태평양화학,태평양 화장품
태평양008,1975,화장품 및 보건용품,화장품 및 보건용품 기타,화장품 및 보건용품 기업PR,태평양화학,1월 달력
태평양009,1975,화장품 및 보건용품,화장품 및 보건용품 기타,화장품 및 보건용품 기업PR,태평양화학,1월 달력
태평양010,1975,화장품 및 보건용품,화장품 및 보건용품 기타,화장품 및 보건용품 기업PR,태평양화학,1-2월 달력
태평양011,1975,화장품 및 보건용품,화장품 및 보건용품 기타,화장품 및 보건용품 기업PR,태평양화학,아모레 타미나화장품 11-12월 달력
태평양012,1981,화장품 및 보건용품,화장품 및 보건용품 기타,화장품 및 보건용품 기업PR,태평양화학,명화시리즈
태평양013,1982,화장품 및 보건용품,화장품 및 보건용품 기타,화장품 및 보건용품 기업PR,태평양화학,명화시리즈
태평양014,1983,화장품 및 보건용품,화장품 및 보건용품 기타,화장품 및 보건용품 기업PR,태평양화학,외국풍경
태평양015,1984,화장품 및 보건용품,화장품 및 보건용품 기타,화장품 및 보건용품 기업PR,태평양화학,외국풍경
태평양016,1985,화장품 및 보건용품,화장품 및 보건용품 기타,화장품 및 보건용품 기업PR,태평양화학,꽃시리즈
태평양017,1986,화장품 및 보건용품,화장품 및 보건용품 기타,화장품 및 보건용품 기업PR,태평양화학,꽃시리즈
태평양018,1987,화장품 및 보건용품,화장품 및 보건용품 기타,화장품 및 보건용품 기업PR,태평양화학,꽃시리즈
태평양019,1988,화장품 및 보건용품,화장품 및 보건용품 기타,화장품 및 보건용품 기업PR,태평양화학,명화시리즈
태평양020,1989,화장품 및 보건용품,화장품 및 보건용품 기타,화장품 및 보건용품 기업PR,태평양화학,새시리즈
태평양021,1990,화장품 및 보건용품,화장품 및 보건용품 기타,화장품 및 보건용품 기업PR,태평양화학,새시리즈
태평양022,1993,화장품 및 보건용품,화장품 및 보건용품 기타,화장품 및 보건용품 기업PR,태평양화학,9월 달력
태평양023,1993,화장품 및 보건용품,화장품 및 보건용품 기타,화장품 및 보건용품 기업PR,태평양화학,5월 달력
태평양024,1998,화장품 및 보건용품,화장품 및 보건용품 기타,화장품 및 보건용품 기업PR,태평양화학,6월 달력
태평양025,1997,화장품 및 보건용품,화장품 및 보건용품 기타,화장품 및 보건용품 기업PR,태평양화학,7월 달력
태평양026,1995,화장품 및 보건용품,화장품 및 보건용품 기타,화장품 및 보건용품 기업PR,태평양화학,8월 달력
태평양027,1995,화장품 및 보건용품,화장품 및 보건용품 기타,화장품 및 보건용품 기업PR,태평양화학,표지
태평양028,1991,화장품 및 보건용품,화장품 및 보건용품 기타,화장품 및 보건용품 기업PR,태평양화학,꽃시리즈
태평양029,1992,화장품 및 보건용품,화장품 및 보건용품 기타,화장품 및 보건용품 기업PR,태평양화학,꽃시리즈
태평양030,1993,화장품 및 보건용품,화장품 및 보건용품 기타,화장품 및 보건용품 기업PR,태평양화학,일러스트
태평양031,2003,화장품 및 보건용품,화장품 및 보건용품 기타,화장품 및 보건용품 기업PR,태평양화학,표지
태평양032,2005,화장품 및 보건용품,화장품 및 보건용품 기타,화장품 및 보건용품 기업PR,태평양화학,표지
태평양033,2006,화장품 및 보건용품,화장품 및 보건용품 기타,화장품 및 보건용품 기업PR,태평양화학,표지
태평양034,2002,화장품 및 보건용품,화장품 및 보건용품 기타,화장품 및 보건용품 기업PR,태평양화학,12월 달력
태평양035,2003,화장품 및 보건용품,화장품 및 보건용품 기타,화장품 및 보건용품 기업PR,태평양화학,4월 달력
태평양036,1963,화장품 및 보건용품,여성 기초화장품,여성 일반기초화장품,태평양화학,ABC화장품 
태평양037,1963,화장품 및 보건용품,여성 색조화장품,파우더,태평양화학,리도 분백분
태평양038,1963,화장품 및 보건용품,여성 기초화장품,여성 일반기초화장품,태평양화학,ABC화장품
태평양039,1963,화장품 및 보건용품,여성 기초화장품,여성 일반기초화장품,태평양화학,오스카 밀크 로션
태평양040,1963,화장품 및 보건용품,화장품 및 보건용품 기타,화장품 및 보건용품 기업PR,태평양화학,미용재료점
태평양041,1963,화장품 및 보건용품,여성 기초화장품,여성 일반기초화장품,태평양화학,ABC파라솔 크림
태평양042,1972,제약 및 의료,"백신,구충 및 살충제",살충 및 방충제,태평양화학,에가탄 모기향
태평양043,1972,화장품 및 보건용품,여성 기초화장품,여성 일반기초화장품,태평양화학,하이톤 파라솔 로션
태평양045,1972,화장품 및 보건용품,여성 기초화장품,여성 일반기초화장품,태평양화학,하이톤 화장품
태평양046,1972,제약 및 의료,소화위장약,변비치료제,태평양화학,베르돈 설사약
태평양047,1972,화장품 및 보건용품,여성 기초화장품,여성용 팩류,태평양화학,하이톤 마스크팩
태평양049,1972,화장품 및 보건용품,여성 기초화장품,여성 일반기초화장품,태평양화학,미용소크림
태평양050,1973,화장품 및 보건용품,여성 기초화장품,여성 일반기초화장품,태평양화학,하이톤
태평양051,1973,화장품 및 보건용품,여성 기초화장품,여성 일반기초화장품,태평양화학,하이톤 반트롤크림
태평양052,1973,화장품 및 보건용품,여성 기초화장품,여성 일반기초화장품,태평양화학,하이톤 화인씨크림
태평양053,1973,화장품 및 보건용품,화장품 및 보건용품 기타,화장품 및 보건용품 기업공고,태평양화학,방문판매품
태평양054,1973,화장품 및 보건용품,여성 기초화장품,여성 일반기초화장품,태평양화학,하이톤 뷰 러브
태평양055,1974,화장품 및 보건용품,여성 기초화장품,여성 일반기초화장품,태평양화학,아모레 타미나
태평양056,1974,제약 및 의료,두피 및 피부용제,여드름 치료제,태평양화학,여드름 치료제 A.A 외
태평양057,1975,제약 및 의료,"백신,구충 및 살충제",살충 및 방충제,태평양화학,모기향 외
태평양058,1974,화장품 및 보건용품,모발 및 목욕용제,"샴푸,린스",태평양화학,타미나 레몬 샴푸
태평양059,1974,화장품 및 보건용품,여성 색조화장품,눈 및 입술 색조화장품,태평양화학,타미나 립스틱
태평양060,1974,화장품 및 보건용품,여성 기초화장품,여성 일반기초화장품,태평양화학,바이스터
태평양061,1974,제약 및 의료,제약 및 의료 기타,제약 및 의료 제품종합,태평양화학,태평양 의약품
태평양062,1975,화장품 및 보건용품,방향 화장품,성인용 향수,태평양화학,아모레 타미나 향수
태평양063,1975,화장품 및 보건용품,화장품 및 보건용품 기타,화장품 및 보건용품 기업PR,태평양화학,2월호 표지
태평양064,1976,제약 및 의료,생리피임 및 치질용약,생리피임및 치질용약 기타,태평양화학,가이날
태평양065,1976,제약 및 의료,"백신,구충 및 살충제",구충제,태평양화학,구충제 벤다솔
태평양066,1976,화장품 및 보건용품,여성 기초화장품,여성 일반기초화장품,태평양화학,아모레 타미나 아이라이너
태평양067,1977,화장품 및 보건용품,여성 기초화장품,여성 일반기초화장품,태평양화학,아모레 미보라
태평양068,1977,화장품 및 보건용품,여성 기초화장품,여성 기초화장품 제품종합,태평양화학,아모레 선물세트
태평양069,1977,화장품 및 보건용품,모발 및 목욕용제,정발료 및 헤어스타일링,태평양화학,아모레 헤어칼라
태평양070,1977,패션,패션 신변용품,스타킹,태평양화학,뉴영스타 팬티호스
태평양071,1977,화장품 및 보건용품,여성 기초화장품,여성 일반기초화장품,태평양화학,뷰럭스 보나르 화장품
태평양072,1977,제약 및 의료,생리피임 및 치질용약,생리피임및 치질용약 기타,태평양화학,가이나
태평양073,1977,화장품 및 보건용품,여성 기초화장품,여성 일반기초화장품,태평양화학,삼미화장품
태평양074,1978,화장품 및 보건용품,모발 및 목욕용제,"샴푸,린스",태평양화학,아모레 푸로틴 샴푸
태평양075,1978,화장품 및 보건용품,여성 색조화장품,눈 및 입술 색조화장품,태평양화학,미보라 립스틱
태평양076,1978,화장품 및 보건용품,남성 화장품,남성 기초화장품,태평양화학,쾌남
태평양077,1978,화장품 및 보건용품,여성 기초화장품,여성 일반기초화장품,태평양화학,미보라 써니 크림로션
태평양078,1978,화장품 및 보건용품,방향 화장품,성인용 향수,태평양화학,아모레 은초롱 향수
태평양079,1978,패션,내의류,남녀 기초의류,태평양화학,라보라 란제리
태평양080,1979,제약 및 의료,감기약,기침감기약,태평양화학,브론치쿰
태평양082,1979,화장품 및 보건용품,여성 기초화장품,여성 일반기초화장품,태평양화학,라보라
태평양083,1979,화장품 및 보건용품,여성 기초화장품,여성 일반기초화장품,태평양화학,프라몬
태평양084,1979,제약 및 의료,생리피임 및 치질용약,생리피임및 치질용약 기타,태평양화학,알보칠
태평양085,1979,화장품 및 보건용품,방향 화장품,성인용 향수,태평양화학,은초롱 향수
태평양086,1979,제약 및 의료,"백신,구충 및 살충제",살충 및 방충제,태평양화학,모노탄F
태평양087,1979,패션,스포츠 전문복,수영복,태평양화학,라보라 수영복
태평양088,1979,화장품 및 보건용품,구강용품,치약,태평양화학,삼미비누
태평양089,1979,화장품 및 보건용품,"유,아동용 화장 및 세제","유,아동용 로션 및 크림",태평양화학,베이비 화장품
태평양090,1979,화장품 및 보건용품,여성 기초화장품,여성 일반기초화장품,태평양화학,미보라 레몬 크림로션
태평양091,1979,화장품 및 보건용품,여성 기초화장품,여성 일반기초화장품,태평양화학,미보라 로젤 크림
태평양092,1979,화장품 및 보건용품,여성 기초화장품,여성 일반기초화장품,태평양화학,수미란
태평양093,1981,화장품 및 보건용품,여성 기초화장품,여성 일반기초화장품,태평양화학,아모레 부로아
태평양094,1981,화장품 및 보건용품,여성 색조화장품,눈 및 입술 색조화장품,태평양화학,부로아-모이스처 메이컵
태평양095,1981,화장품 및 보건용품,세제류,섬유유연제,태평양화학,올올이
태평양096,1981,제약 및 의료,감기약,기침감기약,태평양화학,부론치콤
태평양097,1981,패션,내의류,기능성 내의,태평양화학,라보라 밍콜 브라거들
태평양098,1981,화장품 및 보건용품,여성 기초화장품,여성 일반기초화장품,태평양화학,화니핀
태평양099,1981,화장품 및 보건용품,세제류,세척제,태평양화학,방글방글
태평양100,1981,패션,내의류,란제리 및 가운,태평양화학,라보라 다니엘라-나이트 가운
태평양101,1981,화장품 및 보건용품,여성 기초화장품,여성 일반기초화장품,태평양화학,썬쿨 스킨로션
태평양102,1981,제약 및 의료,근육 및 신경통제,신경통 및 류마티스제,태평양화학,메르반 500
태평양103,1981,화장품 및 보건용품,모발 및 목욕용제,"샴푸,린스",태평양화학,아모레 푸로틴 샴푸
태평양104,1981,화장품 및 보건용품,세제류,표백제,태평양화학,태평약 락스
태평양105,1981,패션,스포츠 전문복,수영복,태평양화학,2웨이
태평양106,1981,제약 및 의료,"백신,구충 및 살충제",살충 및 방충제,태평양화학,모노탄
태평양107,1981,화장품 및 보건용품,모발 및 목욕용제,목욕제,태평양화학,아모레 보디제품
태평양108,1981,화장품 및 보건용품,여성 기초화장품,여성 일반기초화장품,태평양화학,부로아 밍클크림
태평양109,1981,화장품 및 보건용품,여성 색조화장품,눈 및 입술 색조화장품,태평양화학,미니 립스틱
태평양110,1982,화장품 및 보건용품,여성 색조화장품,눈 및 입술 색조화장품,태평양화학,화니핀 메이컵
태평양111,1982,화장품 및 보건용품,남성 화장품,남성 기초화장품,태평양화학,탁틴-남성화장품
태평양112,1982,화장품 및 보건용품,구강용품,치약,태평양화학,클로즈업
태평양113,1982,화장품 및 보건용품,모발 및 목욕용제,"샴푸,린스",태평양화학,로젤샴푸
태평양114,1982,화장품 및 보건용품,여성 기초화장품,여성 일반기초화장품,태평양화학,베리칸 크림
태평양115,1982,화장품 및 보건용품,여성 기초화장품,여성 일반기초화장품,태평양화학,샤워스킨
태평양116,1982,화장품 및 보건용품,모발 및 목욕용제,목욕제,태평양화학,부로아 보디크렌저
태평양117,1982,화장품 및 보건용품,구강용품,치약,태평양화학,시그날 2
태평양118,1982,화장품 및 보건용품,여성 기초화장품,여성 일반기초화장품,태평양화학,라보라 핑크 나이트
태평양119,1982,화장품 및 보건용품,여성 기초화장품,여성 일반기초화장품,태평양화학,리바이탈
태평양120,1982,음료 및 기호식품,비알콜음료,"홍차,녹차음료",태평양화학,설록차
태평양121,1985,화장품 및 보건용품,여성 기초화장품,여성 일반기초화장품,태평양화학,바이오레몬
태평양122,1985,화장품 및 보건용품,남성 화장품,남성 기초화장품,태평양화학,미스쾌남
태평양123,1985,화장품 및 보건용품,여성 기초화장품,여성 일반기초화장품,태평양화학,리바이탈 아쿠아
태평양124,1985,화장품 및 보건용품,구강용품,치약,태평양화학,메디안 불소치약
태평양125,1985,화장품 및 보건용품,방향 화장품,샤워코롱,태평양화학,"후로랄향수, 샤워코롱"
태평양126,1985,화장품 및 보건용품,모발 및 목욕용제,"샴푸,린스",태평양화학,로젤샴푸
태평양127,1985,화장품 및 보건용품,세제류,세탁세제,태평양화학,깨끗이
태평양128,1985,화장품 및 보건용품,모발 및 목욕용제,"샴푸,린스",태평양화학,하이프로틴 샴푸린스
태평양129,1985,화장품 및 보건용품,여성 기초화장품,여성 일반기초화장품,태평양화학,나그랑
태평양130,1984,화장품 및 보건용품,여성 기초화장품,여성 일반기초화장품,태평양화학,미보라 쿨링
태평양131,1984,화장품 및 보건용품,여성 기초화장품,여성 일반기초화장품,태평양화학,후레쉬 스킨케어
태평양132,1984,화장품 및 보건용품,여성 기초화장품,여성 일반기초화장품,태평양화학,스템3
태평양133,1984,화장품 및 보건용품,남성 화장품,남성 기초화장품,태평양화학,쾌남 루트
태평양134,1984,화장품 및 보건용품,여성 기초화장품,여성 일반기초화장품,태평양화학,나그랑
태평양135,1984,화장품 및 보건용품,여성 기초화장품,여성 일반기초화장품,태평양화학,리바이탈 바이오
태평양136,1984,음료 및 기호식품,비알콜음료,"홍차,녹차음료",태평양화학,제주 설록차
태평양137,1984,제약 및 의료,대사성의약,자양강장제,태평양화학,파낙스 디
태평양138,1984,화장품 및 보건용품,여성 기초화장품,여성 일반기초화장품,태평양화학,에버틴스
태평양139,1984,패션,내의류,남녀 기초의류,태평양화학,원더거들
태평양140,1984,화장품 및 보건용품,여성 기초화장품,여성 일반기초화장품,태평양화학,삼미진
태평양141,1986,화장품 및 보건용품,여성 기초화장품,여성 일반기초화장품,태평양화학,리바이탈 바이오
태평양142,1986,화장품 및 보건용품,여성 기초화장품,여성 일반기초화장품,태평양화학,탐스핀
태평양143,1986,화장품 및 보건용품,남성 화장품,남성 기초화장품,태평양화학,스탬3
태평양144,1986,화장품 및 보건용품,여성 색조화장품,눈 및 입술 색조화장품,태평양화학,탐스핀 메이컵
태평양145,1986,화장품 및 보건용품,여성 기초화장품,여성 일반기초화장품,태평양화학,후리앤 후리
태평양146,1986,화장품 및 보건용품,모발 및 목욕용제,"샴푸,린스",태평양화학,모린
태평양147,1986,화장품 및 보건용품,여성 색조화장품,눈 및 입술 색조화장품,태평양화학,립스틱 듀오
태평양148,1986,제약 및 의료,대사성의약,대사성의약 기타,태평양화학,만유
태평양149,1986,화장품 및 보건용품,여성 기초화장품,여성 일반기초화장품,태평양화학,나그랑 스파
태평양150,1986,화장품 및 보건용품,방향 화장품,성인용 향수,태평양화학,상티망
태평양151,1986,화장품 및 보건용품,여성 기초화장품,여성 일반기초화장품,태평양화학,리바이탈
태평양152,1986,화장품 및 보건용품,남성 화장품,남성 기초화장품,태평양화학,미스쾌남
태평양153,1986,화장품 및 보건용품,여성 기초화장품,여성 일반기초화장품,태평양화학,아모레 리바이탈 바이오레몬
태평양154,1986,화장품 및 보건용품,모발 및 목욕용제,"샴푸,린스",태평양화학,하이프로틴 샴푸린스
태평양155,1988,화장품 및 보건용품,여성 기초화장품,여성 일반기초화장품,태평양화학,아모레 설화
태평양156,1988,화장품 및 보건용품,여성 기초화장품,여성 일반기초화장품,태평양화학,만유
태평양157,1988,화장품 및 보건용품,여성 기초화장품,여성 일반기초화장품,태평양화학,라보라
태평양158,1988,화장품 및 보건용품,남성 화장품,남성 기초화장품,태평양화학,쾌남골드
태평양159,1988,화장품 및 보건용품,여성 기초화장품,여성 일반기초화장품,태평양화학,탐스핀
태평양160,1988,화장품 및 보건용품,여성 기초화장품,여성 일반기초화장품,태평양화학,탐스핀 화이트
태평양161,1988,화장품 및 보건용품,여성 색조화장품,눈 및 입술 색조화장품,태평양화학,탐스핀 여름 메이크업
태평양162,1988,화장품 및 보건용품,여성 기초화장품,여성 일반기초화장품,태평양화학,탐스핀 쿨
태평양163,1988,화장품 및 보건용품,모발 및 목욕용제,목욕제,태평양화학,나그랑 스파 보디크렌저
태평양164,1988,화장품 및 보건용품,모발 및 목욕용제,"샴푸,린스",태평양화학,코롱 향수샴푸
태평양165,1988,화장품 및 보건용품,여성 색조화장품,트윈케익,태평양화학,탐스핀 트윈케익
태평양166,1988,화장품 및 보건용품,여성 기초화장품,여성 일반기초화장품,태평양화학,탐스핀 쿨
태평양167,1988,화장품 및 보건용품,여성 기초화장품,여성 일반기초화장품,태평양화학,탐스핀 에버그린
태평양168,1988,화장품 및 보건용품,모발 및 목욕용제,"샴푸,린스",태평양화학,아모레코롱
태평양169,1988,화장품 및 보건용품,주니어 화장품,주니어 기초화장품,태평양화학,팅커벨
태평양170,1988,화장품 및 보건용품,여성 기초화장품,여성 일반기초화장품,태평양화학,탐스핀레몬
태평양171,1988,화장품 및 보건용품,여성 색조화장품,여성 색조화장품 제품종합,태평양화학,탐스핀메이크업
태평양172,1988,화장품 및 보건용품,여성 색조화장품,눈 및 입술 색조화장품,태평양화학,봄탐스핀메이크업
태평양173,1988,화장품 및 보건용품,여성 기초화장품,여성 일반기초화장품,태평양화학,아모레아이리페어젤
태평양174,1988,화장품 및 보건용품,여성 색조화장품,눈 및 입술 색조화장품,태평양화학,탐스핀메이크업
태평양175,1988,화장품 및 보건용품,여성 기초화장품,여성 일반기초화장품,태평양화학,탐스핀
태평양176,1989,화장품 및 보건용품,여성 기초화장품,여성 일반기초화장품,태평양화학,아모레 바이오좀 에센스
태평양177,1989,화장품 및 보건용품,여성 기초화장품,여성 일반기초화장품,태평양화학,탐스핀-겨울 피부
태평양178,1989,화장품 및 보건용품,여성 기초화장품,여성 일반기초화장품,태평양화학,순정
태평양179,1989,화장품 및 보건용품,여성 기초화장품,여성 일반기초화장품,태평양화학,탐스핀 레몬
태평양180,1989,화장품 및 보건용품,여성 기초화장품,여성 일반기초화장품,태평양화학,자연발색 탐스핀
태평양181,1989,화장품 및 보건용품,여성 기초화장품,여성 일반기초화장품,태평양화학,바이오좀 
태평양182,1989,화장품 및 보건용품,여성 기초화장품,여성 일반기초화장품,태평양화학,에버그린
태평양183,1989,화장품 및 보건용품,여성 색조화장품,눈 및 입술 색조화장품,태평양화학,탐스핀 립스틱
태평양184,1989,화장품 및 보건용품,여성 기초화장품,여성 일반기초화장품,태평양화학,탐스핀 에버그린
태평양185,1989,화장품 및 보건용품,여성 기초화장품,여성 기초화장품 제품종합,태평양화학,여름의 두얼굴
태평양186,1989,패션,내의류,남녀 기초의류,태평양화학,라보라브라
태평양187,1989,화장품 및 보건용품,여성 기초화장품,여성 일반기초화장품,태평양화학,에버그린
태평양188,1989,화장품 및 보건용품,여성 기초화장품,여성 일반기초화장품,태평양화학,탐스핀 에버그린
태평양189,1989,화장품 및 보건용품,여성 색조화장품,눈 및 입술 색조화장품,태평양화학,탐스핀-여름메이컵
태평양190,1989,화장품 및 보건용품,남성 화장품,남성 기초화장품,태평양화학,미스쾌남
태평양191,1989,화장품 및 보건용품,모발 및 목욕용제,목욕제,태평양화학,코롱
태평양192,1989,화장품 및 보건용품,여성 색조화장품,트윈케익,태평양화학,자회선 3단 차단-탐스핀
태평양193,1989,화장품 및 보건용품,여성 기초화장품,여성 일반기초화장품,태평양화학,미로 O2
태평양194,1989,패션,내의류,남녀 기초의류,태평양화학,미스탑
태평양195,1989,화장품 및 보건용품,여성 기초화장품,여성 일반기초화장품,태평양화학,스템3
태평양196,1989,화장품 및 보건용품,여성 색조화장품,여성 색조화장품기타,태평양화학,칼라미싱
태평양197,1989,화장품 및 보건용품,여성 기초화장품,여성 일반기초화장품,태평양화학,아모레 설화
태평양198,1989,화장품 및 보건용품,여성 기초화장품,여성 기초화장품 제품종합,태평양화학,아모레 선물세트
태평양199,1989,화장품 및 보건용품,모발 및 목욕용제,"샴푸,린스",태평양화학,스텝트리트먼트
태평양200,1989,화장품 및 보건용품,여성 기초화장품,여성 일반기초화장품,태평양화학,탐스핀크림로숀
태평양201,1991,화장품 및 보건용품,여성 기초화장품,여성 일반기초화장품,태평양화학,아모레 미로쿨
태평양202,1991,화장품 및 보건용품,여성 색조화장품,트윈케익,태평양화학,썬베이 트웬케익
태평양203,1991,화장품 및 보건용품,여성 기초화장품,여성 일반기초화장품,태평양화학,사포란
태평양204,1991,화장품 및 보건용품,모발 및 목욕용제,목욕제,태평양화학,에버그린 보디
태평양205,1991,화장품 및 보건용품,여성 기초화장품,여성 일반기초화장품,태평양화학,베스카인
태평양206,1991,화장품 및 보건용품,여성 기초화장품,여성 일반기초화장품,태평양화학,프리메라
태평양207,1991,화장품 및 보건용품,여성 기초화장품,여성 기초화장품 제품종합,태평양화학,라무르
태평양208,1991,화장품 및 보건용품,여성 기초화장품,여성 일반기초화장품,태평양화학,뷰티알로에
태평양209,1991,화장품 및 보건용품,여성 기초화장품,여성 일반기초화장품,태평양화학,베스카인 골드
태평양210,1991,화장품 및 보건용품,여성 기초화장품,여성 일반기초화장품,태평양화학,미로
태평양211,1991,화장품 및 보건용품,여성 기초화장품,여성 일반기초화장품,태평양화학,프리메라
태평양212,1991,화장품 및 보건용품,여성 기초화장품,여성 일반기초화장품,태평양화학,사포란
태평양213,1992,화장품 및 보건용품,여성 기초화장품,여성 일반기초화장품,태평양화학, 라무르
태평양214,1992,화장품 및 보건용품,여성 기초화장품,여성 일반기초화장품,태평양화학,에버그린
태평양215,1992,화장품 및 보건용품,남성 화장품,남성 기초화장품,태평양화학,쾌남진
태평양216,1992,화장품 및 보건용품,여성 기초화장품,여성 일반기초화장품,태평양화학,지지순
태평양217,1992,화장품 및 보건용품,모발 및 목욕용제,정발료 및 헤어스타일링,태평양화학,미스토픽
태평양218,1992,화장품 및 보건용품,남성 화장품,남성 기초화장품,태평양화학,쾌남진
태평양219,1992,화장품 및 보건용품,여성 기초화장품,여성 일반기초화장품,태평양화학,아모레 마몽드
태평양220,1992,화장품 및 보건용품,여성 기초화장품,여성 일반기초화장품,태평양화학,핑크
태평양221,1992,화장품 및 보건용품,여성 기초화장품,여성 일반기초화장품,태평양화학,에버그린 
태평양222,1992,화장품 및 보건용품,여성 기초화장품,여성 일반기초화장품,태평양화학,프리메라
태평양223,1992,화장품 및 보건용품,모발 및 목욕용제,"샴푸,린스",태평양화학,"아모레 샴푸,린스"
태평양224,1992,화장품 및 보건용품,여성 색조화장품,눈 및 입술 색조화장품,태평양화학,라무르UV썬메이컵
태평양225,1992,화장품 및 보건용품,여성 기초화장품,여성 일반기초화장품,태평양화학,베스카인
태평양226,1992,화장품 및 보건용품,여성 기초화장품,여성 일반기초화장품,태평양화학,라무르 에버그린
태평양228,1992,제약 및 의료,대사성의약,대사성의약 기타,태평양화학,녹용인삼
태평양229,1992,화장품 및 보건용품,남성 화장품,남성 기초화장품,태평양화학,쾌남진
태평양230,1992,화장품 및 보건용품,여성 기초화장품,여성 일반기초화장품,태평양화학,마몽드UV화이트닝
태평양231,1992,화장품 및 보건용품,여성 기초화장품,여성 일반기초화장품,태평양화학,미로
태평양232,1992,화장품 및 보건용품,여성 기초화장품,여성 일반기초화장품,태평양화학,미로썬베일
태평양234,1992,화장품 및 보건용품,모발 및 목욕용제,"샴푸,린스",태평양화학,투웨이 덴트롤 샴푸
태평양235,1992,음료 및 기호식품,비알콜음료,"홍차,녹차음료",태평양화학,설록차
태평양236,1992,화장품 및 보건용품,여성 기초화장품,여성 일반기초화장품,태평양화학,지지아띠랑스
태평양237,1992,화장품 및 보건용품,모발 및 목욕용제,정발료 및 헤어스타일링,태평양화학,미스토픽
태평양238,1992,화장품 및 보건용품,세제류,세탁세제,태평양화학,빨래박사
태평양239,1992,화장품 및 보건용품,여성 기초화장품,여성 일반기초화장품,태평양화학,자라에센스
태평양240,1992,화장품 및 보건용품,여성 기초화장품,여성 일반기초화장품,태평양화학,마몽드
태평양241,1992,화장품 및 보건용품,여성 기초화장품,여성 일반기초화장품,태평양화학,아모레 미로
태평양242,1992,화장품 및 보건용품,여성 기초화장품,여성 일반기초화장품,태평양화학,지지 아따랑스
태평양243,1992,화장품 및 보건용품,여성 기초화장품,여성 일반기초화장품,태평양화학,순정
태평양244,1992,화장품 및 보건용품,여성 색조화장품,눈 및 입술 색조화장품,태평양화학,마몽드 메이컵
태평양245,1992,화장품 및 보건용품,여성 기초화장품,여성 일반기초화장품,태평양화학,미로 
태평양246,1992,화장품 및 보건용품,여성 기초화장품,여성 일반기초화장품,태평양화학,마몽드
태평양247,1992,화장품 및 보건용품,여성 기초화장품,여성 일반기초화장품,태평양화학,미로
태평양248,1993,화장품 및 보건용품,여성 기초화장품,여성 일반기초화장품,태평양화학,마몽드
태평양249,1993,화장품 및 보건용품,여성 기초화장품,여성 일반기초화장품,태평양화학,미로에버그린
태평양250,1993,화장품 및 보건용품,남성 화장품,남성 기초화장품,태평양화학,쾌남 미래파
태평양251,1993,화장품 및 보건용품,여성 기초화장품,여성 일반기초화장품,태평양화학,미로
태평양252,1993,화장품 및 보건용품,여성 색조화장품,눈 및 입술 색조화장품,태평양화학,마몽드 메이컵
태평양253,1993,화장품 및 보건용품,여성 기초화장품,여성 일반기초화장품,태평양화학,미로의 하얀세계로
태평양254,1993,화장품 및 보건용품,여성 기초화장품,여성 일반기초화장품,태평양화학,마몽드UV화이트닝
태평양255,1993,화장품 및 보건용품,여성 기초화장품,여성 일반기초화장품,태평양화학,마몽드UV화이트닝
태평양258,1993,화장품 및 보건용품,여성 기초화장품,여성용 팩류,태평양화학,머드마스크
태평양259,1993,화장품 및 보건용품,여성 색조화장품,트윈케익,태평양화학,마몽드 UV썬트윈케익
태평양260,1993,화장품 및 보건용품,여성 기초화장품,여성 일반기초화장품,태평양화학,마몽드UV화이트닝
태평양261,1993,화장품 및 보건용품,여성 기초화장품,여성용 팩류,태평양화학,머드마스크
태평양262,1993,화장품 및 보건용품,"유,아동용 화장 및 세제","유,아동용 로션 및 크림",태평양화학,순베이비 밀키오일
태평양263,1993,화장품 및 보건용품,여성 기초화장품,여성 일반기초화장품,태평양화학,UV썬스킨케어
태평양264,1993,음료 및 기호식품,비알콜음료,"홍차,녹차음료",태평양화학,설록차
태평양265,1993,화장품 및 보건용품,여성 기초화장품,여성 일반기초화장품,태평양화학,마몽드
태평양266,1993,화장품 및 보건용품,여성 색조화장품,눈 및 입술 색조화장품,태평양화학,마몽드 메이컵
태평양267,1993,음료 및 기호식품,비알콜음료,"홍차,녹차음료",태평양화학,동규자차
태평양269,1993,화장품 및 보건용품,세제류,세탁세제,태평양화학,쾌백
태평양270,1993,화장품 및 보건용품,"유,아동용 화장 및 세제","유,아동용 로션 및 크림",태평양화학,베이비 밀키오일
태평양271,1993,화장품 및 보건용품,여성 기초화장품,여성 일반기초화장품,태평양화학,지지순
태평양273,1994,화장품 및 보건용품,여성 기초화장품,여성용 팩류,태평양화학,비져블 페이스 마스크
태평양274,1994,화장품 및 보건용품,여성 기초화장품,여성 일반기초화장품,태평양화학,베스카인
태평양275,1994,화장품 및 보건용품,여성 기초화장품,여성 일반기초화장품,태평양화학,프리메라
태평양276,1994,화장품 및 보건용품,여성 기초화장품,여성 일반기초화장품,태평양화학,프리메라
태평양277,1994,화장품 및 보건용품,여성 기초화장품,여성 일반기초화장품,태평양화학,프리메라
태평양278,1994,화장품 및 보건용품,여성 기초화장품,여성 일반기초화장품,태평양화학,프리메라
태평양279,1994,화장품 및 보건용품,여성 기초화장품,여성 일반기초화장품,태평양화학,프리메라
태평양280,1994,화장품 및 보건용품,여성 기초화장품,여성 일반기초화장품,태평양화학,베스카인 UV화이트닝
태평양281,1994,화장품 및 보건용품,여성 기초화장품,여성 일반기초화장품,태평양화학,프리메라
태평양282,1994,화장품 및 보건용품,여성 기초화장품,여성 일반기초화장품,태평양화학,프리메라
태평양283,1994,화장품 및 보건용품,여성 기초화장품,여성 일반기초화장품,태평양화학,프리메라
태평양284,1994,화장품 및 보건용품,여성 기초화장품,여성 일반기초화장품,태평양화학,프리메라
태평양285,1994,화장품 및 보건용품,여성 기초화장품,여성 일반기초화장품,태평양화학,프리메라
태평양286,1994,제약 및 의료,근육 및 신경통제,근육통제,(주)태평양제약,케토톱
태평양287,1994,화장품 및 보건용품,여성 기초화장품,여성 일반기초화장품,태평양화학,프리메라
태평양288,1994,화장품 및 보건용품,여성 기초화장품,여성 일반기초화장품,태평양화학,설화
태평양289,1994,"금융,보험및 증권",금융 및 보험,신용카드,태평양화학,태평양 국민카드
태평양290,1994,화장품 및 보건용품,여성 기초화장품,여성 일반기초화장품,태평양화학,프리메라
태평양291,1994,화장품 및 보건용품,구강용품,치약,태평양화학,오복치약
태평양292,1997,화장품 및 보건용품,여성 기초화장품,여성 일반기초화장품,태평양화학,IOPE
태평양293,1997,화장품 및 보건용품,여성 기초화장품,여성 일반기초화장품,태평양화학,헤라
태평양294,1997,화장품 및 보건용품,모발 및 목욕용제,세안비누,태평양화학,두보레
태평양295,1997,화장품 및 보건용품,여성 기초화장품,여성 일반기초화장품,태평양화학,아모레
태평양296,1997,화장품 및 보건용품,여성 기초화장품,여성 일반기초화장품,태평양화학,헤라
태평양297,1997,화장품 및 보건용품,여성 기초화장품,여성 일반기초화장품,태평양화학,레티놀2500
태평양298,1997,화장품 및 보건용품,구강용품,치약,태평양화학,화이트 키스
태평양299,1997,화장품 및 보건용품,여성 색조화장품,눈 및 입술 색조화장품,태평양화학,라네즈 칼라파워
태평양300,1997,화장품 및 보건용품,여성 색조화장품,눈 및 입술 색조화장품,태평양화학,헤라UV프레쉬 메이컵
태평양301,1997,화장품 및 보건용품,여성 색조화장품,눈 및 입술 색조화장품,태평양화학,라네즈 모델
태평양302,1997,화장품 및 보건용품,여성 기초화장품,여성 일반기초화장품,태평양화학,스템3
태평양303,1997,화장품 및 보건용품,여성 기초화장품,여성 일반기초화장품,태평양화학,라네즈
태평양304,1997,화장품 및 보건용품,모발 및 목욕용제,정발료 및 헤어스타일링,태평양화학,스케치 멀티 코팅 헤어칼라
태평양305,1999,화장품 및 보건용품,여성 기초화장품,여성 일반기초화장품,태평양화학,헤라
태평양306,1999,화장품 및 보건용품,여성 기초화장품,여성 일반기초화장품,태평양화학,헤라
태평양307,1999,화장품 및 보건용품,여성 기초화장품,여성 일반기초화장품,태평양화학,헤라
태평양308,1999,화장품 및 보건용품,여성 기초화장품,여성 일반기초화장품,태평양화학,헤라 
태평양309,1999,화장품 및 보건용품,여성 기초화장품,여성 일반기초화장품,태평양화학,헤라
태평양310,1999,화장품 및 보건용품,여성 기초화장품,여성 일반기초화장품,태평양화학,헤라
태평양311,1999,화장품 및 보건용품,여성 기초화장품,여성 일반기초화장품,태평양화학,설화수
태평양312,1999,"금융,보험및 증권",금융 및 보험,생명보험,태평양생명,미즈 암보험
태평양313,1999,화장품 및 보건용품,방향 화장품,성인용 향수,태평양화학,ZEAL
태평양314,1999,화장품 및 보건용품,방향 화장품,성인용 향수,태평양화학,ZEAL
태평양315,1999,화장품 및 보건용품,여성 색조화장품,여성 색조화장품기타,태평양화학,네일케어
태평양316,1999,화장품 및 보건용품,여성 기초화장품,여성 일반기초화장품,태평양화학,아모레 카운셀러
태평양317,1999,"금융,보험및 증권",금융 및 보험,생명보험,태평양화학,암보험
태평양318,2000,화장품 및 보건용품,여성 기초화장품,여성 일반기초화장품,태평양화학,시네마-헤라
태평양321,2000,화장품 및 보건용품,여성 기초화장품,여성 일반기초화장품,태평양화학,헤라 D-100
태평양322,2000,화장품 및 보건용품,여성 기초화장품,여성 일반기초화장품,태평양화학,화이트포스비타겐
태평양323,2000,화장품 및 보건용품,여성 색조화장품,눈 및 입술 색조화장품,태평양화학,크로마나이츠 메이컵
태평양324,2000,화장품 및 보건용품,여성 기초화장품,여성 일반기초화장품,태평양화학,설화수
태평양325,2000,화장품 및 보건용품,여성 기초화장품,여성 일반기초화장품,태평양화학,타페타
태평양327,2000,화장품 및 보건용품,여성 기초화장품,여성 일반기초화장품,태평양화학,헤라 타페타
etc- (100),1958,관공서 및 단체,중앙 및 지방 관공서,중앙관공서,전매청,정부수립10주년 기념
etc- (101),1959,관공서 및 단체,중앙 및 지방 관공서,중앙관공서,전매청,리대통령 제84회 탄신기념
etc- (102),1957,관공서 및 단체,중앙 및 지방 관공서,중앙관공서,전매청,리대통령 제82회 탄신기념
etc- (103),1955,관공서 및 단체,중앙 및 지방 관공서,중앙관공서,전매청,해방10주년산업박람회기념
etc- (104),1946,관공서 및 단체,중앙 및 지방 관공서,중앙관공서,전매청,해방 일주년 기념진정품
etc- (105),1963,관공서 및 단체,중앙 및 지방 관공서,중앙관공서,전매청,경축 제5대 대통령 취임
etc- (106),1962,관공서 및 단체,중앙 및 지방 관공서,중앙관공서,전매청,516군사혁명 제1주년기념
etc- (107),1962,관공서 및 단체,중앙 및 지방 관공서,중앙관공서,전매청,516군사혁명 제1주년기념
etc- (108),1967,관공서 및 단체,중앙 및 지방 관공서,중앙관공서,전매청,독일연방공화국 뤼브케 대통령 각하 내외분 방문
etc- (109),1967,관공서 및 단체,중앙 및 지방 관공서,중앙관공서,전매청,독일연방공화국 뤼브케 대통령 각하 내외분 방문
etc- (110),1966,관공서 및 단체,중앙 및 지방 관공서,중앙관공서,전매청,존슨 미국 대통령 각하 내외분 방문
etc- (111),1968,관공서 및 단체,단체,민간단체,전매청,제1회 한국무역박람회
etc- (112),1969,관공서 및 단체,단체,민간단체,전매청,한국과학기술연구소 준공기념
etc- (113),1970,관공서 및 단체,단체,공공단체,전매청,경부 고속도로 준공
etc- (114),1970,관공서 및 단체,단체,공공단체,전매청,경부 고속도로 준공
etc- (115),1971,관공서 및 단체,중앙 및 지방 관공서,중앙관공서,전매청,제 7대 박정희 대통령 취임
etc- (116),1971,관공서 및 단체,중앙 및 지방 관공서,중앙관공서,전매청,제1회 박대통령컵 쟁탈 아시아 축구대회
etc- (117),1971,관공서 및 단체,단체,공공단체,전매청,지하철 제1호 착공기념
etc- (118),1971,관공서 및 단체,중앙 및 지방 관공서,중앙관공서,전매청,제7대 박정희 대통령 취임
etc- (119),1974,관공서 및 단체,단체,공공단체,전매청,서울 지하철 종로선 개통
etc- (120),1974,관공서 및 단체,단체,공공단체,전매청,서울 지하철 종로선 개통
etc- (121),1974,관공서 및 단체,단체,공공단체,전매청,수도권 전기철도 개통
etc- (122),1974,관공서 및 단체,단체,공공단체,전매청,수도권 전기철도 개통
etc- (123),1975,관공서 및 단체,단체,공공단체,전매청,국토횡단 전철개통
etc- (124),1975,관공서 및 단체,단체,공공단체,전매청,국토횡단 전철개통
etc- (125),1975,관공서 및 단체,단체,공공단체,전매청,국토횡단 전철개통
etc- (126),1978,관공서 및 단체,중앙 및 지방 관공서,중앙관공서,전매청,제 9대 박정희 대통령 취임
etc- (127),1978,관공서 및 단체,중앙 및 지방 관공서,중앙관공서,전매청,제 9대 박정희 대통령 취임
etc- (128),1979,관공서 및 단체,중앙 및 지방 관공서,중앙관공서,전매청,카터 미합중국 대통령 각하 내외분 방문
etc- (129),1979,관공서 및 단체,단체,민간단체,전매청,한국종합전시장 개장기념
etc- (130),1980,관공서 및 단체,단체,민간단체,전매청,미스유니버스
etc- (131),1980,관공서 및 단체,중앙 및 지방 관공서,중앙관공서,전매청,제11대 전두환 대통령 취임
etc- (132),1982,관공서 및 단체,중앙 및 지방 관공서,중앙관공서,전매청,"전두환 각하 내외분 케냐,나이지리아,가봉,세네갈 및 카나다 공식 방문"
etc- (133),1983,관공서 및 단체,중앙 및 지방 관공서,중앙관공서,전매청,로날드레이건 미합중국 대통령 각하 내외분 방문
etc- (134),1984,관공서 및 단체,단체,공공단체,전매청,서울지하철 2호선 전구간 개통
etc- (135),1984,관공서 및 단체,단체,공공단체,전매청,88올림픽 고속도로 개통
etc- (136),1986,관공서 및 단체,중앙 및 지방 관공서,중앙관공서,전매청,제10회 아시아경기대회-마라톤
etc- (137),1986,관공서 및 단체,중앙 및 지방 관공서,중앙관공서,전매청,제10회 아시아경기대회-축구
etc- (138),1987,그룹 및 기업광고,그룹광고,그룹PR,한국전매공사,전화 1000만 회선 돌파기념
etc- (139),1988,관공서 및 단체,중앙 및 지방 관공서,중앙관공서,한국전매공사,제13대 노태우  대통령 취임
etc- (140),1988,관공서 및 단체,중앙 및 지방 관공서,중앙관공서,한국전매공사,88서울 올림픽 기념-그네
etc- (141),1988,관공서 및 단체,중앙 및 지방 관공서,중앙관공서,한국전매공사,88서울 올림픽 기념-항원정
etc- (142),1988,관공서 및 단체,중앙 및 지방 관공서,중앙관공서,한국전매공사,88서울 올림픽 기념-국립중앙박물관
etc- (143),1988,관공서 및 단체,중앙 및 지방 관공서,중앙관공서,한국전매공사,89서울 올림픽 기념-경화루
etc- (144),1968,관공서 및 단체,중앙 및 지방 관공서,중앙관공서,전매청,간첩 찾아내기 운동
etc- (145),1968,관공서 및 단체,중앙 및 지방 관공서,중앙관공서,전매청,간첩 찾아내기 운동
etc- (146),1987,관공서 및 단체,중앙 및 지방 관공서,중앙관공서,중앙선거관리위원회,제13대 국회의원 선거
etc- (147),1988,관공서 및 단체,단체,공공단체,한국전매공사,올림픽 생활영어
etc- (148),1989,관공서 및 단체,단체,공공단체,한국전매공사,서울지하철 노선도
etc- (149),1991,관공서 및 단체,단체,공공단체,한국담배인삼공사,5대 더하기 운동-음식찌꺼기
etc- (150),1991,관공서 및 단체,단체,공공단체,한국담배인삼공사,5대 더하기 운동-30분 일더하기
etc- (151),1987,관공서 및 단체,단체,공공단체,한국전매공사,미아찾기-정희택
etc- (152),1987,관공서 및 단체,단체,공공단체,한국전매공사,미아찾기-장성원
etc- (153),1987,관공서 및 단체,단체,공공단체,한국전매공사,미아찾기-박현태
etc- (154),1989,관공서 및 단체,중앙 및 지방 관공서,지방자치단체,한국담배인삼공사,충주시 담배
etc- (155),1989,관공서 및 단체,중앙 및 지방 관공서,지방자치단체,한국담배인삼공사,제9회 청주 시민의 날
etc- (156),1989,관공서 및 단체,중앙 및 지방 관공서,지방자치단체,한국담배인삼공사,93국제무역산업박람회는 대전에서
etc- (157),1989,관공서 및 단체,중앙 및 지방 관공서,지방자치단체,한국담배인삼공사,서산군의 담배
etc- (158),1989,관공서 및 단체,중앙 및 지방 관공서,지방자치단체,한국담배인삼공사,태안군의 담배
etc- (159),1989,관공서 및 단체,중앙 및 지방 관공서,지방자치단체,한국담배인삼공사,90년 전국민속예술경연대회 제주
etc- (160),1990,관공서 및 단체,중앙 및 지방 관공서,지방자치단체,한국담배인삼공사,부산담배
etc- (161),1990,관공서 및 단체,중앙 및 지방 관공서,지방자치단체,한국담배인삼공사,해남군 애향담배
etc- (162),1990,관공서 및 단체,중앙 및 지방 관공서,지방자치단체,한국담배인삼공사,자랑스러운 경북
etc- (163),,관공서 및 단체,중앙 및 지방 관공서,지방자치단체,한국담배인삼공사,자랑스러운 경북
etc- (164),1975,정밀기기 및 사무,시계,패션시계,한국시티즌시계,현대인의 맥박 시티즌 브락키
etc- (165),,수송기기,수송기기 기타,수송기기 기업PR,하동환자동차,각종특장차 및 차륜제조
etc- (166),,화장품 및 보건용품,남성 화장품,남성 기초화장품,태평양화장품,바이스터
etc- (167),,그룹 및 기업광고,그룹광고,그룹PR,고원원양어업,고원원양어업 주식회사
etc- (168),,그룹 및 기업광고,그룹광고,그룹PR,고원원양어업,고원원양어업 주식회사-백두산호
etc- (169),1975,그룹 및 기업광고,그룹광고,그룹PR,광명인쇄공사,광명인쇄공사 창립24주년 1
etc- (170),1975,그룹 및 기업광고,그룹광고,그룹PR,광명인쇄공사,광명인쇄공사 창립24주년 2
etc- (171),,정밀기기 및 사무,시계,패션시계,한국시티즌시계,현대인의 맥박
etc- (172),,제약 및 의료,농축산약제,농약,한국농약주식회사,마세트
etc- (173),,그룹 및 기업광고,그룹광고,그룹PR,한양투자금융,고객의 성원에 감사랍합니다
etc- (174),,그룹 및 기업광고,그룹광고,그룹PR,성도증권,부푼내일 보람찬 투자
etc- (175),,수송기기,수송기기 기타,수송기기 기업PR,하동환자동차,각종특장차 및 차륜제조
etc- (176),,그룹 및 기업광고,그룹광고,그룹PR,한영공업주식회사,"변압기,모타,펌프"
etc- (177),,관공서 및 단체,중앙 및 지방 관공서,지방자치단체,경주시청,신라문화재
etc- (178),,관공서 및 단체,단체,공공단체,국제기능올림픽위원회,제24회국제기능올림픽대회
etc- (179),,그룹 및 기업광고,그룹광고,그룹PR,해운항만청,제4회 해운의 날 기념
etc- (180),1980,관공서 및 단체,단체,민간단체,한국관광호텔,제7회 세계관광의 날 기념
etc- (181),1981,관공서 및 단체,단체,공공단체,안전공사,광복 36주년
etc- (182),1981,관공서 및 단체,단체,민간단체,(사)한국청년회의소,제30차 전국회원대회
etc- (183),,그룹 및 기업광고,그룹광고,그룹PR,가로등,시티 라이트 city Light
etc- (184),1983,그룹 및 기업광고,그룹광고,그룹PR,명동다방,명동다방
etc- (185),1982,관공서 및 단체,단체,공공단체,한국관광협회중앙회,제9회 세계관광의 날 기념
etc- (186),,그룹 및 기업광고,그룹광고,그룹PR,크라운전기교역상사,크라운전기교역상사
etc- (187),,그룹 및 기업광고,그룹광고,그룹PR,명동다방,명동다방
etc- (188),,서비스,음식 및 숙박,호텔,(주)워커힐,쉐라톤워커힐
etc- (189),,그룹 및 기업광고,그룹광고,그룹PR,Poeme,커피숍
etc- (190),,관공서 및 단체,단체,민간단체,한구청년회의소,제31차전국회원대회
etc- (191),,서비스,음식 및 숙박,대중음식점,늘봄공원,숯불갈비 냉면
etc- (192),,그룹 및 기업광고,그룹광고,그룹PR,영월수퍼마,영월수퍼마
etc- (193),1983,관공서 및 단체,중앙 및 지방 관공서,중앙관공서,감사원,개원 제20주년
etc- (194),1983,"금융,보험및 증권",금융 및 보험,손해보험,동방생명보험㈜,단체대형보장보험
etc- (195),1983,"금융,보험및 증권",금융 및 보험,손해보험,동방생명보험㈜,내일을 대비하는 마음이 있는 곳에는
etc- (196),1983,관공서 및 단체,단체,단체기타,국제라이온즈협회,우리는 봉사한다
etc- (197),1983,서비스,음식 및 숙박,호텔,아주산업(주)서교호텔,개관 100일기념
etc- (198),1983,그룹 및 기업광고,그룹광고,그룹PR,한국디젤기기㈜,한국디젤기기
etc- (199),,서비스,음식 및 숙박,호텔,(주)워커힐,쉐라톤워커힐
etc- (200),,그룹 및 기업광고,그룹광고,그룹PR,운남교역회사,운남교역주식회사
etc- (201),1983,관공서 및 단체,중앙 및 지방 관공서,중앙관공서,법무부,제20회 법의날 기념
etc- (202),1983,그룹 및 기업광고,그룹광고,그룹PR,런던사라,런던라사
etc- (203),,그룹 및 기업광고,그룹광고,그룹PR,대우전자남원대리점,대우전자남원대리점
etc- (204),1983,서비스,음식 및 숙박,호텔,㈜소양관광호텔,제1회 소양제
etc- (205),1983,관공서 및 단체,단체,단체기타,국제라이온즈협회,지구회관준공
etc- (206),,그룹 및 기업광고,그룹광고,그룹PR,"㈜유영, ㈜우성","㈜유영, ㈜우성"
etc- (207),,관공서 및 단체,중앙 및 지방 관공서,지방자치단체,남원시청,제53회 춘향제
etc- (208),1983,그룹 및 기업광고,그룹광고,그룹PR,신용협동조합중앙회,신용협동조합세계대회
etc- (209),,수송기기,승합차,소형승합차,기아산업,봉고
etc- (210),1983,그룹 및 기업광고,그룹광고,그룹PR,한국투자금융,창립12주년기념
etc- (211),,서비스,서비스 기타,서비스 기업PR,신남휴게소,신남휴게소
etc- (212),,서비스,서비스 기타,서비스 기업PR,영동레저산업주식회사,소사휴게소(상행선)
etc- (213),,서비스,개인서비스,결혼예식업,가든예식장,여의도 가든예식장
etc- (214),,가정용 전기전자,음향기기,가정용 카세트,문화어연,정철카세트
etc- (215),,수송기기,승합차,소형승합차,기아산업,봉고
etc- (216),,그룹 및 기업광고,그룹광고,그룹PR,㈜한일기업사,고객여러분의 후의에 감사드리며
etc- (217),1983,관공서 및 단체,단체,민간단체,서대전청년회의소,제14차 충남지구JC회원대회
etc- (218),,가정용 전기전자,음향기기,가정용 카세트,문화어연,외국인 대하기가 즐거워졌다
etc- (219),1983,서비스,서비스 기타,서비스 기업PR,신남휴게소,개소 1주년 기념
etc- (220),1983,"건설,건재 및 부동산",부동산 임대 및 매매,상가 임대 및 매매,중앙개발상사,중앙시장 신축상가 개장
etc- (221),,"금융,보험및 증권",금융 및 보험,은행,농협협동조합중앙회,무궁화 저축공제
etc- (222),1983,관공서 및 단체,단체,민간단체,북인천청년회의소,제32차 JCA전국 회원대회
etc- (223),,서비스,여행,여행알선,세진관광,설악산에서 제주도까지
etc- (224),,관공서 및 단체,단체,민간단체,부산동북청년회의소,제14차 부산지구회원대회
etc- (225),,음료 및 기호식품,비알콜음료,콜라,우성식품주식회사,코카콜라 그것 뿐
etc- (226),1983,서비스,서비스 기타,서비스 기업PR,합강제 추진위원회,제1회 합강제
etc- (227),,그룹 및 기업광고,그룹광고,그룹PR,삼성전자(주),국내최초 400만대 생상돌파
etc- (228),1983,그룹 및 기업광고,그룹광고,그룹PR,삼성전자(주),5억불탑 수상기념
etc- (229),,그룹 및 기업광고,그룹광고,그룹PR,기아산업,창림 40주년
etc- (230),1983,그룹 및 기업광고,그룹광고,그룹PR,(주)광주은행,창립 15주년
etc- (231),,관공서 및 단체,관공서 및 단체 기타,관공서 및 단체 기업PR,서울 남부터미널 주식회사,100억 돌파기념
etc- (232),,출판,신문,중앙신문,서울신문사,서울신문
etc- (233),,서비스,음식 및 숙박,호텔,아주산업(주)서교호텔,정성깃든 서어비스
etc- (234),,"금융,보험및 증권","금융,보험 및 증권기타","금융,보험 및 증권 기업PR",동방생명보험㈜,성실과 신뢰로 봉사하는
etc- (235),,서비스,개인서비스,카센터,1급주례정비공장,1급주례정비공장
etc- (236),1984,관공서 및 단체,단체,공공단체,전매청,서울지하철2호선 전구간 개통
etc- (237),,"건설,건재 및 부동산","건설,건재 및 부동산 기타","건설,건재 및 부동산 기업PR",동아콘소시움,리비아 대수로공사
etc- (238),,"금융,보험및 증권","금융,보험 및 증권기타","금융,보험 및 증권 기업PR",안국화재해상보험,VIP와 가족을 위한 상해보험 판매기념
etc- (239),,서비스,음식 및 숙박,대중음식점,옥포 만리장성,옥포 만리장성
etc- (240),,그룹 및 기업광고,그룹광고,그룹PR,새마을주유소,개업 6주년 기념
etc- (241),,수송기기,승합차,소형승합차,기아산업,봉고2
etc- (242),,관공서 및 단체,관공서 및 단체 기타,관공서 및 단체 기업PR,전매청,상공회의소창립 100주년 기념
etc- (243),,서비스,서비스 기타,서비스 기업PR,한계령휴게소,설악의 명소 한계령휴게소
etc- (244),,"금융,보험및 증권",금융 및 보험,손해보험,안국화재해상보험,자동차보험
etc- (245),,기초재,"석탄,석유 및 가스",가스,운암가스,LPG
etc- (246),,"금융,보험및 증권",금융 및 보험,손해보험,한국자동차보험,자동차보험은 역시 한국자동차보험
etc- (247),1985,서비스,운송,버스운송,중앙고속운수(주),안전하고 편안한 중앙고속
etc- (248),1985,제약 및 의료,대사성의약,간장치료제,부광약품공업(주),액체 간장약 레가론
etc- (249),1985,서비스,서비스 기타,서비스 기업PR,철정휴게소,방문기념
etc- (250),1985,관공서 및 단체,단체,공공단체,부산지하철공사,부산지하철 1호선 1단계 구간 개통
etc- (251),1985,서비스,서비스 기타,서비스 기업PR,새유림식당,이전확장개업
etc- (252),1985,서비스,서비스 기타,서비스 기업PR,"용두,신남휴게소","용두,신남주유소"
etc- (253),1985,서비스,음식 및 숙박,호텔,인천올림푸스호텔,희전호텔
etc- (254),1985,서비스,음식 및 숙박,호텔,인천올림푸스호텔,인천올림푸스호텔
etc- (255),1985,"금융,보험및 증권",금융 및 보험,손해보험,한국자동차보험,한국자동차보험㈜
etc- (256),1985,"금융,보험및 증권",금융 및 보험,은행,광주우체국,"체신예금,체신보험"
etc- (257),1985,서비스,음식 및 숙박,대중음식점,석정갈비(광주),석정갈비
etc- (258),1986,관공서 및 단체,단체,단체기타,국제라이온즈협회,제8차 지구 연차대회
etc- (259),1986,서비스,음식 및 숙박,대중음식점,호림식당,호림
etc- (260),1986,서비스,음식 및 숙박,호텔,제주프린스호텔,제주프린스호텔
etc- (261),1986,"금융,보험및 증권","금융,보험 및 증권기타","금융,보험 및 증권 기업PR",서울투자금융,을지로 입구 신사옥
etc- (262),1986,관공서 및 단체,단체,민간단체,중부산청년회의소,1986중부산 컨퍼런스
etc- (263),1986,서비스,서비스 기타,서비스 기업PR,곤지암휴게소,방문기념
etc- (264),1987,서비스,음식 및 숙박,호텔,리오호텔(구미),리오호텔
etc- (265),1986,서비스,서비스 기타,서비스 기업PR,동해휴게소(삼척),동해휴게소
etc- (266),1989,서비스,서비스 기타,서비스 기업PR,동해휴게소(삼척),청주시 출장소개청
etc- (267),1989,관공서 및 단체,중앙 및 지방 관공서,지방자치단체,평택시청,제70회 전국체육대회성원/제4회 평택 시민의 날
etc- (268),1990,관공서 및 단체,단체,민간단체,포항청년회의소,제39차 JC전국회원대회
etc- (269),1988,관공서 및 단체,단체,민간단체,대구수성청년회의소,제7차 대구지구JC회원대회
etc- (270),1987,관공서 및 단체,중앙 및 지방 관공서,지방자치단체,태양종합건설 광주,떠오르는 태양
etc- (271),1987,서비스,서비스 기타,서비스 기업PR,정보통신공사,87정보통신의해
etc- (272),1991,서비스,음식 및 숙박,음식 및 숙박 기타,혁성물산,꼬랑치킨
etc- (273),,관공서 및 단체,단체,민간단체,한인회,미국독립 200주년 축하
etc- (274),1989,관공서 및 단체,단체,민간단체,LA한인회,한국담배인삼공사 기증담배
etc- (275),1976,관공서 및 단체,관공서 및 단체 기타,관공서 및 단체 기업PR,몬트리올올림픽선수단,기증용
etc- (276),1982,관공서 및 단체,관공서 및 단체 기타,관공서 및 단체 기업PR,전매청,광복37주년 기증용
etc- (277),,서비스,운송,항공여객운송,(주)대한항공,증정용
etc- (278),,관공서 및 단체,관공서 및 단체 기타,관공서 및 단체 기업PR,전매청,축 새해 증정용
etc- (279),,관공서 및 단체,관공서 및 단체 기타,관공서 및 단체 기업PR,전매청,전매청장 조충훈 증정
etc- (280),,관공서 및 단체,관공서 및 단체 기타,관공서 및 단체 기업PR,업체불명,대통령선물용
etc- (281),,관공서 및 단체,관공서 및 단체 기타,관공서 및 단체 기업PR,업체불명,대통령 하사연초
etc- (282),,관공서 및 단체,관공서 및 단체 기타,관공서 및 단체 기업PR,전매청,축신년
etc- (283),,관공서 및 단체,관공서 및 단체 기타,관공서 및 단체 기업PR,전매청,대통령선물용2
etc- (284),1966,관공서 및 단체,관공서 및 단체 기타,관공서 및 단체 기업PR,파월장병 하사,월남 전선에서
etc- (285),,화학공업,고무 및 플라스틱,타이어,전매청,한국타이어
etc- (286),,식품,면류,봉지 인스턴트 면류,삼양식품(주),삼양라면
etc- (287),,제약 및 의료,소화위장약,소화제,동아제약(주),베스타제
etc- (288),,식품,제과,스낵,롯데제과(주),하이호 크랙카
etc- (289),,식품,면류,봉지 인스턴트 면류,삼양식품(주),삼양라면
etc- (290),,화학공업,고무 및 플라스틱,타이어,한국타이어(주),한국타이어
etc- (291),1972,식품,제과,껌,롯데제과(주),바브민트껌
etc- (292),1973,패션,패션 기타,패션 기업PR,제일합섬,제일모직
etc- (293),,"금융,보험및 증권",금융 및 보험,은행,농협협동조합중앙회,농협공제
etc- (294),1973,제약 및 의료,진통제 및 안정제,해열 및 진통제,(주)종근당,사리돈
etc- (295),1973,"금융,보험및 증권",금융 및 보험,은행,농협협동조합중앙회,농협공제
etc- (296),1973,"금융,보험및 증권",금융 및 보험,은행,한국산업은행,산업금융채권
etc- (297),1973,패션,패션 기타,패션 기업PR,(주)한일합섬,한일 카시미론
etc- (298),1973,식품,제과,스낵,해태제과식품(주)서울지점,해태 조니 크랙카
etc- (299),1973,가정용 전기전자,냉방 및 공기청정기,선풍기,대한전선,대한 선풍기
etc- (300),1973,그룹 및 기업광고,그룹광고,그룹PR,(주)대농,수출종합상사로 합병
etc- (301),1973,식품,제과,껌,해태제과식품(주)서울지점,해태껌
etc- (302),1973,수송기기,승용자동차,중형승용차,지엠코리아,시보레1700
etc- (303),1973,그룹 및 기업광고,그룹광고,그룹PR,동국제약(주),동국제강
etc- (304),,"금융,보험및 증권",금융 및 보험,은행,주식회사한국주택은행,주택복권
etc- (305),1973,식품,제빵,"빵,케익 및 떡",(주)삼립식품,건강제일 삼립빵
etc- (306),1973,음료 및 기호식품,알콜음료,맥주,크라운맥주,크라운맥주
etc- (307),1973,음료 및 기호식품,알콜음료,맥주,오비맥주(주),OB맥주
etc- (308),1973,제약 및 의료,대사성의약,성인 종합영양제,(주)유한양행,삐콤
etc- (309),1973,그룹 및 기업광고,그룹광고,그룹PR,포항종합제철(주),세계로 뻗는 한국의 철강
etc- (310),,그룹 및 기업광고,그룹광고,그룹PR,(주)미원,미원
etc- (311),1973,음료 및 기호식품,알콜음료,소주,백화양조,더욱 정선된 맛 백화소주
etc- (312),1973,제약 및 의료,소화위장약,십이지장 및 위궤양제,일동제약(주) ,암포젤 엠
etc- (313),1973,제약 및 의료,진통제 및 안정제,해열 및 진통제,동화약품공업(주),타리돈
etc- (314),1973,음료 및 기호식품,알콜음료,소주,백화양조,다정한 당신의 벗 백화소주
etc- (315),1973,그룹 및 기업광고,그룹광고,그룹PR,태평양화학,세계로 향한 화장품과 의약품의 메이커
etc- (316),1973,식품,제과,초코릿,(주)오리온,님에게 쪼꼬
etc- (317),1973,그룹 및 기업광고,그룹광고,그룹PR,(주)미도파,(주)미도파
etc- (318),,식품,조미향신료,장류,샘표식품(주),샘표간장-아빠 일찍 들어오세요
etc- (319),1973,패션,패션 신변용품,스타킹,태평특수섬유,캉캉 쌍쌍 팬티 스타킹
etc- (320),1973,식품,조미향신료,설탕 및 꿀,(주)삼양사,삼양설탕 365일 달콤하게
etc- (321),,제약 및 의료,소화위장약,소화제,(주)한독약품,훼스탈
etc- (322),1973,가정용 전기전자,영상기기,TV,금성TV,금성 텔레비전
etc- (323),1973,음료 및 기호식품,알콜음료,소주,(주)진로,진로소주
etc- (324),1973,"금융,보험및 증권",금융 및 보험,은행,한국상업은행(주),고객과 더불어 번영하는
etc- (325),1973,그룹 및 기업광고,그룹광고,그룹PR,쌍용시멘트,쌍용
etc- (326),1973,제약 및 의료,소화위장약,십이지장 및 위궤양제,일양약품(주),노루모
etc- (327),1973,그룹 및 기업광고,그룹광고,그룹PR,(주)코오롱,코오롱
etc- (328),1973,그룹 및 기업광고,그룹광고,그룹PR,기아산업,종합자동차공장가동
etc- (329),1973,"금융,보험및 증권",금융 및 보험,은행,조흥은행,근면저축
etc- (330),1973,그룹 및 기업광고,그룹광고,그룹PR,성창합판,새로움을 창조하는 성창합판
etc- (331),1973,그룹 및 기업광고,그룹광고,그룹PR,대성합판,대성합판
etc- (332),1973,관공서 및 단체,단체,공공단체,전매청,"호남,남해 고속도로 준공"
etc- (333),,가정용 전기전자,가정용 전기전자 기타,가정용 전기전자 기타,대우기계,드레스 미싱
etc- (334),1974,식품,조미향신료,조미향신료 기타,미우너통조림,미원표 통조림
etc- (335),,제약 및 의료,대사성의약,자양강장제,(주)유한양행,헤가톤
etc- (336),1974,음료 및 기호식품,알콜음료,맥주,오비맥주(주),OB맥주2
etc- (337),1974,수송기기,수송기기 기타,수송기기 기업PR,현대자동차(주),제7회 아시아 경기대회
etc- (338),1974,음료 및 기호식품,알콜음료,소주,(주)진로,진로
etc- (339),1974,식품,아이스크림,스틱 및 바,대일유업,퍼모스트 우유 아이스크림
etc- (340),1974,음료 및 기호식품,알콜음료,맥주,크라운맥주,보람찬 생활속에 크라운 맥주
etc- (341),,화장품 및 보건용품,남성 화장품,남성 기초화장품,태평양화학,남성화장품 비크멘스
etc- (342),1974,음료 및 기호식품,알콜음료,포도주 및 과실주,(주)금복주,금복주
etc- (343),1975,제약 및 의료,소화위장약,십이지장 및 위궤양제,일양약품(주),노루모
etc- (344),1975,화장품 및 보건용품,남성 화장품,남성 기초화장품,맨담화장품,맨담 한국화장품공업㈜
etc- (345),1975,그룹 및 기업광고,그룹광고,그룹PR,(주)금복주,제 56회 전국 체육대회
etc- (346),,그룹 및 기업광고,그룹광고,그룹PR,한국투자금융,국내최초의 단자회사
etc- (347),,"금융,보험및 증권",금융 및 보험,은행,산업금융채권,높은수익 비과세
etc- (348),,"금융,보험및 증권",금융 및 보험,은행,산업금융채권,높은수익 비과세
etc- (349),1978,"금융,보험및 증권",금융 및 보험,은행,대한금융단,자유적림예금
etc- (350),1978,"금융,보험및 증권",금융 및 보험,은행,한국투자금융,창립 7주년 기념
etc- (351),1977,"금융,보험및 증권",금융 및 보험,은행,산업금융채권,높은수익 비과세
etc- (352),1978,"금융,보험및 증권",금융 및 보험,은행,대한금융단,저축은 국력
etc- (353),,그룹 및 기업광고,그룹광고,그룹PR,대동공업㈜,대동공업
etc- (354),,그룹 및 기업광고,그룹광고,그룹PR,내무부,불조심
etc- (355),,"금융,보험및 증권",금융 및 보험,은행,산업금융채권,높은수익 산업금융채권
etc- (356),1981,그룹 및 기업광고,그룹광고,그룹PR,포항종합제철(주),850만톤 종합준공
etc- (357),1979,"금융,보험및 증권",금융 및 보험,은행,산업금융채권,비과세 산업금융채권
etc- (358),1982,제약 및 의료,대사성의약,성인 종합영양제,(주)대웅제약,경축 88서울올림픽
etc- (359),1982,음료 및 기호식품,비알콜음료,오렌지주스,(주)펭귄종합식품,펭귄 알알이 오렌지 주스
etc- (360),,화장품 및 보건용품,구강용품,치약,럭키,럭키 화이트F
etc- (361),,화장품 및 보건용품,구강용품,치약,럭키,럭키 페리오치약
etc- (362),1982,화장품 및 보건용품,구강용품,치약,럭키,"페리오, 화이트F, 크리스탈 치약"
etc- (363),1982,제약 및 의료,대사성의약,자양강장제,(주)한일양행,쌍금탕
etc- (364),1982,화장품 및 보건용품,모발 및 목욕용제,"샴푸,린스",럭키,드봉 샴푸 린스
etc- (365),1983,화학공업,화학제품,화학제품 기타,파이롯트라이터,사용하신분만 아는 빠이롯드 가스라이타
etc- (366),1983,제약 및 의료,진통제 및 안정제,신경안정제,조선무약(자),솔표 우황청심원
etc- (367),1982,"금융,보험및 증권",금융 및 보험,은행,(주)한국장기신용은행,재산증식의 지름길
etc- (368),,화장품 및 보건용품,구강용품,치약,럭키,잇몸질환 충치예방
etc- (369),,화장품 및 보건용품,구강용품,치약,럭키,잇몸에서 피가나고
etc- (370),1983,화학공업,화학제품,화학제품 기타,크라운 라이타,코리아 크라운
etc- (371),1983,"금융,보험및 증권",금융 및 보험,은행,산업금융채권,높은수익 산업금융채권
etc- (372),1983,화학공업,화학제품,화학제품 기타,한국도카이정기㈜,사용하신분만 아는 빠이롯드 가스라이타
etc- (373),1983,그룹 및 기업광고,그룹광고,그룹PR,(주)대우,창립 46주년 기념
etc- (374),1983,"금융,보험및 증권",금융 및 보험,은행,농협협동조합중앙회,계약고의 최고 30배 보장
etc- (375),1983,화장품 및 보건용품,모발 및 목욕용제,세안비누,럭키,상쾌해요 라임향기 화비누
etc- (376),1983,화장품 및 보건용품,모발 및 목욕용제,"샴푸,린스",럭키,나너샴푸
etc- (377),,제약 및 의료,대사성의약,성인 종합영양제,(주)대웅제약,게므론
etc- (378),,제약 및 의료,소화위장약,십이지장 및 위궤양제,(주)대웅제약,미란타
etc- (379),1983,식품,수산품,수산통조림,동아제분,참치의 참맛 동아 살코기 씨 치킨
etc- (380),1983,관공서 및 단체,관공서 및 단체 기타,관공서 및 단체 기업PR,한국관광공사,83 ASTA한국총회
etc- (381),1984,화장품 및 보건용품,구강용품,치약,럭키,솔트치약
etc- (382),1986,"금융,보험및 증권",금융 및 보험,"할부금융,캐피탈",서울투자금융,을지로 입구 신사옥 이전 기념
etc- (383),1985,화장품 및 보건용품,구강용품,치약,럭키,코니코 치약1
etc- (384),1985,화장품 및 보건용품,구강용품,치약,럭키,코니코 치약2
etc- (385),1985,식품,축산품,햄 및 소시지,한국냉장(주),위생란 햄쏘세지
etc- (386),,"금융,보험및 증권",금융 및 보험,은행,농협협동조합중앙회,도시에서도 농협에서도 
etc- (387),1985,"금융,보험및 증권","금융,보험 및 증권기타","금융,보험 및 증권 기업PR",대한투자금융,확실한주자 행복한 미래
etc- (388),1984,화장품 및 보건용품,구강용품,치약,럭키,럭키 아쿠아 후레시 치약
etc- (389),,제약 및 의료,대사성의약,자양강장제,태평양화학,파낙스 인삼의 진한맛
etc- (390),,"건설,건재 및 부동산",건설,건설,(주)청구,그린맨션
etc- (391),,제약 및 의료,소화위장약,십이지장 및 위궤양제,(주)대웅제약,속쓰린 위장병에 미란타
etc- (392),1984,"금융,보험및 증권",금융 및 보험,은행,국민투자신탁(주),대구지점 개점
etc- (393),1984,화학공업,화학제품,화학제품 기타,크라운전자라이타,주입식 크라운전자라이타
etc- (394),1987,가정용품,악기류,악기류 기타,영도상사,건강파이프 하모니
etc- (395),1987,화장품 및 보건용품,남성 화장품,남성 기초화장품,라미화장품(주),무스탕 바람
etc- (396),1986,화장품 및 보건용품,구강용품,구강청정제,동아제약(주),가그린 민트
etc- (397),,"금융,보험및 증권",금융 및 보험,"할부금융,캐피탈",산업금융채권,산업금융채권
etc- (398),1987,"금융,보험및 증권","금융,보험 및 증권기타","금융,보험 및 증권 기업PR",(주)제일화재해상보험,신용카드로 보험료납입
etc- (399),1987,그룹 및 기업광고,그룹광고,그룹PR,포항종합제철(주),광양제철소준공
etc- (400),1987,수송기기,승합차,소형승합차,현대자동차(주),현대 그레이스
etc- (401),1987,서비스,음식 및 숙박,호텔,(주)워커힐,워커힐쇼 파리온 아이스쇼
etc- (402),1987,화장품 및 보건용품,구강용품,구강청정제,럭키,구강청정제 럭키 에티켓
etc- (403),1987,서비스,음식 및 숙박,호텔,(주)워커힐,사랑의 우대권
etc- (404),1987,"금융,보험및 증권","금융,보험 및 증권기타","금융,보험 및 증권 기업PR",동아투자금융,동아투자금융
etc- (405),1987,그룹 및 기업광고,그룹광고,그룹PR,포항종합제철(주),광양제철소준공2
etc- (406),1988,서비스,음식 및 숙박,호텔,(주)워커힐,허리우드쇼
etc- (407),,제약 및 의료,대사성의약,성인 종합영양제,대웅제약,우루사
etc- (408),1988,제약 및 의료,대사성의약,대사성의약 기타,한국전매공사,홍삼
etc- (409),,제약 및 의료,대사성의약,대사성의약 기타,한국전매공사,홍삼
etc- (410),,"금융,보험및 증권",금융 및 보험,은행,산업금융채권,산업금융채권2
etc- (411),1988,화학공업,화학제품,화학제품 기타,스파크라이타,불과함께 40년
etc- (412),1989,서비스,음식 및 숙박,호텔,(주)워커힐,워커힐스 봉스와 샹젤리제
etc- (413),1989,"금융,보험및 증권","금융,보험 및 증권기타","금융,보험 및 증권 기업PR",증권홍보협의회,증권 투자는 자신의 판단과 책임으로-레드
etc- (414),1989,"금융,보험및 증권","금융,보험 및 증권기타","금융,보험 및 증권 기업PR",증권홍보협의회,증권 투자는 자신의 판단과 책임으로-블루
etc- (415),1989,음료 및 기호식품,알콜음료,소주,보해양조(주),무사카린 보해소주
etc- (416),1989,"금융,보험및 증권",금융 및 보험,투자신탁,동방상호신용금고,500만원이 1년후 571만원
etc- (417),1988,제약 및 의료,대사성의약,대사성의약 기타,한국전매공사,홍삼
etc- (418),1989,"금융,보험및 증권",금융 및 보험,은행,농협협동조합중앙회,"이자도 받고, 보험도 들고"
etc- (419),1989,제약 및 의료,대사성의약,대사성의약 기타,한국담배인삼공사,6년근 홍삼의 기를 마시자
etc- (420),1989,"금융,보험및 증권",금융 및 보험,은행,동방상호신용금고,500만원이 1년후 571만원
etc- (421),1989,제약 및 의료,대사성의약,대사성의약 기타,한국담배인삼공사,6년근 홍삼의 신비를 마시자
etc- (422),1989,"금융,보험및 증권",금융 및 보험,신용카드,비씨카드(주),국내최초 회원200만 돌파
etc- (423),1989,"금융,보험및 증권",금융 및 보험,은행,(주)한국외환은행,자녀를 위한 선물 1~5년제 금융채권
etc- (424),1989,제약 및 의료,대사성의약,대사성의약 기타,한국담배인삼공사,귀한분께 선물하십시오
etc- (425),,식품,수산품,건수산품,기선권현망수산업협동조합,한려수도특산 멸치
etc- (426),1989,화학공업,화학제품,밧데리,한국전자,아트라스
etc- (427),1989,"금융,보험및 증권","금융,보험 및 증권기타","금융,보험 및 증권 기업PR",증권홍보협의회,증권 투자는 자신의 판단과 책임으로-그린
etc- (428),1989,가정용 전기전자,가정용 전기전자 기타 ,가정용 전기전자 기타,광신전자,헤어드라이어 전문메이커
etc- (429),1989,제약 및 의료,대사성의약,대사성의약 기타,한국담배인삼공사,귀한분께 선물하십시오2
etc- (430),1990,제약 및 의료,대사성의약,대사성의약 기타,한국담배인삼공사,홍삼선물세트
etc- (431),1990,"금융,보험및 증권",금융 및 보험,투자신탁,동방상호신용금고,2년후 수익률
etc- (432),1989,"금융,보험및 증권","금융,보험 및 증권기타","금융,보험 및 증권 기업PR",증권홍보협의회,증권 투자는 자신의 판단과 책임으로-그린2
etc- (433),1990,음료 및 기호식품,알콜음료,소주,보해양조(주),무사카린 보해소주
etc- (434),1990,제약 및 의료,제약 및 의료 기타,제약 및 의료 기업PR,(주)중외제약,스로딩
etc- (435),,관공서 및 단체,단체,민간단체,경제단체협의회,우리직장 노사화합 나라발전 초석된다
etc- (436),,제약 및 의료,대사성의약,대사성의약 기타,한국담배인삼공사,미지의 맛 알카리성 건강음료
etc- (437),1990,서비스,서비스 기타,서비스 기업PR,모스크바써커스단,한국최초공연
etc- (438),,제약 및 의료,제약 및 의료 기타,제약 및 의료 제품종합,한국담배인삼공사,강장삼 
etc- (439),,제약 및 의료,대사성의약,대사성의약 기타,한국담배인삼공사,홍삼파워캡슐
etc- (440),,"금융,보험및 증권",금융 및 보험,은행,(주)한국외환은행,체육복권이 나옵니다
etc- (441),,제약 및 의료,대사성의약,성인 종합영양제,(주)대웅제약,우루사 강장해독 피로회복엔
etc- (442),,제약 및 의료,대사성의약,성인 종합영양제,(주)대웅제약,왜 우루사를 선택할까요
etc- (443),,식품,제과,껌,롯데제과(주),입 냄새 싹 후라보노
etc- (444),,관공서 및 단체,관공서 및 단체 기타,관공서 및 단체 기업PR,중소기업협동조합중앙회,제3회 중소기업주간
etc- (445),,제약 및 의료,대사성의약,자양강장제,한국담배인삼공사,홍삼드링크-한국담배인삼공사시제품
etc- (446),,식품,제과,캔디,롯데제과(주),롯데 목캔디
etc- (447),1990,제약 및 의료,진통제 및 안정제,신경안정제,삼성제약공업(주),약수표 마시는 우황청심원
etc- (448),1991,화학공업,화학제품,필름,천우필름,개벽 언제 이땅엔 개벽의 꽃이피는가
etc- (449),,제약 및 의료,진통제 및 안정제,신경안정제,삼성제약공업(주),약샘표 마시는 우황청심원
etc- (450),1991,"금융,보험및 증권",금융 및 보험,은행,(주)하나은행,하나은행 7월15일 개점
etc- (451),,제약 및 의료,대사성의약,대사성의약 기타,한국담배인삼공사,빨간 홍삼원으로 게삽시다
etc- (452),,제약 및 의료,대사성의약,간장치료제,삼성제약공업(주),"휴가,피로 지친 간장에 쓸기담"
etc- (453),1991,제약 및 의료,대사성의약,대사성의약 기타,한국담배인삼공사,홍삼선물세트
etc- (454),1991,제약 및 의료,진통제 및 안정제,신경안정제,삼성제약공업(주),약샘표 마시는 삼성 우황청심원
etc- (455),1991,"금융,보험및 증권",금융 및 보험,은행,(주)아주상호신용금고,아주복리 예수금 54.90%
etc- (456),1991,컴퓨터 및 정보통신,통신망,통신망 기타,한글자판전화기,자음판은 위대한 민족의 상징입니다
etc- (457),1991,"금융,보험및 증권",금융 및 보험,은행,대기상호신용금고,사옥신축이전(92.1)
etc- (458),,컴퓨터 및 정보통신,통신망,국제전화,(주)케이티,국제전화는 역시 001
etc- (459),1991,컴퓨터 및 정보통신,통신망,통신망 기타,(주)엘지데이콤,002 91년12월3일개통
etc- (460),1991,"금융,보험및 증권",금융 및 보험,은행,(주)한국장기신용은행,"장기신용은행 장기신용채권 예금,신탁취급"
etc- (461),,컴퓨터 및 정보통신,통신망,통신망 기타,(주)엘지데이콤,002 91년12월3일개통
etc- (462),1991,"금융,보험및 증권",금융 및 보험,은행,(주)아주상호신용금고,아주복리 예수금 최고의 수익률 58.72%
etc- (463),,컴퓨터 및 정보통신,방송,공중파TV,(주)경향신문사,㈜문화방송 경향신문
etc- (464),,그룹 및 기업광고,그룹광고,그룹PR,(주)중앙일보사,(주)중앙일보 동양방송
etc- (465),,컴퓨터 및 정보통신,방송,공중파TV,부산문화방송(주),부산문화TV방송주식회사
etc- (466),,컴퓨터 및 정보통신,방송,공중파TV,대구문화방송(주),대구문화방송㈜
etc- (467),,컴퓨터 및 정보통신,방송,공중파TV,대전문화방송(주),대전문화방송㈜
etc- (468),,컴퓨터 및 정보통신,방송,공중파TV,광주문화방송(주),광주문화방송㈜
etc- (469),,컴퓨터 및 정보통신,방송,공중파TV,(주)동아일보사,㈜동아일보 동아방송
etc- (470),,컴퓨터 및 정보통신,방송,위성TV,㈜세기광고,㈜세기광고
etc- (471),,그룹 및 기업광고,그룹광고,그룹PR,K프로덕션,K프로덕션
etc- (472),,컴퓨터 및 정보통신,방송,공중파TV,부산문화방송(주),부산문화방송
etc- (473),,그룹 및 기업광고,그룹광고,그룹PR,(주)서울문화사,서울문화
etc- (474),,그룹 및 기업광고,그룹광고,그룹PR,마산문화방송(주),마산문화텔리비젼
etc- (475),,컴퓨터 및 정보통신,방송,공중파TV,주식회사서해방송,주식회사서해방송
etc- (476),,컴퓨터 및 정보통신,방송,공중파TV,청주문화방송(주),청주문화방송
etc- (477),,컴퓨터 및 정보통신,방송,공중파TV,강릉문화방송(주),강릉문화방송
etc- (478),,그룹 및 기업광고,그룹광고,그룹PR,동아제약(주),동아제약
etc- (479),,가정용 전기전자,가사용 전기전자,세탁기,대한전선,대한무지개 세탁기
etc- (480),,식품,면류,봉지 인스턴트 면류,롯데공업,농심라면
etc- (481),,식품,제과,껌,롯데제과(주),환희껌 꽃향기껌
etc- (482),,식품,제과,스낵,해태,차이나크랙카
etc- (483),,그룹 및 기업광고,그룹광고,그룹PR,태평양화학,아모레화장품
etc- (484),,그룹 및 기업광고,그룹광고,그룹PR,(주)제일기획,기업PR
etc- (485),,그룹 및 기업광고,그룹광고,그룹PR,한국연합주식회사,한국연합주식회사
etc- (486),,그룹 및 기업광고,그룹광고,그룹PR,비프로,기업PR
etc- (487),,그룹 및 기업광고,그룹광고,그룹PR,전홍,기업PR
etc- (488),,그룹 및 기업광고,그룹광고,그룹PR,한일광고,한일광고
etc- (489),,그룹 및 기업광고,그룹광고,그룹PR,세기광고,세기광고
etc- (490),,그룹 및 기업광고,그룹광고,그룹PR,영일기획,영일기획
etc- (491),,그룹 및 기업광고,그룹광고,그룹PR,선프로덕션,선프로덕션
etc- (492),,그룹 및 기업광고,그룹광고,그룹PR,동성프로덕션,동성프로덕션
etc- (493),,그룹 및 기업광고,그룹광고,그룹PR,삼성기획,기업PR
etc- (494),,그룹 및 기업광고,그룹광고,그룹PR,삼진필름,삼진필름
etc- (495),,그룹 및 기업광고,그룹광고,그룹PR,이프로덕션,이프로덕션
etc- (496),,그룹 및 기업광고,그룹광고,그룹PR,삼삼기획,삼삼기획
etc- (497),,그룹 및 기업광고,그룹광고,그룹PR,서울오디오,서울오디오
etc- (498),,그룹 및 기업광고,그룹광고,그룹PR,동영기업사 대진실업,동영기업사 대진실업
etc- (499),,그룹 및 기업광고,그룹광고,그룹PR,한국스튜디오,한국스튜디오
etc- (500),,그룹 및 기업광고,그룹광고,그룹PR,동아문고,동아
etc- (501),,그룹 및 기업광고,그룹광고,그룹PR,유니온스튜디오,유니온스튜디오
etc- (502),,그룹 및 기업광고,그룹광고,그룹PR,대영동화제작소,기업PR
etc- (503),,그룹 및 기업광고,그룹광고,그룹PR,동양녹음소,동양녹음소
etc- (504),,그룹 및 기업광고,그룹광고,그룹PR,현대녹음소,현대녹음소
etc- (505),,관공서 및 단체,관공서 및 단체 기타,관공서 및 단체 기업PR,한국방송윤리위원회,기업PR
etc- (506),1961,화장품 및 보건용품,구강용품,치약,태평양화학,다키치약
etc- (507),1961,제약 및 의료,제약 및 의료 기타,제약 및 의료 기업PR,(주)유한양행,버들표
etc- (508),1961,제약 및 의료,근육 및 신경통제,신경통 및 류마티스제,(주)유한양행,스리나
etc- (509),1961,제약 및 의료,소화위장약,변비치료제,(주)유한양행,그로우민
etc- (510),1961,제약 및 의료,두피 및 피부용제,두피 및 피부용제 기타,(주)유한양행,스위터
etc- (511),1961,제약 및 의료,제약 및 의료 기타,제약 및 의료 기타,(주)유한양행,다이크로질
etc- (512),1961,제약 및 의료,제약 및 의료 기타,제약 및 의료 제품종합,(주)유한양행,"오로확,오레오 마이신,썰"
etc- (513),1961,제약 및 의료,제약 및 의료 기타,제약 및 의료 기타,미국 레드리,애크로마이신
etc- (514),1961,제약 및 의료,"백신,구충 및 살충제",살풍 및 방충제,(주)유한양행,유피라진 시
etc- (515),1961,제약 및 의료,소화위장약,소화위장약 기타,(주)유한양행,페니라민
etc- (516),1961,식품,조미향신료,조미료,동아화성공업,미원
etc- (517),1961,제약 및 의료,두피 및 피부용제,피부연고제,(주)유한양행,안도린
etc- (518),1961,가정용 전기전자,가사용 전기전자,가사용 전기전자 기타,신한,아이디알 미싱
etc- (519),1961,제약 및 의료,제약 및 의료 기타,제약 및 의료 기타,(주)유한양행,케미칼
etc- (520),1961,제약 및 의료,두피 및 피부용제,피부연고제,(주)유한양행,오레오 마이신
etc- (521),1961,제약 및 의료,대사성의약,성인 종합영양제,(주)유한양행,비타홈
etc- (524),1962,제약 및 의료,대사성의약,"유,아동용 영양제",(주)유한양행,맘마드
etc- (525),1962,제약 및 의료,대사성의약,성인 종합영양제,(주)유한양행,비타홈
etc-01,,화장품 및 보건용품,여성 기초화장품,여성 일반기초화장품,한국화장품(주),쥬단학 그리운 화장품
etc-02,,서비스,운송,항공여객운송,(주)대한항공,KOREAN AIR LINES
etc-03,,서비스,운송,항공여객운송,(주)대한항공,KOREAN AIR LINES
etc-04,,화장품 및 보건용품,여성 기초화장품,여성 일반기초화장품,한국화장품(주),쥬단학 새로본
etc-05,,가정용 전기전자,주방용 전기전자,냉장고,삼성전자(주),삼성냉동냉장고
etc-06,,가정용 전기전자,주방용 전기전자,냉장고,삼성전자(주),삼성냉동냉장고
etc-07,,화장품 및 보건용품,여성 기초화장품,여성 일반기초화장품,한국화장품(주),쥬단학 새로본
etc-08,,가정용 전기전자,주방용 전기전자,냉장고,대한전선,대한120냉장고
etc-09,,화장품 및 보건용품,여성 기초화장품,여성 일반기초화장품,(주)피어리스,피어리스 피어니
etc-10,,화장품 및 보건용품,여성 기초화장품,여성 일반기초화장품,(주)피어리스,뚜띠의 환희
etc-11,,음료 및 기호식품,비알콜음료,비알콜음료 기타,해태음료(주),써니텐
etc-12,,화장품 및 보건용품,여성 기초화장품,여성 일반기초화장품,한국화장품(주),순하고 부드러운 쥬단학 화장품
etc-13,,화장품 및 보건용품,여성 기초화장품,여성 일반기초화장품,(주)피어리스,썬파라
etc-14,,화장품 및 보건용품,여성 기초화장품,여성 일반기초화장품,한국화장품(주),쥬단학 새로본
etc-15,,화장품 및 보건용품,여성 기초화장품,여성 일반기초화장품,한국화장품(주),바싸스
etc-16,,화장품 및 보건용품,여성 기초화장품,여성 일반기초화장품,한국화장품(주),쥬단학 그리운 화장품
etc-17,,화장품 및 보건용품,여성 기초화장품,여성 일반기초화장품,(주)피어리스,비엎골드
etc-18,,화장품 및 보건용품,여성 기초화장품,여성 일반기초화장품,한국화장품(주),하이베스톤 화장품
etc-19,,화장품 및 보건용품,남성 화장품,남성 기초화장품,(주)피어리스,피어리스 남성용 화장품
etc-20,,가정용 전기전자,냉방 및 공기청정기,선풍기,금성사,금성전자 선풍기
etc-21,,가정용 전기전자,주방용 전기전자,냉장고,금성사,금성냉장고
etc-22,,화장품 및 보건용품,여성 색조화장품,눈 및 입술 색조화장품,라미화장품(주),하이퀸 립스틱
etc-23,,화장품 및 보건용품,여성 기초화장품,여성 일반기초화장품,한국화장품(주),쥬단학 새로본
etc-24,,화장품 및 보건용품,여성 기초화장품,여성 일반기초화장품,(주)쥬리아,꽃샘 미그린
etc-25,,화장품 및 보건용품,여성 기초화장품,여성 일반기초화장품,(주)피어리스,바이오썬
etc-26,,화장품 및 보건용품,여성 기초화장품,여성 일반기초화장품,라미화장품(주),모이스처 안탄
etc-27,,화장품 및 보건용품,여성 기초화장품,여성 일반기초화장품,(주)쥬리아,두볼
etc-28,,화장품 및 보건용품,여성 기초화장품,여성 일반기초화장품,(주)쥬리아,두볼 써핑콜
etc-29,,화장품 및 보건용품,여성 기초화장품,여성 일반기초화장품,(주)쥬리아,꽃샘 미그린
etc-30,,화장품 및 보건용품,여성 기초화장품,여성 일반기초화장품,한국화장품(주),쥬단학 베라겐
etc-31,,화장품 및 보건용품,여성 기초화장품,여성 일반기초화장품,한국화장품(주),쥬단학 새로본
etc-32,,화장품 및 보건용품,여성 기초화장품,여성 일반기초화장품,한국화장품(주),쥬단학 새로본
etc-33,,가정용 전기전자,가정용 전기전자 기타,가정용 전기전자 기타,금성사,라테캉5
etc-34,,화장품 및 보건용품,여성 기초화장품,여성 일반기초화장품,(주)피어리스,피어리스썬텐
etc-35,,화장품 및 보건용품,여성 기초화장품,여성 일반기초화장품,(주)쥬리아,꽃샘 미그린
etc-36,,화장품 및 보건용품,여성 기초화장품,여성 일반기초화장품,(주)쥬리아,꽃
etc-37,,화장품 및 보건용품,여성 기초화장품,여성 일반기초화장품,(주)피어리스,피어니 썬탠
etc-38,,화장품 및 보건용품,여성 기초화장품,여성 일반기초화장품,삼기양행,오페라샤로니
etc-39,,화장품 및 보건용품,여성 기초화장품,여성 일반기초화장품,꽃샘화장품,두볼
etc-40,,화장품 및 보건용품,여성 기초화장품,여성 일반기초화장품,(주)피어리스,뚜띠의 탄생
etc-41,,화장품 및 보건용품,여성 기초화장품,여성 일반기초화장품,한국화장품(주),쥬단학 새로본
etc-42,,화장품 및 보건용품,여성 기초화장품,여성 일반기초화장품,한국화장품(주),쥬단학 새로본
etc-43,,화장품 및 보건용품,여성 기초화장품,여성 일반기초화장품,(주)쥬리아,꽃샘 미그린
etc-44,,패션,패션 기타,패션 기업PR,도레,도레
etc-45,,화장품 및 보건용품,여성 기초화장품,여성 일반기초화장품,한국화장품(주),쥬단학 베라겐
etc-46,,화장품 및 보건용품,여성 색조화장품,눈 및 입술 색조화장품,(주)피어리스,피어리스 립스틱
etc-47,,화장품 및 보건용품,여성 기초화장품,여성 일반기초화장품,(주)피어리스,뚜띠의 약속
etc-48,,화장품 및 보건용품,여성 기초화장품,여성 일반기초화장품,한국화장품(주),하이베스톤 화장품
TELE001,2007,서비스,운송,육상화물운송,(주)통인익스프레스,e통인 익스프레스
TELE002,2007,출판,신문,중앙신문,(주)전자신문사,전자신문
TELE003,2007,출판,신문,경제신문,아시아경제,아시아경제
TELE004,2007,출판,신문,경제신문,(주)서울경제신문,서울경제
TELE005,2007,출판,신문,중앙신문,서울신문사,서울신문
TELE006,2007,출판,신문,중앙신문,(주)디지털타임즈,디지털타임스
TELE007,2007,가정용 전기전자,영상기기,TV,석세스TV,석세스TV
TELE008,2007,서비스,운송,육상화물운송,해동트랜스,서울신문
TELE009,2007,유통,특수유통,전자상거래,우체국,아시아경제
TELE010,2007,서비스,전문서비스,보안서비스,텔레캅서비스(주),한국일보
TELE011,2007,출판,신문,중앙신문,(주)디지털타임즈,디지털타임스
TELE012,2007,출판,신문,중앙신문,서울신문사,서울신문
TELE013,2007,관공서 및 단체,관공서 및 단체 기타,관공서 및 단체 기업PR,한국수력원자력(주),디지털타임스
TELE014,2007,제약 및 의료,의료 및 보건기관,개인병원,실로암 요양 병원,실로암 요양 병원
TELE015,2007,출판,신문,경제신문,아시아경제,아시아경제
TELE016,2007,산업기기,산업기기 기타,산업기기 기업PR,진양F.R.P,진양F.R.P
TELE017,2007,산업기기,산업기기 기타,산업기기 기업PR,이래,이래
TELE018,2007,가정용품,가정용품 기타,가정용품 기업PR,다산,목상자
TELE019,2007,교육 및 복지후생,교육기관,진학입시학원,한양학원,한양학원
TELE020,2007,"건설,건재 및 부동산","건설,건재 및 부동산 기타","건설,건재 및 부동산 기업PR",중앙상사,에폭시.페인트
TELE021,2007,"건설,건재 및 부동산","건설,건재 및 부동산 기타","건설,건재 및 부동산 기업PR",하서양행,컴퓨터 자동조색 시스템
TELE022,2007,유통,대형유통,자동차 테마점,뉴서진 자동차 매매상사,중고자동차 매매
TELE023,2007,"건설,건재 및 부동산","건설,건재 및 부동산 기타","건설,건재 및 부동산 기업PR",대경안전산업,"건설안전장비,안전보호구 일체"
TELE024,2007,출판,신문,중앙신문,(주)한국일보사,서울경제 주간한국
TELE025,2007,"건설,건재 및 부동산",건재,창호,신일금속,"비상문 방화샷다 제작,판매전문"
TELE026,2007,제약 및 의료,의료용품,보청기,노원스타키보청기,100%디지털 최신형 전문점
TELE027,2007,제약 및 의료,의료용품,보청기,(주)동산실업,동산보청기
TELE028,2007,제약 및 의료,의료용품,보청기,독일지멘스보청기,독일지멘스보청기
TELE029,2007,가정용품,난방기기,보일러,미우라보일러,"초슬림 조인터 보일러,인터넷Z보일러"
TELE030,2007,가정용품,난방기기,보일러,린나이코리아(주),린나이 서비스는 확실합니다
TELE031,2007,컴퓨터 및 정보통신,통신기기,휴대폰,솔토전자통신,"모토로라 무전기 총판,무선통신시스템"
TELE032,2007,서비스,개인서비스,직업소개,신우산업관리,경비용역전문
TELE033,2007,"건설,건재 및 부동산","건설,건재 및 부동산 기타","건설,건재 및 부동산 기업PR",(주)케이씨씨,기업PR
TELE034,2007,"건설,건재 및 부동산",건설,건설,(주)다원건설,조립식 건축
TELE035,2007,"건설,건재 및 부동산","건설,건재 및 부동산 기타","건설,건재 및 부동산 기업PR",대아건설(주),전원주택 신축전문
TELE036,1989,서비스,음식 및 숙박,대중음식점,다루마,정통일식 요리전문
TELE037,1989,패션,가방류,가방류 제품종합,쓰리세븐,종합가방
TELE038,1989,패션,가방류,핸드백,조이너스,조이너스 핸드백
TELE039,1989,패션,가방류,가방류 제품종합,펭귄표가방,각종가방 주문생산
TELE040,1989,패션,가방류,가방류 제품종합,스마일가방상사,각종가방 주문생산
TELE041,1989,패션,가방류,가방류 제품종합,오세아나가방,각종가방 주문생산
TELE042,1989,패션,가방류,가방류 제품종합,뉴시대가방,각종가방주문제작업체
TELE043,1989,가정용 전기전자,냉방 및 공기청정기,에어컨,업체불명,삼성 커스텀 에어컨
TELE044,1989,"건설,건재 및 부동산",건설,건설,창성공영,조립식 건물.철구조물 전문업체
TELE045,1989,"건설,건재 및 부동산","건설,건재 및 부동산 기타","건설,건재 및 부동산 기업PR",신한건업,신한프리훼브
TELE046,1989,"건설,건재 및 부동산","건설,건재 및 부동산 기타","건설,건재 및 부동산 기업PR",한강하우스,아키파넬 프리훼브C형강
TELE047,1989,"건설,건재 및 부동산",건설,건설,금우건업,조립식건물
TELE048,1989,"건설,건재 및 부동산",건설,건설,대성기술공영,조립식건물 철구조물 전문업체
TELE049,1989,산업기기,산업기기 기타,산업기기 기업PR,가나다 양행,20년 전통의 물처리 장치
TELE050,1989,가정용 전기전자,냉방 및 공기청정기,냉방 및 공기청정기 제품종합,삼성전자(주),"냉동,냉장고,에어컨,온풍기"
TELE051,1989,산업기기,산업기기 기타,산업기기 기업PR,대우공조엔지니어링,제품종합
TELE052,1989,제약 및 의료,의료 및 보건기관,개인병원,한형일성형외과,한형일성형외과
TELE053,1989,"건설,건재 및 부동산","건설,건재 및 부동산 기타","건설,건재 및 부동산 기업PR",태창유리,각종 최신형 전자동특수가공기 도입가동
TELE054,1989,"건설,건재 및 부동산","건설,건재 및 부동산 기타","건설,건재 및 부동산 기업PR",우신유리,스텐레스공사
TELE055,1989,"건설,건재 및 부동산","건설,건재 및 부동산 기타","건설,건재 및 부동산 기업PR",삼광ART유리공사,기업PR
TELE056,1989,"건설,건재 및 부동산","건설,건재 및 부동산 기타","건설,건재 및 부동산 기업PR",가나다천막사,기업PR
TELE057,1989,"건설,건재 및 부동산","건설,건재 및 부동산 기타","건설,건재 및 부동산 기업PR",광성기업사,기업PR
TELE058,1989,"건설,건재 및 부동산","건설,건재 및 부동산 기타","건설,건재 및 부동산 기업PR",서울텐트,기업PR
TELE059,1989,"건설,건재 및 부동산","건설,건재 및 부동산 기타","건설,건재 및 부동산 기업PR",동경천막,기업PR
TELE060,1989,"건설,건재 및 부동산","건설,건재 및 부동산 기타","건설,건재 및 부동산 기업PR",동양폴리에스터(주),타포린 천막지
TELE061,1989,"건설,건재 및 부동산","건설,건재 및 부동산 기타","건설,건재 및 부동산 기업PR",동아산업(주),기업PR
TELE062,1989,화학공업,고무 및 플라스틱,타이어,금호타이어주식회사,PR
TELE063,1987,서비스,음식 및 숙박,대중음식점,삼부자갈비,PR
TELE064,1987,서비스,음식 및 숙박,대중음식점,장원갈비,PR
TELE065,1987,"건설,건재 및 부동산","건설,건재 및 부동산 기타","건설,건재 및 부동산 기업PR",한일수중펌프,한일수중펌프
TELE066,1987,서비스,개인서비스,장의,중앙상사,상여
TELE067,1987,그룹 및 기업광고,그룹광고,그룹PR,한국쓰리엠(주),동양신소재
TELE068,1987,"건설,건재 및 부동산","건설,건재 및 부동산 기타","건설,건재 및 부동산 기업PR",서울천막사,PR
TELE069,1987,"건설,건재 및 부동산","건설,건재 및 부동산 기타","건설,건재 및 부동산 기업PR",정우공업사,PR
TELE070,1987,정밀기기 및 사무기기,사무기기,사무기기 기타,명보종합상사,전자타자기
TELE071,1987,"건설,건재 및 부동산","건설,건재 및 부동산 기타","건설,건재 및 부동산 기업PR",명성공영,PR
TELE072,1987,정밀기기 및 사무기기,정밀기기 및 사무기기 기타,정밀기기 및 사무기기 기업PR,한진철강,PR
TELE073,1987,컴퓨터 및 정보통신,컴퓨터 및 정보통신 기타,컴퓨터 및 정보통신 기업PR,중앙통신공사,중앙인터폰 수원대리점
TELE074,1987,산업기기,산업기기 기타,산업기기 기업PR,천일공사,"토목공사,중장비임대"
TELE075,1987,가정용품,악기류,피아노,영창피아노사,영창피아노
TELE076,1987,가정용품,가정용 인테리어,커튼 및 브라인드,백제지물포,"백제커텐,실내장식"
TELE077,1987,정밀기기 및 사무기기,정밀기기 및 사무기기 기타,정밀기기 및 사무기기 기업PR,대성사무기,기업PR
TELE078,1987,"건설,건재 및 부동산","건설,건재 및 부동산 기타","건설,건재 및 부동산 기업PR",형제기업사,기업PR
TELE079,1987,정밀기기 및 사무기기,정밀기기 및 사무기기 기타,정밀기기 및 사무기기 기업PR,롯데캐논사무기,유일종합사무기
TELE080,1987,정밀기기 및 사무기기,정밀기기 및 사무기기 기타,정밀기기 및 사무기기 기업PR,삼일종합사무기,사무기기 판매.수리전문
TELE081,1987,정밀기기 및 사무기기,정밀기기 및 사무기기 기타,정밀기기 및 사무기기 기업PR,(주)신도리코,기업PR
TELE082,1987,가정용품,가구류,사무용 가구,라이카,기업PR
TELE083,1987,가정용품,악기류,피아노,삼익피아노,삼익피아노
TELE084,1987,가정용품,악기류,피아노,영창피아노사,영창피아노
TELE085,1987,서비스,음식 및 숙박,대중음식점,반월가든,기업PR
TELE086,1987,서비스,개인서비스,결혼예식업,목화예식장,기업PR
TELE087,1987,서비스,음식 및 숙박,대중음식점,미락회집,기업PR
TELE088,1987,산업기기,산업기기 기타,산업기기 기업PR,금성농업기계,기업PR
TELE089,1987,"건설,건재 및 부동산","건설,건재 및 부동산 기타","건설,건재 및 부동산 기업PR",성심지물포,기업PR
TELE090,1987,가정용품,가정용품 기타,가정용품 기업PR,삼표연탄,기업PR
TELE091,1987,가정용품,가구류,가정용 가구,우아미가구,기업PR
TELE092,1987,가정용 전기전자,영상기기,TV,아남전자(주),아남나쇼날칼라TV
TELE093,1987,가정용품,생활잡화 및 기기,타올,신안타올공업사,기업PR
TELE094,1987,가정용 전기전자,영상기기,TV,아남전자(주),아남나쇼날칼라TV
TELE095,1987,관공서 및 단체,관공서 및 단체 기타,관공서 및 단체 기업PR,포천군가스안전협회,"가스렌지,가스보일러,가스기구일절판매"
TELE096,1987,서비스,음식 및 숙박,여관,우연장,여관 목욕탕
TELE097,1987,서비스,음식 및 숙박,대중음식점,영국산청동오리,기업PR
TELE098,1987,서비스,음식 및 숙박,음식 및 숙박 기타,용화낚시터,양어장
TELE099,1987,그룹 및 기업광고,그룹광고,그룹PR,우리철물,기업PR
TELE100,2006,출판,신문,중앙신문,(주)한국일보사,기업PR
TELE101,2006,출판,신문,중앙신문,(주)내일신문,기업PR
TELE102,2006,출판,신문,중앙신문,(주)디지털타임즈,기업PR
TELE103,2006,출판,신문,경제신문,(주)서울경제신문,기업PR
TELE104,2006,출판,신문,중앙신문,서울신문사,기업PR
TELE105,2006,출판,신문,경제신문,아시아경제,기업PR
TELE106,2006,출판,신문,중앙신문,PAPER KOREA,기업PR
TELE107,2006,서비스,전문서비스,보안서비스,텔레캅서비스(주),KT텔레캅
TELE108,2006,출판,신문,중앙신문,데일리노컷뉴스,기업PR
TELE109,2006,출판,신문,중앙신문,데일리노컷뉴스,노컷뉴스
TELE110,2006,출판,신문,중앙신문,(주)내일신문,기업PR
TELE111,2006,출판,신문,중앙신문,(주)디지털타임즈,기업PR
TELE112,2006,출판,신문,중앙신문,서울신문사,기업PR
TELE113,2006,출판,신문,경제신문,아시아경제,기업PR
TELE114,2006,출판,신문,경제신문,(주)서울경제신문,기업PR
TELE115,2006,출판,신문,중앙신문,(주)한국일보사,기업PR
TELE116,2006,정밀기기 및 사무기기,문구류,노트 및 종이류,한국제지(주),하이퍼CC
TELE117,1982,"건설,건재 및 부동산","건설,건재 및 부동산 기타","건설,건재 및 부동산 기업PR",(주)청구주택,기업PR
TELE118,1982,가정용품,난방기기,보일러,국제중공업,쌍금보일러
TELE119,1982,가정용품,가정용품 기타,가정용품 기업PR,동아상사,신광타올
TELE120,1982,서비스,개인서비스,장의,(재)청구공원,묘원
TELE121,1982,서비스,개인서비스,장의,현대공원묘원,묘원
TELE122,1982,가정용품,가정용품 기타,가정용품 기업PR,신진바나,"송풍기,오수펌프"
TELE123,1982,가정용품,가구류,가정용 가구,보르네오부엌가구,82년형 보루네오
TELE124,1982,가정용품,가구류,가정용 가구,만동가구백화점,PR
TELE125,1982,제약 및 의료,의료 및 보건기관,한의원,동보한방병원,"한방내과,한방소아과,한방부인과등"
TELE126,1982,제약 및 의료,의료 및 보건기관,한의원,동아한의원,PR
TELE127,1982,가정용품,난방기기,보일러,신신보일러,신신보일러
TELE128,1984,관공서 및 단체,관공서 및 단체 기타,관공서 및 단체 기업PR,한국전기통신공사통신,기업PR
TELE129,1984,관공서 및 단체,관공서 및 단체 기타,관공서 및 단체 기업PR,관세청,밀수신고센타
TELE130,1984,컴퓨터 및 정보통신,컴퓨터 및 정보통신 기타,컴퓨터 및 정보통신 기업PR,금강통신,컴퓨터키폰
TELE131,1984,컴퓨터 및 정보통신,컴퓨터 및 정보통신 기타,컴퓨터 및 정보통신 기업PR,한국전화번호부(주),전화번호부
TELE132,1984,컴퓨터 및 정보통신,통신기기,키폰,동성전기통신,국선접속용 인터폰교환기
TELE133,1984,서비스,서비스 기타,서비스 기업PR,금성통신,경일사
TELE134,1984,컴퓨터 및 정보통신,통신기기,키폰,금산통신,"키폰,교환기"
TELE135,1991,수송기기,수송기기 부품 및 용품,수송기기 부품,한국제품연구,싸이크론
TELE136,1991,그룹 및 기업광고,그룹광고,그룹PR,(주)현대훼미리타운,기업PR
TELE137,1991,컴퓨터 및 정보통신,컴퓨터 및 정보통신 기타,컴퓨터 및 정보통신 기업PR,(주)삼광기전,모토로라
TELE138,1991,컴퓨터 및 정보통신,컴퓨터 및 정보통신 기타,컴퓨터 및 정보통신 기업PR,경성통신,"유,무선통신기기"
TELE139,1991,수송기기,수송기기 기타,수송기기 기업PR,월드자동차,기업PR
TELE140,1991,가정용 전기전자,영상기기,영상기기 기타,보은전자통신,비디오 영상제품
TELE141,1991,컴퓨터 및 정보통신,통신기기,통신기기 제품종합,대영전기통신,금성통신 통신기기
TELE142,1991,컴퓨터 및 정보통신,통신기기,통신기기 제품종합,모토로라코리아(주),"카폰,무선호출기 등"
TELE143,1991,그룹 및 기업광고,그룹광고,그룹PR,한림기기산업주식회사,아쿠아세이프
TELE144,1991,제약 및 의료,의료용품,보청기,세기보청기,보청기
TELE145,1991,컴퓨터 및 정보통신,통신기기,통신기기 제품종합,기가정보통신공사,"LED,LCD"
TELE146,1991,정밀기기 및 사무기기,정밀기기 및 사무기기 기타,정밀기기 및 사무기기 기업PR,현대종합목재산업(주),사무용 가구
TELE147,1991,가정용품,가구류,사무용 가구,(주)삼익가구,시그날 가구
TELE148,1991,가정용품,가구류,가정용 가구,보르네오부엌가구,기업PR
TELE149,1991,컴퓨터 및 정보통신,통신망,국제전화,(주)엘지데이콤,국제전화 002
TELE150,1991,가정용품,가구류,사무용 가구,현대종합목재산업(주),리바트 사무용가구
TELE151,1991,서비스,개인서비스,결혼예식업,무학예식장,기업PR
TELE152,1991,서비스,개인서비스,결혼예식업,한마음예식장,기업PR
TELE153,1991,컴퓨터 및 정보통신,컴퓨터 및 정보통신 기타,컴퓨터 및 정보통신 기업PR,한국전화번호부(주),기업PR
TELE154,1991,컴퓨터 및 정보통신,통신기기,휴대폰,금성종합정보통신,금성 인공지능 핸드폰
TELE155,1981,서비스,음식 및 숙박,호텔,원주관광호텔,기업PR
TELE156,1981,서비스,서비스 기타,서비스 기업PR,대공상담소,기업PR
TELE157,1981,그룹 및 기업광고,그룹광고,그룹PR,삼 산업주식회사,기업PR
TELE158,1981,그룹 및 기업광고,그룹광고,그룹PR,대진탄광,기업PR
TELE159,1981,그룹 및 기업광고,그룹광고,그룹PR,동진산업주식회사,기업PR
TELE160,1981,유통,대형유통,백화점,태백시민백화점,기업PR
TELE161,1981,그룹 및 기업광고,그룹광고,그룹PR,세원암석,기업PR
TELE162,1981,정밀기기 및 사무기기,문구류,노트 및 종이류,대림제재소,"미송,육송,잡목제재 판매"
TELE163,1981,그룹 및 기업광고,그룹광고,그룹PR,남북전업사,"설계,시공,감리"
TELE164,2006,서비스,운송,육상화물운송,이사나라,사무실 이사 전문
TELE165,2006,출판,신문,중앙신문,데일리노컷뉴스,데일리노컷뉴스
TELE166,2006,출판,신문,중앙신문,(주)내일신문,노컷뉴스
TELE167,2006,출판,신문,중앙신문,(주)디지털타임즈,기업PR
TELE168,2006,컴퓨터 및 정보통신,통신망,인터넷 통신망,메가샷,신개념 통합 메시징 서비스
TELE169,2006,"건설,건재 및 부동산","건설,건재 및 부동산 기타","건설,건재 및 부동산 기업PR",동안 오에프,퍼시스
TELE170,2006,컴퓨터 및 정보통신,컴퓨터 및 정보통신 기타,컴퓨터 및 정보통신 기업PR,동안시스템,사무실 이전컨설팅등
TELE171,2006,제약 및 의료,의료 및 보건기관,한의원,영동한의원,코알레르기 클리닉
TELE172,2006,그룹 및 기업광고,그룹광고,그룹PR,지에스칼텍스(주),기업PR
TELE173,2006,기초재,기초재 기타,기초재 기업PR,경기화학,기업PR
TELE174,1987,관공서 및 단체,관공서 및 단체 기타,관공서 및 단체 기업PR,국가안전기획부,간첩 좌경용공사범
TELE175,1987,그룹 및 기업광고,그룹광고,그룹PR,우성기업주식회사,기업PR
TELE176,1987,제약 및 의료,의료 및 보건기관,한의원,세화당한약방,기업PR
TELE177,1987,교육 및 복지후생,교육기관,기술 및 자격학원,대성자동차학원,운전교육
TELE178,1987,가정용품,생활잡화 및 기기,타올,한미타올(주),각정타올 보자기 제작주문
TELE179,1987,관공서 및 단체,관공서 및 단체 기타,관공서 및 단체 기업PR,한국전기통신공사통신,DDD야간 할인제
TELE180,1987,"건설,건재 및 부동산","건설,건재 및 부동산 기타","건설,건재 및 부동산 기업PR",대성네온,네온싸인전문업체
TELE181,1987,"건설,건재 및 부동산","건설,건재 및 부동산 기타","건설,건재 및 부동산 기업PR",성원당,광고제작 전문업소
TELE182,1987,"건설,건재 및 부동산",건재,건재 기타,홍일광고공사,네온간판
TELE183,1987,"건설,건재 및 부동산",건설,건설,공우주택공사,주택 및 공장공사전문
TELE184,1987,컴퓨터 및 정보통신,컴퓨터 및 정보통신 기타,컴퓨터 및 정보통신 기업PR,국도전기통신공사,기업PR
TELE185,1987,컴퓨터 및 정보통신,컴퓨터 및 정보통신 기타,컴퓨터 및 정보통신 기업PR,태화전화공사,각종통신공사전문
TELE186,1987,컴퓨터 및 정보통신,컴퓨터 및 정보통신 기타,컴퓨터 및 정보통신 기업PR,영일통신,기업PR
TELE187,1987,컴퓨터 및 정보통신,컴퓨터 및 정보통신 기타,컴퓨터 및 정보통신 기업PR,부산전화공사,기업PR
TELE188,1987,컴퓨터 및 정보통신,컴퓨터 및 정보통신 기타,컴퓨터 및 정보통신 기업PR,신일전화공사,기업PR
TELE189,1987,컴퓨터 및 정보통신,컴퓨터 및 정보통신 기타,컴퓨터 및 정보통신 기업PR,창신전화공업사,기업PR
TELE190,1987,서비스,음식 및 숙박,음식 및 숙박 기타,OB씨그램,OB씨그램 연회써비스
TELE191,1987,가정용품,가정용품 기타,가정용품 기업PR,㈜영흥,슈퍼바이크MX5
TELE192,1987,기초재,농축수산 기초재,종묘,부국농원,(당)두중
TELE193,1987,"건설,건재 및 부동산",건재,건재 기타,동양강철㈜,기업PR
TELE194,1987,서비스,여행,여행알선,은성관광여행사,기업PR
TELE195,1987,교육 및 복지후생,교육기관,기술 및 자격학원,이군자 미용학원,기업PR
TELE196,1987,제약 및 의료,의료 및 보건기관,개인병원,수원고려병원,기업PR
TELE197,1987,수송기기,수송기기 기타,수송기기 기업PR,대청자동차공업사,기업PR
TELE198,1987,기초재,농축수산 기초재,사료,선진축산주식회사,선진사료
TELE199,1998,교육 및 복지후생,교육기관,기술 및 자격학원,동방뷰티아카데미,기업PR
TELE2(1),1978,서비스,여행,여행알선,뉴월드관광,뉴월드관광
TELE2(10),1978,가정용품,가정용 인테리어,커튼 및 브라인드,건양카텐상사,
TELE2(100),1999,"건설,건재 및 부동산",건설,건설,(주)대림건설,㈜대림건설산업
TELE2(101),1999,"건설,건재 및 부동산",건재,건제 제품종합,광성설비,광성설비
TELE2(102),1999,"건설,건재 및 부동산","건설,건재 및 부동산 기타","건설,건재 및 부동산 기업PR",일진콘크리트,일진콘크리트
TELE2(103),1999,서비스,운송,육상화물운송,OK포장이사,OK포장이사
TELE2(104),1999,교육 및 복지후생,사회교육,직업교육,재단법인 호남직업전문학교,재단법인 호남직업전문학교
TELE2(105),1999,식품,조미향신료,장류,토박이,순창 찹쌀고추장 조선된장 쌈장
TELE2(106),1999,"금융,보험및 증권","금융,보험 및 증권기타","금융,보험 및 증권 기업PR",고려신용정보(주)광주지사,고려신용정보 광주지사
TELE2(107),1999,서비스,운송,육상화물운송,크로바익스프레스,크로바익스프레스
TELE2(108),1999,교육 및 복지후생,교육기관,기술 및 자격학원,"제일,무등 자동차 운전전문학원","제일,무등 자동차 운전전문학원"
TELE2(109),1999,"건설,건재 및 부동산","건설,건재 및 부동산 기타","건설,건재 및 부동산 기업PR",미래산업개발,미래산업개발
TELE2(11),1978,가정용품,가정용 인테리어,커튼 및 브라인드,한일카텐상사,
TELE2(110),1999,컴퓨터 및 정보통신,통신기기,키폰,삼성전자(주),삼성전자
TELE2(111),1999,"건설,건재 및 부동산","건설,건재 및 부동산 기타","건설,건재 및 부동산 기업PR",㈜토성건설,㈜토성건설
TELE2(112),1999,서비스,서비스 기타,서비스 기업PR,한국전화번호부(주),한국전화번호부
TELE2(113),1999,교육 및 복지후생,사회교육,직업교육,대성직업전문학교,대성직업전문학교
TELE2(114),1999,가정용품,생활잡화 및 기기,타올,오성산업(주),오성산업주식회사
TELE2(115),1999,"건설,건재 및 부동산","건설,건재 및 부동산 기타","건설,건재 및 부동산 기업PR",금문산업주식회사,금문산업주식회사
TELE2(116),1999,서비스,운송,운송기타,114플라워,114플라워
TELE2(117),1999,"건설,건재 및 부동산","건설,건재 및 부동산 기타","건설,건재 및 부동산 기업PR",㈜자연주택,㈜자연주택
TELE2(118),1999,"건설,건재 및 부동산","건설,건재 및 부동산 기타","건설,건재 및 부동산 기업PR",㈜대정담파창호장식사업부,㈜대정담파창호장식사업부
TELE2(119),1999,가정용품,난방기기,난방기기 기타,연동기업,연동기업
TELE2(12),1978,정밀기기 및 사무기기,정밀기기 및 사무기기 기타,정밀기기 및 사무기기 기업PR,대신강철,대신강철
TELE2(120),1999,"건설,건재 및 부동산","건설,건재 및 부동산 기타","건설,건재 및 부동산 기업PR",주신기업,주신기업
TELE2(121),1999,가정용품,난방기기,난방기기 제품종합,㈜태양상사,㈜태양상사
TELE2(122),1999,서비스,여행,여행알선,주식회사 예원,주식회사 예원
TELE2(123),1999,"건설,건재 및 부동산",건재,도벽 및 바닥재,화성 전기 온돌마루,화성 전기 온돌마루
TELE2(124),1999,"건설,건재 및 부동산","건설,건재 및 부동산 기타","건설,건재 및 부동산 기업PR",㈜광주산업건설,㈜광주산업건설
TELE2(125),1999,서비스,여행,여행알선,㈜강원고속관광,㈜강원고속관광
TELE2(126),1999,서비스,여행,여행알선,(유)뉴남광여행,(유)뉴-남광여행
TELE2(127),1999,서비스,여행,여행알선,문화관광(주),문화관광(주)
TELE2(128),1999,서비스,여행,여행알선,현대기획,현대기획
TELE2(129),1999,그룹 및 기업광고,그룹광고,그룹pr,나우출력센타,나우출력센타
TELE2(13),1978,"건설,건재 및 부동산","건설,건재 및 부동산 기타","건설,건재 및 부동산 기업PR",인왕 콘크리트,인왕 콘크리트
TELE2(130),1999,서비스,광고 및 정보서비스,광고대행,네트워크,네트워크
TELE2(131),1999,서비스,광고 및 정보서비스,광고대행,㈜비앤에드,㈜비앤에드
TELE2(132),1999,서비스,운송,운송기타,광주한국생화랜드,광주한국생화랜드
TELE2(133),1999,서비스,운송,운송기타,새내기,새내기
TELE2(134),1999,서비스,개인서비스,개인서비스 기타,화니피부비만연구실,화니피부비만연구실
TELE2(135),1999,서비스,개인서비스,개인서비스 기타,유니끄피부관리실,유니끄피부관리실
TELE2(136),1999,가정용품,난방기기,난방기기 제품종합,삼우상사,삼우상사
TELE2(137),1999,"건설,건재 및 부동산","건설,건재 및 부동산 기타","건설,건재 및 부동산 기업PR",대하열기계설비,대하열기계설비
TELE2(138),1999,그룹 및 기업광고,그룹광고,그룹PR,㈜미래에너지,㈜미래에너지
TELE2(139),1999,정밀기기 및 사무기기,정밀기기 및 사무기기 기타,정밀기기 및 사무기기 기업PR,우일종합총포무역,우일종합총포무역
TELE2(14),1978,정밀기기 및 사무기기,정밀기기 및 사무기기 기타,정밀기기 및 사무기기 기업PR,광양계기사,광양계기사
TELE2(140),1999,서비스,개인서비스,개인서비스 기타,하나외식산업,하나외식산업
TELE2(141),1999,정밀기기 및 사무기기,정밀기기 및 사무기기 기타,정밀기기 및 사무기기 기업PR,나라상사,나라상사
TELE2(142),1999,정밀기기 및 사무기기,정밀기기 및 사무기기 기타,정밀기기 및 사무기기 기업PR,대아기계모터펌프㈜광주점,대아기계모터펌프㈜광주점
TELE2(143),1999,서비스,스포츠 및 오락시설,스포츠 시설,활생도협회,활생도협회
TELE2(144),1999,제약 및 의료,의료기기,의료기기 기타,현대메디칼㈜,현대메디칼㈜
TELE2(15),1978,가정용 전기전자,냉방 및 공기청정기,에어컨,금성사,금성 룸에어콘
TELE2(16),1978,가정용 전기전자,가정용 전기전자 기타,가정용 전기전자 기업공고,금성사,월부판매
TELE2(17),1978,가정용 전기전자,가정용 전기전자 기타,가정용 전기전자 기업공고,㈜삼성 청계 판매장,장기판매
TELE2(18),1978,가정용 전기전자,음향기기,음향기기 기타,삼성사,삼성사
TELE2(19),1978,가정용 전기전자,음향기기,음향기기 기타,지구레코드,지구레코드공사
TELE2(2),1978,서비스,여행,여행알선,경남관광,경남관광
TELE2(21),1993,교육 및 복지후생,교육기관,기술 및 자격학원,동방뷰티아카데미학원,동방뷰티아카데미학원
TELE2(22),1993,교육 및 복지후생,교육기관,기술 및 자격학원,동명피부미용타운,동명피부미용타운
TELE2(23),1993,서비스,개인서비스,이용 및 미용,윤찬헤어칼라,윤찬헤어칼라
TELE2(24),1993,정밀기기 및 사무기기,정밀기기 및 사무기기 기타,정밀기기 및 사무기기 기업PR,㈜동아정보통신,㈜동아정보통신
TELE2(25),1993,제약 및 의료,의료 및 보건기관,의료 및 보건기관 기타,세화당한약방,세화당한약방
TELE2(26),1993,그룹 및 기업광고,그룹광고,그룹PR,㈜진양,㈜진양
TELE2(27),1993,교육 및 복지후생,사회교육,직업교육,재단법인 제마직업전문학교,재단법인 제마직업전문학교
TELE2(28),1993,"건설,건재 및 부동산","건설,건재 및 부동산 기타","건설,건재 및 부동산 기업PR",경남공업,경남공업
TELE2(29),1993,"건설,건재 및 부동산",건재,건재 기타,대성콘테이너개발㈜,대성콘테이너개발㈜
TELE2(3),1978,"금융,보험및 증권","금융,보험 및 증권기타","금융,보험 및 증권 기업PR",저축추진중앙위원회,저축추진중앙위원회
TELE2(30),1993,정밀기기 및 사무기기,정밀기기 및 사무기기 기타,정밀기기 및 사무기기 기업PR,광복 샤프,광복 샤프
TELE2(31),1993,서비스,서비스 기타,서비스 기업PR,불교서적전시관,불교서적전시관
TELE2(32),1993,컴퓨터 및 정보통신,통신망,통신망 기타,(주)케이티,080클로벌 서비스
TELE2(33),1993,교육 및 복지후생,교육기관,취미 및 레저학원,코리아탑에어로빅스,코리아탑에어로빅스
TELE2(34),1993,서비스,개인서비스,개인서비스 기타,영창피아노사,영창피아도 부산지구 애프터서비스 센터
TELE2(35),1993,출판,서적,사전류,동아출판사,동아출판사
TELE2(36),1993,컴퓨터 및 정보통신,컴퓨터 및 정보통신 기타,컴퓨터 및 정보통신 기업PR,부일이동통신,부일이동통신 서면대리점
TELE2(37),1993,컴퓨터 및 정보통신,통신기기,무선호출기,부일이동통신,부일이동통신 동부대리점
TELE2(38),1993,가정용 전기전자,가정용 전기전자 기타,가정용 전기전가 기업PR,온일상사,
TELE2(39),1993,컴퓨터 및 정보통신,통신기기,무선호출기,한국이동통신 부산지역대리점,한국이동통신 부산지역대리점
TELE2(4),1978,서비스,여행,여행알선,아시아여행사,아시아여행사
TELE2(40),1993,컴퓨터 및 정보통신,통신기기,무선호출기,제일알팩스㈜,제일알팩스㈜
TELE2(42),1967,서비스,음식 및 숙박,호텔,그린파크,관광호텔 그린파크
TELE2(43),1967,"건설,건재 및 부동산","건설,건재 및 부동산 기타","건설,건재 및 부동산 기업PR",한국 스레트,한국 스레트
TELE2(44),1967,서비스,서비스 기타,서비스 기업PR,역전사,역전사
TELE2(45),1967,가정용품,생활잡화 및 기기,타올,장미나염공장,보재기타올
TELE2(46),1967,화학공업,고무 및 플라스틱,타이어,한국 다이야,한국 다이야
TELE2(47),1967,정밀기기 및 사무기기,문구류,필기용품,(주)도루코,도루코
TELE2(48),1967,그룹 및 기업광고,그룹광고,그룹PR,동명전화공업사,동명전화공업사
TELE2(49),1967,가정용품,가정용 인테리어,커튼 및 브라인드,미조사,
TELE2(5),1978,서비스,여행,여행알선,(주)금성관광여행사,금성관광
TELE2(50),1967,컴퓨터 및 정보통신,컴퓨터 및 정보통신 기타,컴퓨터 및 정보통신 기업PR,한국안테나,한국안테나
TELE2(51),1967,"건설,건재 및 부동산",건재,창호,신협건설공업주식회사,신협건설공업주식회사
TELE2(52),1967,그룹 및 기업광고,그룹광고,그룹PR,한영사,한영사
TELE2(53),1967,그룹 및 기업광고,그룹광고,그룹PR,삼영사,삼영사
TELE2(55),1970,서비스,서비스 기타,서비스 기업PR,이삼사,이삼사
TELE2(56),1970,서비스,서비스 기타,서비스 기업PR,예광사,예광사
TELE2(57),1970,서비스,서비스 기타,서비스 기업PR,88사,88사
TELE2(58),1970,서비스,서비스 기타,서비스 기업PR,88사,88사
TELE2(59),1970,서비스,서비스 기타,서비스 기업PR,팔구전화사,팔구전화사
TELE2(6),1978,관공서 및 단체,관공서 및 단체 기타,관공서 및 단체 기업PR,한국도로공사,한국도로공사
TELE2(60),1970,산업기기,전기관련 기계,전동기,전광사,전광사
TELE2(61),1970,패션,패션 기타,패션 기업PR,시대복장(주),시대복장주식회사
TELE2(62),1970,출판,잡지,"취미,레저 및 자동차 잡지",체성회우표보급과,체성회우표보급과
TELE2(63),1970,패션,패션 기타,패션 기업PR,조선견직주식회사,조선견직주식회사
TELE2(64),1970,음료 및 기호식품,비알콜음료,콜라,우성식품(주),코카콜라
TELE2(65),1970,정밀기기 및 사무기기,정밀기기 및 사무기기 기타,정밀기기 및 사무기기 기업PR,부원,부원
TELE2(66),1970,서비스,서비스 기타,서비스 기업PR,삼성사,삼성사
TELE2(68),1970,서비스,음식 및 숙박,호텔,해운대관광호텔,해운대관광호텔
TELE2(69),1970,"건설,건재 및 부동산",건재,건재 기타,금강스레트공업주식회사,금강스레트공업주식회사
TELE2(7),1978,가정용 전기전자,가정용 전기전자 기타,가정용 전기전자 기업PR,금성사,㈜금성코너
TELE2(70),1970,그룹 및 기업광고,그룹광고,그룹PR,부산전화사,부산전화사
TELE2(71),1970,서비스,서비스 기타,서비스 기업PR,우광전화카메라사,우광전화카메라사
TELE2(72),1970,관공서 및 단체,관공서 및 단체 기타,관공서 및 단체 기업PR,부산문화방송(주),MBC부산문화방송주식회사
TELE2(73),1970,서비스,서비스 기타,서비스 기업PR,부일사,부일사
TELE2(74),1970,산업기기,전기관련 기계,전동기,을지전기공업사,을지전기공업사
TELE2(75),1970,출판,잡지,"취미,레저 및 자동차 잡지",체성회우표보급과,체성회우표보급과
TELE2(76),1970,서비스,운송,수상여객운송,남영상선주식회사,남영상선주식회사
TELE2(77),1970,패션,패션 기타,패션 기업PR,조선견직주식회사,조선견직주식회사
TELE2(78),1970,화학공업,고무 및 플라스틱,고무,삼화고무주식회사,
TELE2(79),1970,서비스,음식 및 숙박,호텔,해운대극동호텔,해운대극동호텔
TELE2(8),1978,서비스,여행,여행알선,범아관광주식회사,㈜범아관광
TELE2(80),1970,가정용품,가정용 인테리어,커튼 및 브라인드,동명목재상사,
TELE2(82),1979,정밀기기 및 사무기기,정밀기기 및 사무기기 기타,정밀기기 및 사무기기 기업PR,금성계기사,금성계기사
TELE2(83),1979,서비스,서비스 기타,서비스 기업PR,업체불명,"주)국철, 대협철강㈜,개발산업공사"
TELE2(84),1979,서비스,여행,여행알선,삼진관광주식회사,삼진관광주식회사
TELE2(85),1979,가정용품,생활잡화 및 기기,타올,대흥상회,대흥상회
TELE2(86),1979,그룹 및 기업광고,그룹광고,그룹PR,풍원비니루상사,풍원비니루상사
TELE2(87),1979,서비스,개인서비스,결혼예식업,종로예식장,종로예식장
TELE2(88),1979,제약 및 의료,의료 및 보건기관,개인병원,옥병원,옥병원
TELE2(89),1979,서비스,개인서비스,결혼예식업,문화예식장,문화예식장
TELE2(9),1978,화장품 및 보건용품,화장도구,"이,미용구",대주산업,대주산업
TELE2(90),1979,그룹 및 기업광고,그룹광고,그룹PR,한국전기공사협회,한국전기공사
TELE2(91),1979,정밀기기 및 사무기기,정밀기기 및 사무기기 기타,정밀기기 및 사무기기 기업PR,금성계전(주),금성계전주식회사
TELE2(92),1979,서비스,서비스 기타,서비스 기업PR,칠칠공사,칠칠공사
TELE2(93),1979,정밀기기 및 사무기기,사무기기,복사기,서울전자사무기주식회사,서울전자사무기주식회사
TELE2(94),1979,서비스,개인서비스,결혼예식업,행복예식장,행복예식장
TELE2(95),1979,음료 및 기호식품,비알콜음료,액상요구르트,해태음료(주),해태요구르트
TELE2(96),1979,패션,패션 기타,패션 기업PR,선경합섬주식회사,선경합섬주식회사
TELE2(99),1999,서비스,서비스 기타,서비스 기업PR,광주현대병원,광주현대병원
TELE200,1998,서비스,서비스 기타,서비스 기업PR,맨풀,기업PR
TELE201,1998,교육 및 복지후생,교육기관,기술 및 자격학원,허경뷰티타운,기업PR
TELE202,1998,교육 및 복지후생,교육기관,기술 및 자격학원,모아미용직업전문학교,기업PR
TELE203,1998,교육 및 복지후생,교육기관,기술 및 자격학원,성심미용기술학원,기업PR
TELE204,1998,교육 및 복지후생,교육기관,취미 및 레저학원,서면요리학원,기업PR
TELE205,1998,제약 및 의료,의료 및 보건기관,한의원,세화당한약방,기업PR
TELE206,1998,컴퓨터 및 정보통신,컴퓨터 및 정보통신 기타,컴퓨터 및 정보통신 기업PR,동아정보통신,기업PR
TELE207,1998,교육 및 복지후생,사회교육,직업교육,재단법인 제마직업전문학교,기업PR
TELE208,1998,산업기기,산업기기 기타,산업기기 기업PR,유엠,기업PR
TELE209,1998,교육 및 복지후생,교육기관,어학학원,서일LANGUAGE HOUSE,기업PR
TELE210,1998,정밀기기 및 사무기기,이광학기기,안경 및 콘택트렌즈,(주)아이비젼안경,기업PR
TELE211,1998,컴퓨터 및 정보통신,컴퓨터 및 정보통신 기타,컴퓨터 및 정보통신 기업PR,한국전화번호부(주),전화번호부
TELE212,1998,가정용 전기전자,음향기기,노래방기기,(주)금영,금영 코러스-88
TELE213,1998,교육 및 복지후생,교육기관,기술 및 자격학원,한국실무전산학원,기업PR
TELE214,1998,컴퓨터 및 정보통신,통신망,시외전화,(주)케이티,한국통신 시외전화
TELE215,1998,컴퓨터 및 정보통신,통신기기,휴대폰,에스케이텔레콤(주),IMT-2000
TELE216,1998,"건설,건재 및 부동산",건재,건재 제품종합,정명건업,조립식건물 외
TELE217,1998,"건설,건재 및 부동산",건재,건재 제품종합,대성건업,기업PR
TELE218,1998,컴퓨터 및 정보통신,통신망,국제전화,(주)케이티,월드폰카드
TELE219,1998,가정용품,난방기기,보일러,신성열기,린나이 가스보일러
TELE220,1998,가정용품,난방기기,보일러,(주)롯데기공,롯데 가스보일러
TELE221,1998,"건설,건재 및 부동산",건재,건재 제품종합,(주)동원개발,기업PR
TELE222,1998,"건설,건재 및 부동산",건재,건재 제품종합,명기건업,기업PR
TELE223,1998,"건설,건재 및 부동산",건재,건재 제품종합,신용건업,기업PR
TELE224,1998,"건설,건재 및 부동산",건재,건재 제품종합,우성종합산업,기업PR
TELE225,1998,"건설,건재 및 부동산",건재,건재 제품종합,해양건업,기업PR
TELE226,1998,서비스,서비스 기타,서비스기타,동아목재포장,기업PR
TELE227,1998,서비스,서비스 기타,서비스기타,남영수출포장사,기업PR
TELE228,1998,서비스,서비스 기타,서비스기타,부산목재포장,기업PR
TELE229,1998,"건설,건재 및 부동산","건설,건재 및 부동산 기타","건설,건재 및 부동산 기업PR",양일목재,기업PR
TELE230,1998,"건설,건재 및 부동산",건재,위생설비,서령환경,하수관준설
TELE231,1998,"건설,건재 및 부동산",건재,위생설비,대림설비,기업PR
TELE232,1998,그룹 및 기업광고,그룹광고,그룹PR,(주)진우기획,한국모델학원
TELE233,1998,교육 및 복지후생,교육기관,기술 및 자격학원,첨단자동차정비학원,기업PR
TELE234,1998,교육 및 복지후생,사회교육,직업교육,삼성직업전문학교,기업PR
TELE235,1998,그룹 및 기업광고,그룹광고,그룹PR,(주)대흥,기업PR
TELE236,1998,서비스,운송,육상화물운송,충남화물,기업PR
TELE237,1998,컴퓨터 및 정보통신,컴퓨터 및 정보통신 기타,컴퓨터 및 정보통신 기업PR,동아정보통신,기업PR
TELE238,1998,컴퓨터 및 정보통신,통신기기,키폰,엘지키폰 총대리점,엘지키폰 총대리점
TELE239,1998,컴퓨터 및 정보통신,컴퓨터 및 정보통신 기타,컴퓨터 및 정보통신 기업PR,부일이동통신,기업PR
TELE240,1998,가정용품,가정용품 기타,가정용품 기업PR,수림전자통신,기업PR
TELE241,1998,컴퓨터 및 정보통신,컴퓨터 및 정보통신 기타,컴퓨터 및 정보통신 기업PR,현대통신,기업PR
TELE242,2003,가정용품,난방기기,난방기기 제품종합,(주)귀뚜라미보일러,기업PR
TELE243,2003,"건설,건재 및 부동산","건설,건재 및 부동산 기타","건설,건재 및 부동산 기업PR",업체불명,집수리-방수
TELE244,2003,"건설,건재 및 부동산","건설,건재 및 부동산 기타","건설,건재 및 부동산 기업PR",물잡는 사람들,기업PR
TELE245,2003,서비스,음식 및 숙박,대중음식점,(주)명가,기업PR
TELE246,2003,가정용품,가정용품 기타,가정용품 기업PR,비데프라자,기업PR
TELE247,2003,수송기기,수송기기 기타,수송기기 기업PR,광주특장,기업PR
TELE248,2003,서비스,운송,육상화물운송,퍼펙트 익스프레스,기업PR
TELE249,2003,"건설,건재 및 부동산",건재,위생설비,매직개발,기업PR
TELE250,2003,서비스,운송,육상화물운송,광호익스프레스,기업PR
TELE251,2003,서비스,운송,육상화물운송,이사박사(주),기업PR
TELE252,2003,서비스,운송,육상화물운송,통인익스프레스,기업PR
TELE253,2003,"건설,건재 및 부동산","건설,건재 및 부동산 기타","건설,건재 및 부동산 기업PR",칠만공사,방수제
TELE254,2003,컴퓨터 및 정보통신,통신망,인터넷 통신망,(주)케이티,메가패스
TELE255,2003,컴퓨터 및 정보통신,컴퓨터 및 정보통신 기타,컴퓨터 및 정보통신 기업PR,(주)케이티,네스팟존
TELE256,2003,컴퓨터 및 정보통신,통신망,인터넷 통신망,하나로통신,기업PR
TELE257,2003,컴퓨터 및 정보통신,컴퓨터 및 정보통신 기타,컴퓨터 및 정보통신 기업PR,(주)케이티프리텔,기업PR
TELE258,2003,그룹 및 기업광고,그룹광고,그룹PR,한국제지(주),기업PR
TELE259,2003,그룹 및 기업광고,그룹광고,그룹PR,팬아시아페이퍼,기업PR
TELE260,2003,"건설,건재 및 부동산",건재,건제 제품종합,다사종합설비,기업PR
TELE261,2003,"건설,건재 및 부동산","건설,건재 및 부동산 기타","건설,건재 및 부동산 기업PR",제일함석,칼라강판
TELE262,2003,"건설,건재 및 부동산",건설,건설,형제건설,기업PR
TELE263,2003,컴퓨터 및 정보통신,컴퓨터 및 정보통신 기타,컴퓨터 및 정보통신 기업PR,한국전화번호부(주),CD번호부
TELE264,2003,서비스,음식 및 숙박,호텔,센트럴관광호텔,기업PR
TELE265,2003,가정용품,가정용품 기타,가정용품 기업PR,도원참숯공예점,기업PR
TELE265-1,2003,패션,정장의류,한복,봉선당,기업PR
TELE266,2003,컴퓨터 및 정보통신,컴퓨터 및 정보통신 기타,컴퓨터 및 정보통신 기업PR,(주)케이티,기업PR
TELE267,2003,"건설,건재 및 부동산",건재,건재 기타,가야광고공사,기업PR
TELE268,2003,그룹 및 기업광고,그룹광고,그룹PR,다정기획,기업PR
TELE269,2003,"건설,건재 및 부동산","건설,건재 및 부동산 기타","건설,건재 및 부동산 기업PR",서진,기업PR
TELE270,2003,"건설,건재 및 부동산","건설,건재 및 부동산 기타","건설,건재 및 부동산 기업PR",웅진실업,기업PR
TELE271,2003,"건설,건재 및 부동산","건설,건재 및 부동산 기타","건설,건재 및 부동산 기업PR",한빛기업,기업PR
TELE272,2003,"건설,건재 및 부동산","건설,건재 및 부동산 기타","건설,건재 및 부동산 기업PR",한국종합건재,기업PR
TELE273,2003,"건설,건재 및 부동산","건설,건재 및 부동산 기타","건설,건재 및 부동산 기업PR",팔도골재,기업PR
TELE274,2003,제약 및 의료,의료 및 보건기관,개인병원,항운외과,기업PR
TELE275,2003,제약 및 의료,의료 및 보건기관,개인병원,광주안과,기업PR
TELE276,2003,제약 및 의료,의료 및 보건기관,개인병원,베스트안과,기업PR
TELE277,2003,제약 및 의료,의료 및 보건기관,개인병원,엔탑이비인후과,기업PR
TELE278,2003,제약 및 의료,의료 및 보건기관,개인병원,고진석비뇨기과,기업PR
TELE279,2003,"건설,건재 및 부동산",건재,건재 기타,코로나상사,기업PR
TELE280,2003,"건설,건재 및 부동산",건재,건재 기타,광역개발,기업PR
TELE281,2003,"건설,건재 및 부동산","건설,건재 및 부동산 기타","건설,건재 및 부동산 기업PR",위즈 인테리어,기업PR
TELE282,2003,"건설,건재 및 부동산","건설,건재 및 부동산 기타","건설,건재 및 부동산 기업PR",이건디자인,기업PR
TELE283,2003,"건설,건재 및 부동산","건설,건재 및 부동산 기타","건설,건재 및 부동산 기업PR",동일개발,기업PR
TELE284,2003,"건설,건재 및 부동산","건설,건재 및 부동산 기타","건설,건재 및 부동산 기업PR",공간주택,기업PR
TELE285,2003,"건설,건재 및 부동산","건설,건재 및 부동산 기타","건설,건재 및 부동산 기업PR",광성앵글 인테리어,기업PR
TELE286,2003,서비스,음식 및 숙박,음식 및 숙박 기타,하나외식산업,기업PR
TELE287,2003,그룹 및 기업광고,그룹광고,그룹PR,한국전화번호부(주),한국전화번호부
TELE288,2003,제약 및 의료,의료 및 보건기관,개인병원,광주중앙병원,기업PR
TELE289,2003,그룹 및 기업광고,그룹광고,그룹PR,선진인쇄,기업PR
TELE290,2003,"금융,보험및 증권","금융,보험 및 증권기타","금융,보험 및 증권 기업PR",나오스자바,"온,오프라인 신용카드 결재 전문"
TELE291,2003,서비스,운송,육상화물운송,대한통운(주),대한통운주식회사
TELE292,2003,서비스,운송,육상화물운송,삼성익스프레스,삼성 익스프레스
TELE293,2003,서비스,운송,육상화물운송,(주)국민트랜스,국민트랜스
TELE294,2003,컴퓨터 및 정보통신,컴퓨터 및 정보통신 기타,컴퓨터 및 정보통신 기업PR,(주)넥슨,넥슨정보통신
TELE295,2003,컴퓨터 및 정보통신,컴퓨터 및 정보통신 기타,컴퓨터 및 정보통신 기업PR,슈퍼페이지,슈퍼페이지
TELE296,2003,컴퓨터 및 정보통신,컴퓨터 및 정보통신 기타,컴퓨터 및 정보통신 기업PR,슈퍼페이지,슈퍼페이지
TELE297,2003,서비스,개인서비스,인테리어 서비스,물레방아설비,기업PR
TELE298,2003,컴퓨터 및 정보통신,컴퓨터 및 정보통신 기타,컴퓨터 및 정보통신 기업PR,슈퍼페이지,슈퍼페이지
TELE299,2003,컴퓨터 및 정보통신,컴퓨터 및 정보통신 기타,컴퓨터 및 정보통신 기업PR,슈퍼페이지,슈퍼페이지
TELE3(1),1980,서비스,여행,여행알선,뉴월드관광,뉴월드관광
TELE3(10),1980,"건설,건재 및 부동산",건설,건설,한신공영(주),한신공영주식회사
TELE3(100),1962,그룹 및 기업광고,그룹광고,그룹PR,대한합판상사,
TELE3(101),1962,"금융,보험및 증권","금융,보험 및 증권기타","금융,보험 및 증권 기업PR",대한교육보험주식회사,대한교육보험주식회사
TELE3(102),1962,그룹 및 기업광고,그룹광고,그룹PR,삼양제약주식회사,
TELE3(103),1962,서비스,음식 및 숙박,호텔,금수장호텔,금수장호텔
TELE3(104),1962,서비스,음식 및 숙박,호텔,대화호텔,대화호텔
TELE3(106),1977,가정용품,가정용 인테리어,커튼 및 브라인드,무궁화장식,
TELE3(107),1977,식품,식품 기타,식품 기업PR,롯데제과(주),
TELE3(108),1977,제약 및 의료,의료 및 보건기관,개인병원,을지병원,을지병원
TELE3(109),1977,서비스,운송,버스운송,한일교통,한일교통
TELE3(110),1977,서비스,여행,여행알선,범아관광주식회사,범아관광주식회사
TELE3(111),1977,서비스,여행,여행알선,금성관광,금성관광
TELE3(112),1977,수송기기,수송기기 기타,수송기기 기업PR,기아산업,기아
TELE3(113),1977,화장품 및 보건용품,화장도구,"이,미용구",대주산업㈜,
TELE3(114),1977,그룹 및 기업광고,그룹광고,그룹PR,중앙제작소,중앙제작소
TELE3(115),1977,가정용품,가정용 인테리어,커튼 및 브라인드,"대왕경금속공업사,제일카텐상사","대왕경금속공업사,제일카텐상사"
TELE3(116),1977,정밀기기 및 사무기기 ,문구류,노트 및 종이류,대우 전자사,하이퍼CC
TELE3(117),1977,그룹 및 기업광고,그룹광고,그룹PR,삼성판매장,삼성판매장
TELE3(118),1977,서비스,개인서비스,사진현상 및 인화,허바허바 사장,허바허바 사장
TELE3(119),1977,산업기기,산업기기 기타,산업기기 기타,삼부전기공업주식회사,삼부전기공업주식회사
TELE3(12),1968,식품,조미향신료,조미료,미풍산업,
TELE3(120),1977,산업기기,산업기기 기타,산업기기 기타,대우방재(소방)기업사,대우방재(소방)기업사
TELE3(121),1977,그룹 및 기업광고,그룹광고,그룹PR,대한방화설비주식회사,
TELE3(122),1977,가정용품,난방기기,보일러,동성보일러제작소,동성보일러제작소
TELE3(123),1977,가정용품,난방기기,보일러,고려강철주식회사,고려강철주식회사
TELE3(124),1977,서비스,개인서비스,장의,국제장의쎈타,국제장의쎈타
TELE3(125),1977,"건설,건재 및 부동산","건설,건재 및 부동산 기타","건설,건재 및 부동산 기업PR",동해천막사,동해천막사
TELE3(127),2000,교육 및 복지후생,교육기관,기술 및 자격학원,한국사회교육개발원,한국사회교육개발원
TELE3(128),2000,서비스,운송,육상화물운송,우진 익스프레스 주식회사,우진 익스프레스 주식회사
TELE3(129),2000,컴퓨터 및 정보통신,통신망,인터넷 통신망,(주)케이티,한국통신
TELE3(13),1968,가정용품,가정용 인테리어,커튼 및 브라인드,뉴카-텐센타,
TELE3(130),2000,정밀기기 및 사무기기,정밀기기 및 사무기기 기타,정밀기기 및 사무기기 기업PR,삼성전자(주),삼성전자
TELE3(131),2000,서비스,서비스 기타,서비스 기업PR,끼깔라 기획,끼깔라 기획
TELE3(132),2000,서비스,서비스 기타,서비스 기업PR,끼깔라 기획,끼깔라 기획
TELE3(133),2000,컴퓨터 및 정보통신,통신망,인터넷 통신망,(주)케이티,한국통신
TELE3(134),2000,컴퓨터 및 정보통신,통신망,인터넷 통신망,(주)케이티,한국통신
TELE3(135),2000,서비스,운송,육상화물운송,삼육익스프레스,삼육 익스프레스
TELE3(136),2000,서비스,서비스 기타,서비스 기업PR,한국전화번호부(주),한국전화번호부
TELE3(137),2000,서비스,물품임대,운송장비 임대,동원 렌터카,동원 렌터카
TELE3(138),2000,서비스,물품임대,운송장비 임대,렌터카 장원,렌터카 장원
TELE3(139),2000,서비스,운송,육상화물운송,미래창조 익스프레스,미래창조 익스프레스
TELE3(14),1968,가정용 전기전자,가정용 전기전자 기타,가정용 전기전자 제품종합,금성코너,금성코너
TELE3(140),2000,서비스,운송,육상화물운송,이사박사(주),이사박사
TELE3(141),2000,산업기기,산업기기 기타,산업기기 기타,가감앵글산업,가감앵글산업
TELE3(142),2000,컴퓨터 및 정보통신,통신망,인터넷 통신망,(주)케이티,한국통신
TELE3(143),2000,서비스,서비스 기타,서비스 기업PR,한국전화번호부(주),한국전화번호부
TELE3(144),2000,서비스,운송,항공화물운송,삼조해운항공,삼조해운항공
TELE3(146),1976,화학공업,화학제품,오디오 및 비디오테이프,외국어어학사,외국어어학사
TELE3(147),1976,서비스,서비스 기타,서비스 기업PR,진흥산업주식회사,진흥산업주식회사
TELE3(148),1976,제약 및 의료,의료 및 보건기관,종합병원,영락크리닉,영락크리닉
TELE3(149),1976,화학공업,고무 및 플라스틱,고무,제일소방공업㈜,고래표소방호수
TELE3(15),1968,"금융,보험및 증권","금융,보험 및 증권기타","금융,보험 및 증권 기업PR",대한교육보험주식회사,대한교육보험
TELE3(150),1976,가정용품,가구류,사무용 가구,수도보일러사,리바트 사무용 가구
TELE3(151),1976,서비스,음식 및 숙박,호텔,제주관광호텔,제주관광호텔
TELE3(153),2002,그룹 및 기업광고,그룹광고,그룹PR,팬아시아페이퍼,팬아시아페이퍼
TELE3(154),2002,서비스,운송,육상화물운송,(주)국민트랜스,㈜국민트랜스 서초점
TELE3(155),2002,그룹 및 기업광고,그룹광고,그룹pr,디자인 오노,디자인 오노
TELE3(156),2002,출판,신문,중앙신문,(주)세계일보,세계일보
TELE3(157),2002,출판,신문,중앙신문,(주)디지털타임즈,디지털 타임스
TELE3(158),2002,컴퓨터 및 정보통신,통신망,인터넷 통신망,(주)케이티,한국통신
TELE3(159),2002,출판,신문,경제신문,(주)서울경제신문,서울경제
TELE3(16),1968,서비스,음식 및 숙박,대중음식점,금문도,금문도
TELE3(160),2002,정밀기기 및 사무기기,문구류,노트 및 종이류,팬사이사페이퍼,팬사이사페이퍼
TELE3(161),2002,컴퓨터 및 정보통신,통신망,인터넷 통신망,하나로통신,하나로통신㈜
TELE3(162),2002,컴퓨터 및 정보통신,컴퓨터 및 정보통신 기타,컴퓨터 및 정보통신 기업PR,(주)케이티프리텔,KTF
TELE3(163),2002,컴퓨터 및 정보통신,컴퓨터 및 정보통신 기타,컴퓨터 및 정보통신 기업PR,(주)케이티프리텔,KTF
TELE3(164),2002,정밀기기 및 사무기기,문구류,노트 및 종이류,한국제지(주),한국제지
TELE3(165),2002,컴퓨터 및 정보통신,컴퓨터 및 정보통신 기타,컴퓨터 및 정보통신 기업PR,한국디지털위성방송(주),한국디지털위성방송
TELE3(166),2002,컴퓨터 및 정보통신,통신망,통신망 기타,(주)케이티,KT
TELE3(167),2002,컴퓨터 및 정보통신,통신망,통신망 기타,(주)케이티,KT
TELE3(17),1968,서비스,음식 및 숙박,대중음식점,대려도,대려도
TELE3(18),1968,서비스,음식 및 숙박,대중음식점,아서원,아서원
TELE3(19),1968,서비스,서비스 기타,서비스 기업PR,영화지업사,영화지업사
TELE3(2),1980,서비스,여행,여행알선,경남관광,경남관광
TELE3(20),1968,서비스,서비스 기타,서비스 기업PR,천우수출단보루공업사,천우수출단보루공업사
TELE3(21),1968,서비스,서비스 기타,서비스 기업PR,한국수출포장공업주식회사,한국수출포장공업주식회사
TELE3(22),1968,패션,패션 기타,패션 기업PR,금학타올,금학타올
TELE3(23),1968,서비스,서비스 기타,서비스 기업PR,대성천막,대성천막
TELE3(24),1968,"건설,건재 및 부동산","건설,건재 및 부동산 기타","건설,건재 및 부동산 기업PR",신안공업사,신안공업사
TELE3(25),1968,가정용품,가정용품 기타,가정용품 기업PR,한일공업,
TELE3(26),1968,서비스,여행,여행알선,국제관광공사,국제관광공사
TELE3(28),1992,음료 및 기호식품,비알콜음료,생수,북청물장수,북청물장수
TELE3(3),1980,그룹 및 기업광고,그룹광고,그룹PR,삼보지질주식회사,파나관광
TELE3(30),1992,컴퓨터 및 정보통신,컴퓨터 및 정보통신 기타,컴퓨터 및 정보통신 기업PR,(주)삼광기전,㈜삼광기전
TELE3(31),1992,컴퓨터 및 정보통신,컴퓨터 및 정보통신 기타,컴퓨터 및 정보통신 기업PR,㈜경성통신,㈜경성통신
TELE3(32),1992,서비스,운송,육상화물운송,한양익스프레스,한양익스프레스
TELE3(33),1992,가정용품,가구류,사무용 가구,미모아,미모아
TELE3(34),1992,가정용품,가구류,가정용 가구,대주산업㈜,
TELE3(35),1992,가정용품,가구류,사무용 가구,㈜목림아트팩,㈜목림아트팩
TELE3(36),1992,가정용품,가구류,사무용 가구,㈜을지리바트,㈜을지리바트
TELE3(37),1992,정밀기기 및 사무기기,정밀기기 및 사무기기 기타,정밀기기 및 사무기기 기업PR,크라운 골드 금고,크라운 골드 금고
TELE3(38),1992,가정용품,가정용품 기타,가정용품 기업PR,주식회사 헤드 윈,
TELE3(39),1992,가정용품,가정용품 기타,가정용품 기업PR,주)국보건장,
TELE3(4),1980,서비스,여행,여행알선,파나관광,파나관광
TELE3(40),1992,서비스,개인서비스,인테리어 서비스,주식회사 신광 인테리어,주식회사 신광 인테리어
TELE3(41),1992,서비스,개인서비스,인테리어 서비스,㈜토탈아트스페이스,㈜토탈아트스페이스
TELE3(42),1992,서비스,개인서비스,인테리어 서비스,홍인 디자인,홍인 디자인
TELE3(43),1992,컴퓨터 및 정보통신,컴퓨터 및 정보통신 기타,컴퓨터 및 정보통신 기업PR,뉴콤데이타시스템,뉴콤데이타시스템
TELE3(44),1992,컴퓨터 및 정보통신,컴퓨터 및 정보통신 기타,컴퓨터 및 정보통신 기업PR,혜성통신,혜성통신
TELE3(45),1992,컴퓨터 및 정보통신,컴퓨터 및 정보통신 기타,컴퓨터 및 정보통신 기업PR,전화시스템㈜,전화시스템㈜
TELE3(46),1992,컴퓨터 및 정보통신,컴퓨터 및 정보통신 기타,컴퓨터 및 정보통신 기업PR,제일통신,제일통신
TELE3(47),1992,컴퓨터 및 정보통신,컴퓨터 및 정보통신 기타,컴퓨터 및 정보통신 기업PR,세계전자통신㈜,세계전자통신㈜
TELE3(48),1992,컴퓨터 및 정보통신,통신기기,통신기기 기타,제3통신,제3통신
TELE3(49),1992,컴퓨터 및 정보통신,컴퓨터 및 정보통신 기타,컴퓨터 및 정보통신 기업PR,대신정보통신(주),대신정보통신주식회사
TELE3(5),1980,서비스,여행,여행알선,용진관광,용진관광
TELE3(51),1985,정밀기기 및 사무기기,사무기기,사무기기 기타,금성전기(주),금성전기㈜
TELE3(52),1985,컴퓨터 및 정보통신,통신기기,통신기기 기타,현대전자산업(주),현대전자
TELE3(53),1985,가정용품,가구류,사무용 가구,삼신양행,주)삼신양행
TELE3(55),1985,관공서 및 단체,관공서 및 단체 기타,관공서 및 단체 기업PR,관세청,관세청
TELE3(57),1964,음료 및 기호식품,비알콜음료,기타 과실음료,삼미식품공업주식회사,
TELE3(58),1964,음료 및 기호식품,알콜음료,소주,삼성상회,순곡미성소주
TELE3(59),1964,서비스,여행,여행알선,한국여행사,한국여행사
TELE3(6),1980,산업기기,농림축수산용 기기,"펄프, 제지 및 목재 가공기계",세대제지공업주식회사,세대제지공업주식회사
TELE3(60),1964,서비스,여행,여행알선,(주)경북관광,경북관광주식회사
TELE3(61),1964,서비스,개인서비스,결혼예식업,낙원예식장,낙원예식장
TELE3(62),1964,음료 및 기호식품,알콜음료,소주,봉조상사,봉조상사
TELE3(63),1964,그룹 및 기업광고,그룹광고,그룹PR,공작비니루상사,공작비니루상사
TELE3(64),1964,제약 및 의료,의료 및 보건기관,의료 및 보건기관 기타,동산약국,동산약국
TELE3(65),1964,음료 및 기호식품,알콜음료,소주,친우양조장,친우양조장
TELE3(66),1964,서비스,음식 및 숙박,여관,남양여관,남양여관
TELE3(67),1964,기초재,"석탄,석유 및 가스",석탄,주식회사대성,주식회사대성
TELE3(68),1964,기초재,"석탄,석유 및 가스",가스,삼정까스경북직매소,삼정까스경북직매소
TELE3(69),1964,서비스,운송,택시운송,구일택시,구일택시
TELE3(7),1980,가정용품,악기류,피아노,동일 피아노사,동일 피아노사
TELE3(71),1966,그룹 및 기업광고,그룹광고,그룹PR,경기염료 주식회사,경기염료 주식회사
TELE3(72),1966,서비스,서비스 기타,서비스 기업PR,주)동광목재상사,주)동광목재상사
TELE3(73),1966,패션,패션 기타,패션 기업PR,조선모직주식회사,조선모직주식회사
TELE3(74),1966,서비스,여행,여행알선,현대관광주식회사,현대관광주식회사
TELE3(75),1966,수송기기,수송기기 기타,수송기기 기업PR,대영실업,대영실업주식회사
TELE3(76),1966,가정용품,가정용 인테리어,커튼 및 브라인드,코리아카텐상사,
TELE3(77),1966,"건설,건재 및 부동산","건설,건재 및 부동산 기타","건설,건재 및 부동산 기업PR",한국스레트,한국스레트
TELE3(78),1966,패션,패션 기타,패션 기업PR,진양화학공업주식회사,진양화학공업주식회사
TELE3(79),1966,패션,패션 기타,패션 기업PR,태일실업주식회사,태일실업주식회사
TELE3(8),1980,가정용품,악기류,피아노,한일피아노사,한일 피아노
TELE3(80),1966,패션,신발류,캐줄얼화,동양고무,동양고무
TELE3(81),1966,식품,조미향신료,장류,신한제분주식회사,맛나니
TELE3(82),1966,서비스,서비스 기타,서비스 기업PR,우정,우정
TELE3(83),1966,패션,내의류,남녀 기초의류,조광무역,조광무역주식회사
TELE3(84),1966,서비스,서비스 기타,서비스 기업PR,남일산업주식회사,남일산업주식회사
TELE3(85),1966,패션,패션 신변용품,패션 액세서리,명성당,명성당
TELE3(86),1966,패션,패션 신변용품,패션 액세서리,명보사,명보사
TELE3(87),1966,화학공업,고무 및 플라스틱,타이어,흥아공업유한회사,흥아타이야
TELE3(89),1962,서비스,서비스 기타,서비스 기업PR,육일사,육일사
TELE3(9),1980,서비스,개인서비스,결혼예식업,진주 예식장,진주 예식장
TELE3(90),1962,정밀기기 및 사무기기,정밀기기 및 사무기기 기타,정밀기기 및 사무기기 기업PR,신한미싱제조주식회사,신한미싱제조주식회사
TELE3(91),1962,가정용품,가정용품 기타,가정용품 기업PR,건미산업사,
TELE3(92),1962,가정용품,가정용품 기타,가정용품 기업PR,"주)영본상회, 재건기업주식회사",
TELE3(93),1962,서비스,서비스 기타,서비스 기업PR,뉴-데자인연구소,뉴-데자인연구소
TELE3(94),1962,화학공업,고무 및 플라스틱,타이어,평화다이야공업사,평화다이야
TELE3(95),1962,식품,식품 기타,식품 기업PR,뉴서울,
TELE3(96),1962,패션,패션 신변용품,패션 액세서리,정금사,정금사
TELE3(97),1962,산업기기,산업기기 기타,산업기기 기타,태흥사,태흥사
TELE3(98),1962,가정용 전기전자,영상기기,TV,한국TV사,
TELE3(99),1962,"건설,건재 및 부동산","건설,건재 및 부동산 기타","건설,건재 및 부동산 기업PR",대일목재공업주식회사,대일목재공업주식회사
TELE300,2003,서비스,전문서비스,보안서비스,텔레캅서비스(주),KT텔레캅
TELE301,2003,컴퓨터 및 정보통신,컴퓨터 및 정보통신 기타,컴퓨터 및 정보통신 기업PR,문성칼라복사,기업PR
TELE302,2003,정밀기기 및 사무기기,문구류,노트 및 종이류,한국제지(주),기업PR
TELE303,1974,정밀기기 및 사무기기,정밀기기 및 사무기기 기타,정밀기기 및 사무기기 기업PR,삼양상사,기업PR
TELE304,1974,제약 및 의료,의료 및 보건기관,의료 및 보건기관 기타,미보약국,기업PR
TELE305,1974,제약 및 의료,의료 및 보건기관,개인병원,최형곤정형외과,기업PR
TELE306,1974,서비스,운송,육상화물운송,새부산이삿짐,기업PR
TELE307,1974,정밀기기 및 사무기기,정밀기기 및 사무기기 기타,정밀기기 및 사무기기 기업PR,성광벤드,기업PR
TELE308,1974,서비스,음식 및 숙박,대중음식점,오륙도불고기센타,기업PR
TELE309,1974,그룹 및 기업광고,그룹광고,그룹PR,신안공업사,기업PR
TELE310,1974,가정용품,생활잡화 및 기기,타올,송월타올(주),기업PR
TELE311,1974,"건설,건재 및 부동산",건재,건재 기타,유일미공사,기업PR
TELE312,1974,가정용품,가정용품 기타,가정용품 기업PR,평창금고공업사,기업PR
TELE313,1974,가정용 전기전자,가정용 전기전자 기타,가정용 전기전자 기업공고,금성중앙센타,기업PR
TELE314,1974,가정용 전기전자,가정용 전기전자 기타,가정용 전기전자 기업공고,제일전파사,기업PR
TELE315,1974,컴퓨터 및 정보통신,컴퓨터 및 정보통신 기타,컴퓨터 및 정보통신 기업PR,태림전화사,기업PR
TELE316,1974,가정용 전기전자,영상기기,카메라,제일카메라,기업PR
TELE317,1974,컴퓨터 및 정보통신,컴퓨터 및 정보통신 기타,컴퓨터 및 정보통신 기업PR,대지전화공사,기업PR
TELE318,1974,컴퓨터 및 정보통신,컴퓨터 및 정보통신 기타,컴퓨터 및 정보통신 기업PR,아주전화사,기업PR
TELE319,1974,컴퓨터 및 정보통신,컴퓨터 및 정보통신 기타,컴퓨터 및 정보통신 기업PR,새한전화사,기업PR
TELE320,1974,"건설,건재 및 부동산",건재,건재 기타,제일광고네온사,기업PR
TELE321,1974,컴퓨터 및 정보통신,컴퓨터 및 정보통신 기타,컴퓨터 및 정보통신 기업PR,제일전화사,기업PR
TELE322,1974,컴퓨터 및 정보통신,컴퓨터 및 정보통신 기타,컴퓨터 및 정보통신 기업PR,8.2사,기업PR
TELE323,1974,컴퓨터 및 정보통신,컴퓨터 및 정보통신 기타,컴퓨터 및 정보통신 기업PR,쌍광전화사,기업PR
TELE324,1974,제약 및 의료,의료 및 보건기관,개인병원,부산종합욋과병원,종합욋과병원
TELE325,1974,가정용 전기전자,가정용 전기전자 기타,가정용 전기전자 기업PR,금성사,기업PR
TELE326,1973,음료 및 기호식품,비알콜음료,콜라,한국펩시콜라(주),시콜라
TELE327,1973,가정용품,가정용품 기타,가정용품 기업PR,부일금고공업사,기업PR
TELE328,1973,음료 및 기호식품,알콜음료,소주,대선주조(주),기업PR
TELE329,1973,가정용품,악기류,피아노,한국피아노,케니히/케-규타인
TELE330,1973,"건설,건재 및 부동산",건재,건재 기타,예광사,기업PR
TELE331,1973,교육 및 복지후생,교육기관,어학학원,SDA영어센타,SDA영어센타
TELE332,1973,교육 및 복지후생,교육기관,초중고등학교,한얼재건중고등학교,한얼재건중고등학교
TELE333,1973,"건설,건재 및 부동산","건설,건재 및 부동산 기타","건설,건재 및 부동산 기업PR",삼성상회,언슈로화인
TELE334,1973,서비스,개인서비스,개인서비스 기타,금성북부센타,기업PR
TELE335,1973,관공서 및 단체,관공서 및 단체 기타,관공서 및 단체 기업PR,부산체신청,기업PR
TELE336,1973,가정용품,악기류,피아노,신신피아노사,호루겔 피아노
TELE337,1973,패션,스포츠 전문복,스포츠 전문복 제품종합,부영사,기업PR
TELE338,1973,그룹 및 기업광고,그룹광고,그룹PR,한국전화번호부(주),전화번호부 광고
TELE339,1972,화학공업,고무 및 플라스틱,타이어,삼양타이어,삼양타이어
TELE340,1972,수송기기,수송기기 기타,수송기기 기업PR,태림자동차공업사,기업PR
TELE341,1972,그룹 및 기업광고,그룹광고,그룹PR,신혼예식장,기업PR
TELE342,1972,그룹 및 기업광고,그룹광고,그룹PR,영남예식장,기업PR
TELE343,1972,그룹 및 기업광고,그룹광고,그룹PR,월세계예식장,기업PR
TELE344,1972,서비스,음식 및 숙박,호텔,푸라자호텔,기업PR
TELE345,1972,그룹 및 기업광고,그룹광고,그룹PR,송월타올(주),기업PR
TELE346,1972,관공서 및 단체,관공서 및 단체 기타,관공서 및 단체 기업PR,부산체신청,기업PR
TELE347,1972,가정용품,난방기기,보일러,서원열공업사,S.W보일러
TELE348,1972,"금융,보험및 증권","금융,보험 및 증권기타","금융,보험 및 증권 기업PR",환영무진,기업PR
TELE349,1971,화학공업,고무 및 플라스틱,타이어,삼양타이어,삼양타이어
TELE350,1971,컴퓨터 및 정보통신,컴퓨터 및 정보통신 기타,컴퓨터 및 정보통신 기업PR,경동전화사,기업PR
TELE351,1971,컴퓨터 및 정보통신,컴퓨터 및 정보통신 기타,컴퓨터 및 정보통신 기업PR,배다리전화사,기업PR
TELE352,1971,컴퓨터 및 정보통신,컴퓨터 및 정보통신 기타,컴퓨터 및 정보통신 기업PR,한일전화사,기업PR
TELE353,1971,컴퓨터 및 정보통신,컴퓨터 및 정보통신 기타,컴퓨터 및 정보통신 기업PR,서울전화사,기업PR
TELE354,1971,교육 및 복지후생,교육기관,기술 및 자격학원,인천자동차운전교습소,운전교습소안내
TELE355,1971,컴퓨터 및 정보통신,컴퓨터 및 정보통신 기타,컴퓨터 및 정보통신 기업PR,금성전화사,기업PR
TELE356,1971,교육 및 복지후생,교육기관,기술 및 자격학원,중앙자동차기술학원,기업PR
TELE357,1971,그룹 및 기업광고,그룹광고,그룹PR,형제사,기업PR
TELE358,1971,그룹 및 기업광고,그룹광고,그룹PR,인천특수고무공업사,기업PR
TELE359,1971,정밀기기 및 사무기기,정밀기기 및 사무기기 기타,정밀기기 및 사무기기 기업PR,동창형기공어밧,기업PR
TELE360,1971,서비스,개인서비스,개인서비스 기타,한국TV수리쎈타,기업PR
