광고소재등록일,대업종,중업종,소업종,인공지능(AI) 인식 키워드,수동 키워드
2021-07-14,서비스,개인서비스,세탁염색및청소,"거울,그릇,나무,나무마루,노트북,도로,불빛,사람,소파,시계,유리병,의자,자동차,창문가리개,책,천장,커튼,핸드폰","걸레질,닦다,로우앵글,바이바이,밝은,소프트포커스,여성성우,주부,줌인,화면분할"
2021-07-14,서비스,개인서비스,세탁염색및청소,"노트북,사람,소파,유리병,책,핸드폰","거실,걸레질,경쾌한,누르다,닦다,밝은,소프트포커스,여성성우,패닝,형광펜"
2021-07-14,서비스,개인서비스,세탁염색및청소,"거울,사람,창문가리개,핸드폰","거품,경쾌한,누르다,닦다,돌다,밝은,소프트포커스,여성성우,욕실,짜다,착용"
2021-07-14,서비스,개인서비스,세탁염색및청소,"사람,소파,시계,의자,책,천장,커튼,테이블,핸드폰,화분에 심은 식물","거실,경쾌한,누르다,로우앵글,미소,밀다,밝은,줌아웃,줌인,진공청소기"
2021-07-14,서비스,개인서비스,세탁염색및청소,"그릇,나무,사람,자동차,천장,콘크리트 벽,포장 도로,핸드폰","나도 할 수 있을까?,배웅하다,생활연구소,손을 흔들다,아이를 키우며 할 수 있는 일,업무를 선택하다,유연근무,일정을 확인하다,일하다,자유롭게,짬짬이,청소연구소 매니저,청소하다,휴대폰을 누르다"
2022-11-29,산업기기,전기관련기계,전기관련기계기타,"김보라(1995),바닥,사람,식탁,의자,책,천장,컵","나노씨엠에스,누르다,다가가다,둘러 앉아서,들다,마주 보며,서서히,엉켜있는,열리다,퍼지다,한데 모여"
2022-11-29,산업기기,전기관련기계,전기관련기계기타,"넥타이,바닥,사람,식탁,의자,책,천장,컵,콘크리트 벽","공간,기술의,깨끗한,나노,살균,센서,전자기기,카페,쾌적한,테이블,혁신의"
2022-11-29,산업기기,전기관련기계,전기관련기계기타,"노트북,사람,의자,천장,콘크리트 벽","공간,기술의,깨끗한,나노,사무실,살균,센서,오피스,전자기기,쾌적한,혁신의"
2022-11-29,산업기기,전기관련기계,전기관련기계기타,"노트북,바닥,사람,의자,천장,컵,콘크리트 벽","CMS,NANOCMS,UVC,V-GUARD 222,감지,공간,나노,동작,들어오는,무해한,바라보다,바이러스,살균,살균하다,센서,안심ZONE,안심존,안심하다,완료되다,외선,원자,인식하다,인체"
2022-11-29,산업기기,전기관련기계,전기관련기계기타,"바닥,사람,의자,천장,컵","나노씨엠에스,다가가다,둘러 앉아서,들다,마주 보며,서서히,엉켜있는,퍼지다,한데 모여"
2022-11-29,산업기기,전기관련기계,전기관련기계기타,"바닥,사람,의자,천장,컵,콘크리트 벽","공간 살균 V GUARD 222,나노씨엠에스,눈이 내리는,동작감지센서,들어서다,바이러스 안심존,바이러스 제거,바이러스 카페,어두운,원자외선,자동 살균,흰색의"
2022-11-29,산업기기,전기관련기계,전기관련기계기타,"노트북,배낭,사람,와인잔,의자,천장","나노씨엠에스,나란히,누르다,다가가다,들다,마주 보며,서서히,앉아서,엉켜있는,열리다,퍼지다,한데 모여,흘낏"
2022-11-29,산업기기,전기관련기계,전기관련기계기타,"노트북,바닥,사람,의자,천장,콘크리트 벽","공간,기술의,깨끗한,나노,사무실,살균,센서,오피스,전자기기,쾌적한,혁신의"
2022-05-31,화장품및보건용품,여성기초화장품,여성기초화장품기타,"모래시계,사람,앰플,유진","CG,내려보다,누르다,분위기,비트,소프트포커스,우아한,줌아웃,줌인,클로즈업,포즈,피부"
2022-05-31,제약및의료,의료기기,의료기기기타,"사람,유진,콘크리트 벽","PDO 고분자,깔끔한 화면구성,모델의존도 높은,미세입자필러,울트라브이,울트라콜,유진,의료기기,피부연구,화장품 같은"
2022-08-24,화장품및보건용품,여성기초화장품,여성기초화장품기타,"사람,유진,천장","강력한,고급,기능성화장품,내 피부,드레스,무대,변화,볼을 쓰다듬다,세련된,스튜디오,울트라브이,이데베논 프레스티지 앰플,이데베논으로 올리자,조명,프리미엄,행복한,화장품"
2022-08-17,제약및의료,의료기기,의료기기기타,"김지석,냉장고,넥타이,사람,소파,의자,창,책,콘크리트 벽","간편하게,남성피부,더 깊숙히,듀얼레이어,듀얼소닉,어디서나,언제나,지온메디텍,탄력있는,피부관리,홈케어,확실한 효과"
2022-08-12,제약및의료,의료기기,의료기기기타,"넥타이,사람,소파,의자,창,책,콘크리트 벽","걷다,남성의,레이저,마사지하다,만족하는,문지르다,신뢰하다,얼굴,의료기기,탄력있는,피부"
2022-07-22,제약및의료,의료기기,의료기기기타,"김나영,박민영,사람,소파,스튜디오 촬영장 조명,유리병,의자,창,책,커튼,컵,타일 벽,하늘,화분에 심은 식물","간편하게,더 깊숙히,듀얼레이어,듀얼소닉,어디서나,언제나,지온메디텍,탄탄해지는,피부관리,홈케어,확실한 효과"
2022-07-18,제약및의료,의료기기,의료기기기타,"반사광 우산,반사광우산,사람,소파,제품,창,책,커튼,콘크리트 벽,화분에 심은 식물","DUAL SONIC,간편한,관리하다,김유진,깊이,달라지다,듀얼 레이어,듀얼 소닉,미용기기 효과,바쁘다,스튜디오,유진,조명기기,차이,차이나다,책읽다,촬영하다,탄력,피부관리,피부탄력,화보 촬영"
2022-07-22,제약및의료,의료기기,의료기기기타,"사람,소파,의자,창,책,커튼,콘크리트 벽,화분에 심은 식물","당당한,레이저,만족스러운,매끄러운,미용,부드러운,신뢰하다,여성의,의료기기,편리한"
2022-08-18,제약및의료,의료기기,의료기기기타,"넥타이,사람,소파,유진,의자,창,책,커튼,콘크리트 벽,화분에 심은 식물","간편한,관리하다,꾸미다,남자의 분위기,넥타이을 매다,달라지다,대본을 보다,더 깊숙이 달라지는,듀얼레이어 기술,듀얼소닉,맛사지 하다,생각하는,세안 하다,웃다,지온메디텍,집에 오다,차이나다,책읽다,촬영하다,퇴근하다,피부관리,피부탄력,흑백의"
2022-07-18,제약및의료,의료기기,의료기기기타,"나무,사람,소파,유리병,의자,창,책,촬영스튜디오 조명기구,커튼,컵,하늘,화분에 심은 식물","간편하게,더 깊숙히,듀얼소닉,어디서나,언제나,지온메디텍,탄탄해지는,피부관리,홈케어,확실한 효과"
2022-08-12,제약및의료,의료기기,의료기기기타,"사람,옷,의자,창,책,천장,커튼,콘크리트 벽","김지석,꾸미다,남자의 분위기,넥타이을 매다,대본을 보다,더 깊숙이 달라지는,듀얼레이어 기술,듀얼소닉,맛사지 하다,생각하는,세안 하다,웃다,지온메디텍,집에 오다,퇴근하다,피부탄력,흑백의"
2022-08-17,제약및의료,의료기기,의료기기기타,"김지석,냉장고,배낭,사람,옷,유리병,의자,창,책,천장,칫솔,커튼,컵,콘크리트 벽,타월,텔레비전","간편하게,남성피부,더 깊숙히,듀얼레이어,듀얼소닉,어디서나,언제나,지온메디텍,탄력있는,피부관리,홈케어,확실한 효과"
2023-03-13,가정용전기전자,가정용전기전자기타,가정용전기전자기타,"사람,옷,유진,콘크리트 벽","감탄,관리하다,듀얼소닉,맥시멈,벽에 붙인,얼굴 마사지,요가하는,운동하다,웃다,지온메디텍,탄력,탄성,피부,피부관리기"
2023-02-28,가정용전기전자,가정용전기전자기타,가정용전기전자기타,"미용기기,사람,유진","SES,그림자,기대다,놀라다,마사지,미소,밝은,스트레칭,싱글샷,아름다운,응시,차분한,클로즈업,포즈,피부 관리,하얀,하이앵글,핸드헬드,환한"
2023-02-27,가정용전기전자,가정용전기전자기타,가정용전기전자기타,"넥타이,사람,유진,콘크리트 벽","관리하다,꾸준히,끌어올리다,단 하나의,맥시멈,아름다운,운동하다,자신만의,전하는,중요하다,타고난,탄성,피부,피부관리기"
2023-01-05,가정용전기전자,가정용전기전자기타,가정용전기전자기타,"미용기구,사람,유진","관리,그림자,마사지,만족,미소,밝은,스트레칭,싱글샷,아름다운,응시,클로즈업,포즈,하이앵글,화사한"
2023-03-29,가정용전기전자,가정용전기전자기타,가정용전기전자기타,"매트,미용기구,사람,유진","그림자,내레이션,마사지,밝은,빛나는,스트레칭,싱글샷,예쁜,응시,차분한,클로즈업,탄성,포즈,피부,하얀,홈트,환한"
2023-03-31,가정용품,가정용품기타,가정용품기타,"사람,소파,유진,컵","거울,꺼내다,만져보다,문지르다,살살,살펴보다,소파,앉은 채,엎드린 채,열어 젖히다,요리 조리,지온메디텍,집어 들다,편안한,화장대"
2023-03-31,가정용품,가정용품기타,가정용품기타,"사람,소파,유리병,유진,의자,컵,핸드폰","거울,꺼내다,만져보다,문지르다,살살,살펴보다,소파,앉은 채,엎드린 채,열어 젖히다,요리 조리,지온메디텍,집어 들다,편안한,화장대"
2023-07-06,화장품및보건용품,화장품및보건용품기타,화장품및보건용품기타,"사람,유진,컵","건강한,곡선,미용기기,얼굴,여성의,예쁘게,유지하는,전자용품,클리닉,피부"
2022-06-29,식품,건강식품,건강식품제품종합,"건물,공유,나무,마우스,바닥,사람,산,의자,창문가리개,컵,테이블,통,하늘","강렬한,그림자,대조,돌리다,돌아보다,복제,열다,인상적인,재미있는,점등,차분한,핑거팁,화면분할"
2022-06-29,식품,건강식품,건강식품제품종합,"건물,공유,나무,마우스,목재 벽,사람,산,식탁,옷,의자,창문가리개,커튼,컵,콘크리트 벽,테이블,하늘,화분에 심은 식물","Tak,건강기능식품,건강함,고맙습니다,고품질,덴마크,덴프스,비타민,에이치피오,연구,유산균"
2022-06-29,식품,건강식품,건강식품제품종합,"건물,공유,나무,마우스,목재 벽,사람,산,식탁,옷,의자,창문가리개,커튼,컵,콘크리트 벽,하늘,화분에 심은 식물","건강기능식품,건강한,남성의,두드리다,비타민,신선한,젊은,치다,프리미엄,활력있는"
2022-06-29,식품,건강식품,건강식품제품종합,"건물,공유,나무,마우스,바닥,사람,산,식탁,의자,창문가리개,컵,테이블,통,하늘,화분에 심은 식물","강렬한,걷다,그림자,핑거팁,꺼내다,놓다,대조,돌리다,돌아보다,복제,쏟다,열다,인상적인,재미있는,점등,차분한,화면분할"
2022-10-05,화장품및보건용품,모발 및 목욕용제,"샴푸,린스","강형욱,사람,유리병","가져다대다,고개를 숙인채,뒤돌아보다,레시피,메디올,무표정한,쓰다듬어 올리다,잔뜩,잡아뜯다,청정샴푸,헝클어뜨리다,화난"
2022-11-17,화장품및보건용품,모발 및 목욕용제,"샴푸,린스","가위,드라이기,사람,유리병,콘크리트 벽","가위,드라이기,메디올,반복,볼륨있다,부드럽다,샴푸,스타일링,이세희,지치다,청정하다,특허성분,파마머리,휘날리다"
2022-01-11,화장품및보건용품,모발 및 목욕용제,"샴푸,린스","넥타이,사람,소파,창","RCP-B COMPLEX,가족,감다,관리하다,깨끗하게,두피청정샴푸,레시피,메디올,모두,상쾌하다,이세희,지현우,청정머리결,청정머리피부,특허성분"
2022-01-14,화장품및보건용품,모발 및 목욕용제,"샴푸,린스","사람,유리병,자동차,지현우,트럭,하늘","고민,다음날까지,래시피,메디올,비듬각질,이세희,청정머리,청정샴푸,청정한 기분,탈모,헤어볼륨"
2022-12-05,화장품및보건용품,모발 및 목욕용제,"샴푸,린스",사람,"레시피,만족한,메디올이 필요해,모양을 만드는,무스를 바르는,스타일링,웃다,짜증나는,청정샴푸,청정하게,흑백의,힘들다"
2022-01-06,화장품및보건용품,모발 및 목욕용제,"샴푸,린스","넥타이,배너,베너,사람,소파,유리병,창,창문가리개,커튼,콘크리트 벽","MED:ALL,RCP-B COMPLEX,가족,감다,관리하다,깨끗하게,머릿결,메디올,모두,상쾌하다,샴푸,청정머리,청정샴푸,특허성분"
2022-10-05,화장품및보건용품,모발 및 목욕용제,"샴푸,린스","사람,옷","권하다,만족스런,머리카락,모발용품,샴푸,신선한,아름다운,여성의,즐거운,찰랑거리다"
2022-11-16,화장품및보건용품,모발 및 목욕용제,"샴푸,린스","사람,콘크리트 벽","내 마음대로,레시피,메디올 샴프,메디올이 필요해,무스를 바르다,블랙프라이데이,스타일링,스프레이를 뿌리다,짜증나는,청정샴푸,청정하게,흑백의"
2022-11-03,화장품및보건용품,모발 및 목욕용제,"샴푸,린스","사람,옷","가려운,레시피,만족한,메디올이 필요해,볼륨있게,부드럽다,비듬,스타일링,웃다,지치다,찰랑거리다,청정샴푸,흑백의"
2022-10-05,화장품및보건용품,모발 및 목욕용제,"샴푸,린스","병,사람,지현우","건들건들,괴로운,넘기다,미소,반말,스타일링,싱글샷,재미있는,줌인,쥐어뜯다,청정,클로즈업,특허성분,포즈,화면분할,흑백"
2022-11-14,화장품및보건용품,모발 및 목욕용제,"샴푸,린스","가위,사람,유리병,콘크리트 벽","가지런하다,만족스런,매력적인,모발용품,샴푸,엉키다,여성의,차분한,케어하다,효과있는"
2022-12-05,화장품및보건용품,모발 및 목욕용제,"샴푸,린스","가위,사람,유리병,이세희,콘크리트 벽","가위,드라이기,메디올,반복,볼륨있다,부드럽다,샴푸,스타일링,이세희,지치다,청정하다,특허성분,파마머리,휘날리다"
2022-10-05,화장품및보건용품,모발 및 목욕용제,"샴푸,린스","가위,사람,유리병,헤어 드라이기","가져다 대다,뒤돌아보다,레시피,메디올,무표정한,빗질하다,자르다,지친,찰랑이다,청정샴푸,턱을괴다,휘날리는"
2022-10-05,화장품및보건용품,모발 및 목욕용제,"샴푸,린스",사람,"감다,권하다,남성의,만족스런,머리카락,멋내는,모발용품,샴푸,신선한,즐거운"
2022-11-03,화장품및보건용품,모발 및 목욕용제,"샴푸,린스","사람,옷,유리병,최명빈,콘크리트 벽","가위,드라이기,메디올,반복,볼륨있다,부드럽다,샴푸,스타일링,이세희,지치다,청정하다,특허성분,파마머리,휘날리다"
2022-11-03,화장품및보건용품,모발 및 목욕용제,"샴푸,린스","사람,유리병,천장,콘크리트 벽","걱정,걱정스런,기분 안 좋은,망치다,머리,바라다,세일하다,속상하다,스타일,스타일링,실망한,지현우,청정한,필요하다,헤어"
2022-01-11,화장품및보건용품,모발 및 목욕용제,"샴푸,린스","넥타이,사람,샴푸 용기,소파,의자,이성경,창,창문가리개,커튼,콘크리트 벽,하늘,핸드폰","깨끗,둘째도,레시피,막내도,메디올,비결이 뭐지,상쾌,아빠도,첫째도,청정 머리피부,청정머릿결,청정샴푸,특허성분"
2022-11-03,화장품및보건용품,모발 및 목욕용제,"샴푸,린스","가위,사람","가려운,드라이하는,레시피,만족한,메디올이 필요해,반복된,볼륨있게,부드럽다,비듬,스타일링,웃다,지치다,찰랑거리다,청정샴푸,흑백의"
2022-01-14,화장품및보건용품,모발 및 목욕용제,"샴푸,린스","배너,사람,자동차,제품,하늘","고민,대화,들다,떡지는,바디용품,볼륨,샴푸,앉다,운전하다,자동차,정장화장품,헤어"
2022-01-14,화장품및보건용품,모발 및 목욕용제,"샴푸,린스","사람,유리병,자동차,지현우,하늘,헨리","고민,다음날까지,래시피,메디올,비듬각질,이세희,청정머리,청정샴푸,청정한 기분,탈모,헤어볼륨"
2023-02-03,화장품및보건용품,모발 및 목욕용제,"샴푸,린스","병,사람,지현우","기분좋은,만지다,불만,뿌리다,싱글샷,쓸어넘기다,응시,줌인,짜다,짜증,클로즈업,특허성분,흑백"
2023-01-04,화장품및보건용품,모발 및 목욕용제,"샴푸,린스","사람,옷,유리병","나란히,돌리다,레시피,쓸어 올리다,양 손으로,쥐어 뜯다,찡그리다,찰랑 찰랑,클로즈업,허리춤에 손을 올린채"
2022-09-22,화학공업,화학공업기타,화학공업기업PR,"강,나무,물,사람,하늘","기술의,로프,미세플라스틱,보호하다,위험한,지키다,친환경,혁신의,화학용품,환경의"
2022-09-22,화학공업,화학공업기타,화학공업기업PR,"나무,배너,사람,하늘","대한민국 기술,로프,미세플라스틱,미세플라스틱이 날리다,밧줄리 끈어지다,세계자연유산,스마트로프,안전로프,야간가이드 용이,제주도,축광기능,플라스틱,환경 친화적"
2022-10-04,화장품및보건용품,화장품및보건용품기타,화장품및보건용품기타,"가스레인지,그릇,넥타이,사람,선반,세면대,소파,숟가락,식탁,유리병,의자,창,창문가리개,책,커튼,컵,키보드,타일 벽,테이블,화분에 심은 식물","경쾌한,놀라다,닦다,먹다,모녀,미소,밝은,뽑다,뿌리다,서빙,소프트포커스,시중,싱글샷,여성성우,웨이터,줌인,타이핑"
2022-08-08,화장품및보건용품,가정및보건용제지,물티슈,"건물,그릇,넥타이,벽,사람,소파,숟가락,식탁,오븐,유리병,의자,창,책,카운터,커튼,컵,콘크리트 벽,키보드,타일 벽,화분에 심은 식물","깨끗한,닦다,말끔한,물티슈,보건용품,사랑스러운,오염된,치우다,필요한,흘리다"
2022-08-08,화장품및보건용품,가정및보건용제지,물티슈,"그릇,김미숙,넥타이,사람,소파,숟가락,식탁,유리병,의자,창,책,커튼,컵,키보드,타일 벽,화분에 심은 식물","PC모니터,그릇,나비 넥타이,닦다,뽑다,소파,스프레이,식탁,의자,접시,지크린텍,창문,커튼,쿠션,키보드,티슈,화분"
2020-12-10,그룹및기업광고,기타광고,기타기업기타,"나무,사람,산,의자,컵,하늘","대화하다,리모델링,미소,바라보다,연륜,잔잔한,추억,회상하다"
2021-07-27,"건설,건재및부동산",건설,건설기타,"꽃병,넥타이,사람,선반,소파,시계,의자,자전거,책,트럭,화분에 심은 식물","말하다,변호사,설명하다,소개하다,인터뷰하다,전문적인,카메라를 보며,컬러,확대,효과음,흑백"
2022-07-27,정밀기기및사무기기,계량기및계측기,계량기및계측기기타,"건물,도로,사람,자동차,핸드폰","기술의,남성의,누르다,만족하는,열다,웃는,자동차,진단하다,편리한,혁신의"
2022-07-20,정밀기기및사무기기,계량기및계측기,계량기및계측기기타,"건물,넥타이,도로,벽돌 벽,사람,자동차,포장 도로,핸드폰","기술의,남성의,다가오다,디지털,서비스,앱,자동차,전문적인,진단하다,혁신의"
2022-07-26,정밀기기및사무기기,계량기및계측기,계량기및계측기기타,"건물,넥타이,도로,벽돌 벽,사람,자동차,포장 도로,핸드폰","기술의,남성의,누르다,만족하는,열다,웃는,자동차,진단하다,편리한,혁신의"
2022-07-27,수송기기,수송기기기타,수송기기기업PR,"건물,도로,사람,자동차,핸드폰","infocar,가장 안전한 차,내가 잘 아는차,내차를 아는것 부터,데이터분석,빅데이터,세상에서,시작,인포카,차량진단"
2023-08-18,정밀기기및사무기기,보안기기,보안기기제품종합,"건물,벽돌 벽,사람,자동차,천장,핸드폰","데이터 분석,문을 여는,분석하다,아는 것,안전,안전한 차,운전대를 잡은,인포카,차량 진단,출발하다,터치하다,헤드라이트"
2022-06-09,서비스,문화및공연,"전시, 박람회 및 학술회의","그릇,꽃병,사람,소파,식탁,와인잔,유리병,의자,창,천장,컵,콘크리트 벽,화분에 심은 식물","가구단지,대량의,소비하는,소파,쇼핑몰,식탁,장롱,정기세일,즐거운,창고정리,할인"
2017-04-11,서비스,문화및공연,"전시, 박람회 및 학술회의","사람,천장,하멜등대,화분에 심은 식물","가구,가전제품,나열,내레이션,다양한,밝은,생활용품,여성성우,인테리어,전시하다,하이앵글,화면분할"
2022-06-22,서비스,문화및공연,"전시, 박람회 및 학술회의","그릇,꽃병,바닥,배너,사람,소파,식탁,와인잔,유리병,의자,창,컵,콘크리트 벽,하늘,화분에 심은 식물","가구,가정용품,군산,리퍼브,박람회,욕실용품,제품,컨벤션세터,한자리,홈리빙,홈인테리어"
2023-03-08,서비스,문화및공연,"전시, 박람회 및 학술회의","건물,구름,노트북,배낭,사람,소파,시계,옷,의자,자동차,집,천장","건축,관람하는,농막,대전건축박람회,보여주는,사람이 많은,상담하는,이앤애드,인테리어 자재,전시하는,한자리에 모인"
2023-03-15,서비스,문화및공연,"전시, 박람회 및 학술회의","사람,유모차","가족,경쾌한,경품,둘러보다,밝은,여성성우,유아교육,육아용품,인파,장난감,줌인,하이앵글,화면분할,흔들리다"
2023-08-08,서비스,문화및공연,"전시, 박람회 및 학술회의",사람,"8월,경품,광주맘아랑베이비페어,김대중컨벤션센터,다양한,대규모,사랑,아이의 꿈,유아교육,육아용품,이앤애드,장난감,전시"
2018-06-07,서비스,문화및공연,"전시, 박람회 및 학술회의","눈,비행기,사람,울산대교전망대,인천대교,텔레비전,하늘","다양한,베이비페어,영유아식품,유아교육,육아,이벤트,임산부,임산부서비스,임산부용품,출산용품,태교용품"
2018-04-27,서비스,문화및공연,"전시, 박람회 및 학술회의","구름,그릇,금속,사람,소파,식탁,와인잔,유리병,의자,컵,콘크리트 벽","가정용품,다양한,박람회,생활가전,생활용품,세종,욕실용품,인테리어,주방가전"
2018-04-27,서비스,문화및공연,"전시, 박람회 및 학술회의","눈,비행기,사람,오토바이,울산대교전망대,하늘","경품,교육프로그램,다양한,대전,베이비페어,영유아식품,이벤트,임산부용품,임신,출산,출산용품,태교용품"
2018-03-13,서비스,문화및공연,"전시, 박람회 및 학술회의","건물,기차,배낭,벽돌 벽,사람,의자,창,타일 벽,텔레비전,핸드백","건설자재,건축,그래픽,내레이션,다양한,대전,박람회,인테리어,특별한,펼쳐지다"
2018-07-25,서비스,문화및공연,"전시, 박람회 및 학술회의","건물,노트북,리모트컨트롤,배낭,사람,서핑보드,자동차,책,커튼,키보드,핸드백,핸드폰","개최하다,그래픽,내레이션,다양한,대전,베이비페어,유아교육,육아용품,이벤트,임신,출산,판매하다"
2018-07-13,서비스,문화및공연,"전시, 박람회 및 학술회의","눈,비행기,사람,울산대교전망대,인천대교,자동차,텔레비전,하늘","개최하다,그래픽,내레이션,다양한,베이비페어,유아교육,육아용품,이벤트,전시하다,판매하다"
2017-09-19,서비스,문화및공연,"전시, 박람회 및 학술회의","건물,경주타워,곰인형,비행기,사람,오토바이,자동차,책,트럭","경품,다양한,베이비페어,유아교육,육아용품,이벤트,임산부,임신,출산,출판"
2017-08-29,서비스,문화및공연,"전시, 박람회 및 학술회의","금속,냉장고,베너,사람,의자,텔레비전,하늘","가구,개최하다,건축자재,다양한,대전,리빙,인테리어,전시하다,초대하다,축제"
2021-08-30,서비스,문화및공연,"전시, 박람회 및 학술회의","사람,천장","가족,교육,대전,밝은,베이비페어,신나는,유아,육아용품,이벤트,임신,즐거운,출산,컨벤션센터,프로그램,행복한"
2022-09-27,서비스,전문서비스,전문서비스기타,"건물,넥타이,노트북,마우스,사람,식탁,유리병,의자,창,책,천장,컵,키보드,탁상용의 물건,핸드폰","그룹,기술의,기업,대응하다,디지털,발전하다,성범죄,전문적인,젊은,혁신의,홍보"
2022-09-27,서비스,전문서비스,전문서비스기타,"건물,넥타이,노트북,사람,산,식탁,안경,유리병,의자,창,천장,추대엽 카피추,컵,텔레비전,핸드폰","긁적이다,긴박한,두드리다,라바웨이브,의논하다,전문적인,찾아내다,탐색하다,통화하다,팔짱끼다,함께모여"
2022-05-27,제약및의료,의료기기,의료기기기타,"구름,모래,사람,유지태,하늘","간편한,걱정스런,권하는,기침,기침하다,답답하다,베트라,불편한,시원한,유지태,의료기기,입다,입어서 폐속까지 깨끗하게,착용하다,침전물,코러스트,폐청결,폐호흡"
2022-01-21,제약및의료,의료기기,의료기기기타,"사람,유지태","건강을 지키는,나이 든,새로운,약해 보이는,유지태,의료기기,책임감을 느끼는,첨단을 달리는,콜록콜록 하다,폐 청결,폐 침전물 배출,힘들어 하는"
2022-04-27,제약및의료,의료기기,의료기기기타,"구름,모래,벽,사람,유지태,콘크리트 벽","간편한,걱정스런,권하는,기침,기침하다,답답하다,베트라,불편한,시원한,유지태,의료기기,입다,입어서 폐속까지 깨끗하게,착용하다,침전물,코러스트,폐청결,폐호흡"
2022-05-12,제약및의료,의료기기,의료기기기타,"구름,모래,벽,사람,유지태,하늘","건강한,기침하는,깨끗한,눕다,답답한,불편한,의료기기,청결한,폐,효과있는"
2022-05-27,제약및의료,의료기기,의료기기기타,"구름,모래,사람,사이먼도미닉,소파,스케이트보드,유지태,핸드폰","기술의,기침하다,깨끗한,만족스런,의료기기,청결한,치료,폐,혁신의,효과있는"
2022-12-23,제약및의료,의료기기,의료기기기타,"리모트컨트롤,바닥,사람,선반,소파,유지태,컵,하늘,화분에 심은 식물","CG,고빈도,기침하다,로우앵글,믿음직스러운,바스트샷,싱글샷,응시,줌아웃,줌인,차분한,클로즈업,호흡기,흉벽진동"
2022-04-21,식품,건강식품,건강식품기타,"그릇,사람,식탁,컵,테이블","10%할인,가정의 달 이벤트,고르고 고른,구전녹용,귀한 것,녹용 1박스 무료,러시아 아바이스크산 녹용,선물.나전칠기,원용,좋은선물,컵에 따르다,편강한방연구소,홍삼"
2022-06-29,식품,건강식품,건강식품기타,"그릇,사람,컵,테이블","건강기능식품,건강한,녹용,비법,생기있는,웰빙,전통의,젊은,프리미엄,활력있는"
2022-02-04,식품,건강식품,건강보조식품,"그릇,녹용,사람,사슴,상자,식탁,컵,테이블","CG,고급스러운,남성성우,놓다,따르다,러시아,원용,자개,잔잔한,저울,차분한,클로즈업,틸팅,피아노음악,홍삼"
2021-12-14,식품,건강식품,건강식품기타,"그릇,사람,식탁,컵,테이블","건강을 챙기다,고급스러워 보이다,고르고 고르다,구전녹용,귀하디 귀한,까다롭게,나전칠기의,불러왔습니다,선물포장된,신중하다,한방의"
2022-06-29,식품,건강식품,건강식품기타,"그릇,녹용,사람,사슴,사슴뿔,숟가락,시계,식탁,컵,콘크리트 벽,테이블","구전녹용,귀한,러시아녹용,무료체험,선별,아바이스크,여름수확,원용,편강한방연구소,홍삼"
2022-08-10,식품,건강식품,건강식품기타,"그릇,녹용,사람,사슴,숟가락,컵,콘크리트 벽","귀한 선물입니다,귀한거,녹용,동물,러시아산,마시다,사슴,순록,아바이스크 녹용,용,원용,음식,좋은선물이 아닙니다,초콜릿,추석선물"
2022-08-11,식품,건강식품,건강식품기타,"그릇,녹용,사람,상자,식탁,컵","CG,고급스러운,놓다,따르다,보여주다,소프트포커스,자개,저울,줌아웃,줌인,차분한,클로즈업,틸팅,피아노음악,하이앵글,화면분할,회전"
2021-12-24,식품,건강식품,건강식품기타,"그릇,사람,컵,테이블","고급스러운,놓다,따르다,보여주다,자개,저울,차분한,클로즈업,피아노음악,회전"
2022-04-21,식품,건강식품,건강식품기타,"그릇,사람,컵,테이블","가정의,건강기능식품,건강한,귀한,녹용,만족스럽다,보약의,선물하다,원방,즐겁다"
2022-02-04,식품,건강식품,건강식품기타,"그릇,녹용,사람,사슴,상자,컵,테이블","CG,고급스러운,남성성우,놓다,따르다,러시아,원용,자개,잔잔한,저울,차분한,클로즈업,틸팅,피아노음악,홍삼"
2021-12-24,식품,건강식품,건강식품기타,"그릇,사람,식탁,컵,테이블","귀한 것이다,녹용,따르다,러시아산의,마시다,사슴,선물하다,순록,원용,자개로 된,좋은 것이 아니다,진한,채취한,해부한"
2022-12-26,식품,건강식품,건강식품기타,"김계란,꽃병,넥타이,문짝,불빛,사람,새,식탁,의자,천장,커튼,핸드폰","가지런히,공손히,깜짝놀라서,마시다,번쩍 들다,양 손을 모므고,열리다,짜내다,편강한방연구소,포개어"
2022-12-26,식품,건강식품,건강식품기타,"그릇,사람,식탁,컵,테이블","건강,건강기능식품,건강한,녹용,생기있는,선물,설,원방,웰빙,젊은,프리미엄,활력있는"
2022-12-26,식품,건강식품,건강식품기타,"구름,김계란,넥타이,눈,바다,벤치,사람,새,옷,의자,포장 도로,하늘","고개를 숙이고,굴리다,낚시하다,들어올리다,마시다,물러서며,밀다,빨다,소리지르다,신나서,역기,쭈욱,편강한방연구소,하늘을 보며"
2022-12-26,식품,건강식품,건강식품기타,"김계란,사람,옷,유리병,컵,텔레비전","건네다,놀라다,들고서,마시다,미심쩍어하는,살짝 들어서,소리치다,싱긋,안다,쭈욱,편강한방연구소"
2022-12-26,식품,건강식품,건강식품기타,"그릇,사람,사슴,숟가락,식탁,컵","가지런히,다가가다,달다,밀다,붓다,위 아래로,저울질,정돈된,편강한방연구소,흔들다"
2023-08-31,식품,건강식품,건강식품기타,"그릇,사람,식탁,컵,테이블","건강기능식품,건강한,귀한,녹용,생기있는,웰빙,젊은,편안한,프리미엄,홍삼,활력있는"
2023-08-31,식품,건강식품,건강식품기타,"그릇,벽,사람,식탁,컵,테이블","고르다,구전녹용,귀한,내밀다,녹용,러시아 아바이스크산,무게를 달다,사슴,선물,원용,자개함,자른,추석,편강한방연구소,홍삼"
2021-08-19,식품,건강식품,건강식품기타,"그릇,나무,민영,사람,유나,유정,은지,지붕,테이블,하늘","그래픽 디자인,나타나다,놀라운,뛰어가다,마시다,먹다,모션 그래픽,미소,박수치다,웃다,편하게"
2021-07-09,식품,건강식품,건강식품기타,"나무마루,넥타이,민영,바닥,사람,식탁,유나,유정,은지,의자,책,천장","교실,그래픽,놀라운,미소,브레이브걸스,선생님,애교,제품,책상,책장,학생"
2021-06-29,식품,건강식품,건강식품기타,"나무마루,넥타이,민영,바닥,사람,식탁,유나,유정,은지,의자,천장","교실,그래픽,놀라운,미소,브레이브걸스,선생님,애교,제품,책상,책장,학생"
2021-06-29,식품,건강식품,건강식품기타,"나무마루,넥타이,민영,바닥,사람,유나,유정,은지,의자,책,책상,천장","교실,그래픽,놀라운,미소,브레이브걸스,선생님,애교,제품,책상,책장,학생"
2021-01-07,식품,건강식품,건강식품기타,"김다미,꽃병,박건후(2017),벽돌 벽,사람,유리병,의자,임영웅,창,책,천장,핸드폰","거실,노래하다,마시다,빗,원료,일상,임영웅,춤추다,트로트,한약재,휴대폰"
2021-01-07,식품,건강식품,건강식품기타,"꽃병,벽돌 벽,사람,유리병,의자,임영웅,창,창문가리개,책,천장,핸드폰","거실,노래하다,마시다,빗,원료,일상,임영웅,춤추다,트로트,한약재,휴대폰"
2021-03-18,식품,건강식품,건강식품제품종합,"건물,꽃병,넥타이,리모트컨트롤,문짝,박소담,박지훈(워너원),벤치,사람,시계,율곡이이동상,의자,정유미(1983),창,천장,콘크리트 벽,헨리,화분에 심은 식물","건강한,녹용,뛰다,석류,실내,앉다,영상통화,의자,일어나다,임영웅,중년,필터"
2021-03-11,식품,건강식품,건강식품제품종합,"건물,김보성,꽃병,넥타이,문짝,박소담,박지훈(워너원),벤치,사람,시계,율곡이이동상,의자,정유미(1983),창,천장,콘크리트 벽,한소희,헨리,화분에 심은 식물","미소,믿다,선물,아름다운,약속하다,영상통화,운동하다,웃다,행복한,활기찬"
2021-03-11,식품,건강식품,건강식품제품종합,"건물,김종국,꽃병,넥타이,문짝,박소담,벤치,사람,소지섭,소파,송민호,송소희,슈가(BTS),율곡이이동상,의자,이선균,이제훈,이하늬,임영웅,정유미(1983),지민(BTS),창,창문가리개,책,천장,콘크리트 벽,핸드폰,헨리,화분에 심은 식물","미소,믿다,선물,아름다운,약속하다,영상통화,운동하다,웃다,행복한,활기찬"
2021-06-30,식품,건강식품,건강식품기타,"나무마루,넥타이,민영(브레이브걸스),바닥,사람,식탁,유나(브레이브걸스),유정(브레이브걸스),은지(브레이브걸스),의자,책,천장","건강,공부,귀여운,녹용,먹다,신나는,약,즐거운,한방,활기찬"
2021-06-30,식품,건강식품,건강식품기타,"나무마루,넥타이,민영(브레이브걸스),바닥,사람,손,식탁,유나(브레이브걸스),유정(브레이브걸스),은지(브레이브걸스),의자,책,천장","건강,공부,귀여운,녹용,먹다,신나는,약,즐거운,한방,활기찬"
2021-08-30,식품,건강식품,건강식품기타,"그릇,사람,식탁,컵,테이블","건네다,고르다,귀한,따르다,만든,사슴,선물하다,선보이다,재다,저울,좋은"
2021-08-30,식품,건강식품,건강식품기타,"그릇,녹용,사람,식탁,컵,테이블","고급스러운,귀한,그래픽,녹용,따르다,사슴,선물하다,세련된,저울,팩,한약재"
2021-09-01,식품,건강식품,건강식품기타,"그릇,녹용,사람,숟가락,식탁,컵,테이블","건강,고급스러운,녹용,따르다,선물하다,세련된,추석,팩,한약재,홍삼"
2021-09-01,식품,건강식품,건강식품기타,"그릇,녹용,사람,식탁,컵,테이블","건강,고급스러운,녹용,따르다,선물하다,세련된,추석,팩,한약재,홍삼"
2021-09-15,식품,건강식품,건강식품기타,"그릇,녹용,식탁,컵,콘크리트 벽,테이블","건강,고급스러운,내밀다,녹용,따르다,사슴,상자,선물,선물하다,한약재,홍삼"
2021-09-15,식품,건강식품,건강식품기타,"그릇,녹용,숟가락,식탁,컵,콘크리트 벽,테이블","건강,고급스러운,내밀다,녹용,따르다,사슴,상자,선물,선물하다,한약재,홍삼"
2022-07-19,화장품및보건용품,화장품및보건용품기타,화장품및보건용품기타,"넥타이,마스크,사람","국내산,귀가 편한,마스크,믿을 수 있는,보풀없는,숨쉬기 편한,싱그라미,에스제이파워,자극 적은,피부보호"
2022-07-19,화장품및보건용품,화장품및보건용품기타,화장품및보건용품기타,"마스크,배너,벽,붐,사람,콘크리트 벽","MB필터,겉감,공연,노래,덴탈형,마스크,보풀없는,붐,서멀본드,성능,숨쉬기 편한,싱그라미,싱싱싱싱,안감,예술,중간재,춤,춤추는 사람,피부자극 적은,현대 무용"
2022-07-20,가정용전기전자,주방용전기전자,음식물처리기,"그릇,사람,션(지누션),오븐,유리병,의자,책,카운터,커튼,컵,화분에 심은 식물","AI,기대다,깍지,바스트샷,밝은,싱글샷,아웃포커스,앉아있다,인터뷰,징글,차분한,클릭"
2022-07-11,가정용전기전자,주방용전기전자,음식물처리기,음식물 처리기,"ai기술,가성비 제작,노터치,단순 홍보,단순한,새로운,설명이 부족한,에콥,음식물처리기,전 자동"
2022-04-15,"건설,건재및부동산","건설,건재및부동산기타","건설,건재및부동산기업PR","그릇,꽃병,나무마루,냉장고,바닥,소파,의자,창,책,천장,커튼,타일마루","CG,경쾌한,로우앵글,모델없음,밝은,여성성우,연출,줌인, 닫히다,친환경,패닝"
2022-02-08,"건설,건재및부동산","건설,건재및부동산기타","건설,건재및부동산기업PR","고양이,꽃병,노트북,사람,선반,소파,시계,의자,창,책,침대,커튼,컵,탁상용의 물건,텔레비전,화분에 심은 식물","건자재,공부하는,기지개켜다,닫다,미세먼지,반려동물,열다,웃는,자연환기창,활력이되는"
2022-02-18,"건설,건재및부동산","건설,건재및부동산기타","건설,건재및부동산기업PR","고양이,곰인형,꽃병,냉장고,넥타이,노트북,문짝,사람,선반,소파,시계,식탁,의자,종이,창,책,침대,커튼,컵,콘크리트 벽,텔레비전,화분에 심은 식물","건강한,깨끗한,꽃가루,나노섬유,미세먼지,방진,케어,필터,환기시스템,황사"
2022-05-13,"건설,건재및부동산","건설,건재및부동산기타","건설,건재및부동산기업PR","고양이,노트북,사람,선반,소파,시계,식탁,의자,창,책,커튼,콘크리트 벽,화분에 심은 식물","고양이와 놀다,기지개하다,꽃가루,당기다,미세먼지,미세먼지망,밀다,방충망,빈틈없는 케어,원터치 오픈,윈마스크,인익스,창 밖을 보다,창문형 자연환기 시스템,황사"
2022-05-13,"건설,건재및부동산","건설,건재및부동산기타","건설,건재및부동산기업PR","고양이,꽃병,노트북,사람,선반,소파,시계,식탁,의자,종이,창,책,침대,커튼,컵,콘크리트 벽,키보드,화분에 심은 식물","고양이와 놀다,기지개하다,꽃가루,나노섬유 방진필터,당기다,미세먼지,미세먼지망,밀다,방충망,빈틈없는 케어,원터치 오픈,윈마스크,인익스,창 밖을 보다,창문형 자연환기 시스템,황사"
2022-05-13,"건설,건재및부동산","건설,건재및부동산기타","건설,건재및부동산기업PR","그릇,꽃병,냉장고,소파,의자,창,책,천장,타일마루","거실,닫히다,로우앵글,모델없음,비트,빛,여성성우,줌인,차분한,패닝"
2022-02-09,"건설,건재및부동산","건설,건재및부동산기타","건설,건재및부동산기타","고양이,노트북,사람,선반,소파,시계,의자,창,책,커튼,탁자,화분에 심은 식물","기지개,꽃가루,닫다,들다,모녀,미세먼지,여성성우,열다,차분한,학생,황사"
2023-02-22,"건설,건재및부동산","건설,건재및부동산기타","건설,건재및부동산기타","마천루,벽돌 벽,사람,소파,자동차,창,커튼,컵,화분에 심은 식물","강,걸터 앉아서,교량,닫다,대도시,만져보다,빌딩,아파트,인익스,자동차,창문"
2023-11-09,"건설,건재및부동산","건설,건재및부동산기타","건설,건재및부동산기업PR","그릇,꽃병,나무마루,바닥,소파,의자,창,천장,커튼,화분","소파,액자,열리다,옷걸이,의자,인익스,줌 인,중문,창문,커튼,쿠션,테이블"
2023-11-10,"건설,건재및부동산","건설,건재및부동산기타","건설,건재및부동산기타","교량,마천루,사람,소파,자동차,창,커튼,컵,화분","강,교량,나무,산,셔츠,인익스,자동차,줌 아웃,창문,커튼,컵,하늘"
2022-04-27,교육및복지후생,교육및복지후생기타,교육및복지후생기타,"곰인형,사람,의자,전자레인지,창,책,태블릿,테이블","CG,교육,구구단,누르다,돌다,돌리다,몰두,보다,신나는,아동,여성성우,정육면체,환호"
2022-04-15,교육및복지후생,교육및복지후생기타,교육및복지후생기타,"사람,의자,전자레인지,창,테이블","CM송,교육,누르다,돌다,돌리다,보다,신나는,아동,여성성우,환호"
2022-06-30,화장품및보건용품,모발 및 목욕용제,"샴푸,린스","TV,넥타이,배너,벽,사람,이정재,자동차,텔레비전","black change complex,modamoda,그림자,대한민국 최초기술,모다모다,모발,모발을 위한 다른생각,새치케어,색을 바꾸다,염모제,염색,이정재,지켜지다"
2022-08-29,화장품및보건용품,모발 및 목욕용제,"샴푸,린스","넥타이,벽,사람,소파,옷,유리병,의자,이정재","남성의,돌아서다,만족스런,모발용품,보다,새치,샴푸,제안하다,케어하다,효과있는"
2022-08-29,화장품및보건용품,모발 및 목욕용제,"샴푸,린스","사람,소파,유리병,의자,이정재","남성의,돌아서다,만족스런,모발용품,보다,새치,샴푸,제안하다,케어하다,효과있는"
2022-06-30,화장품및보건용품,모발 및 목욕용제,"샴푸,린스","넥타이,바다,배너,벽,사람,이정재","black change complex,modamoda,그림자,대한민국 최초기술,모다모다,모발,모발을 위한 다른생각,새치케어,색을 바꾸다,염모제,염색,이정재,지켜지다"
2022-11-29,서비스,음식및숙박,기타프랜차이즈점,사람,"간장치킨,긴장소스,내밀다,머리를 만지다,블랙,삼화에프앤씨,쏟아지는,아라치치킨,얇고 바삭한,올려다보다,응시하다,접시에 담긴,지나가다,튀기다,현미유"
2022-09-08,서비스,음식및숙박,기타프랜차이즈점,"사람,액체방울","건강에 좋은,귀여운,깨끗한,내가 선택 할 수 있는,믿을 수 있는,바삭거리는,삼화에프앤씨,새로운 시대를 여는,아라치치킨,얇아서 맛있는,조화로운,직접 만든,푹 빠진"
2022-12-06,서비스,음식및숙박,기타프랜차이즈점,사람,"감정. 상표. 텍스트,그래픽 디자인,긴 머리,노래,닭고기,레시피,명음,앨범,요리,웃다,음식,접시,튀긴 음식,포스터,표정,표지,행복,흑발"
2022-09-08,서비스,음식및숙박,기타프랜차이즈점,사람,"건강에 좋은,깨끗한,내가 선택 할 수 있는,믿을 수 있는,바삭거리는,삼화에프앤씨,새로운 시대를 여는,아라치치킨,얇아서 맛있는,조화로운"
2022-09-07,서비스,음식및숙박,기타프랜차이즈점,"벽,사람,하늘","간식,맛있는,먹음직스러운,메뉴,모집하다,보고싶은,사랑스러운,서비스,웃음,치킨,프랜차이즈"
2022-09-07,식품,축산품,치킨가공품,"사람,치킨","건강에 좋은,깨끗한,내가 선택 할 수 있는,믿을 수 있는,바삭거리는,삼화에프앤씨,새로운 시대를 여는,아라치치킨,얇아서 맛있는,조화로운"
2022-12-06,서비스,음식및숙박,기타프랜차이즈점,"베너,벽,사람,조이 레드벨벳,하늘","간장 치킨,감정,기름,긴 머리,노래,닭고기,레시피,맛,상표,소스,아라치,앨범,요리,웃다,음식,접시,튀긴 음식,포스터,표정,표지,행복,흑발"
2023-02-22,서비스,음식및숙박,기타프랜차이즈점,"그릇,나무,사람,스포츠 공,옷,운동장,이강인,집,풀,하늘","드리블,만족스런,맛있는,먹음직스러운,신나는,잔디,재미있는,즐거운,축구공,축구장,치킨"
2023-02-28,서비스,음식및숙박,기타프랜차이즈점,"그릇,나무,사람,스포츠 공,운동장,이강인,집,치킨,테이블,풀,하늘","국가대표,남성성우,달리다,리프팅,먹다,밀다,밝은,소프트포커스,싱글샷,응시,줌인,차다,축구,프리메라리그,훈련"
2023-02-22,서비스,음식및숙박,기타프랜차이즈점,"건물,나무,사람,산,유리병,이강인,자전거,창,하늘,화분에 심은 식물","만족스런,맛있는,먹음직스러운,신나는,오래된,유럽,유적,자전거,재미있는,즐거운,지중해,치킨"
2023-11-01,식품,식품기타,식품기타,"벽,사람,스포츠 공,식탁,옷,이강인,치킨,테이블","공을 차다,세대교체를 위한,소스,소스가 터지는,소스와 만나다,시대,아라치,야채,완벽한 치킨,이강인,축구공아라치,축구공을 튕기다,축구선수,치킨"
2023-11-06,식품,식품기타,식품기타,"그릇,벽,사람,스포츠 공,식탁,이강인,테이블","가맹점 모집,공을 차는,맛있는,볼을 다루는,삼화에프앤씨,세대교체,아라치,완벽한,좋아하는,축구공,축포가 터지는,치킨"
2022-09-28,화장품및보건용품,여성기초화장품,여성기초화장품기타,"사람,이민정,화장품","농축,돌아보다,바르다,밝은,빛나는,소프트포커스,싱글샷,응시,줌인,차분한,하얀,하이앵글"
2022-09-29,화장품및보건용품,여성기초화장품,여성일반기초화장품,"꽃잎,사람,이민정","고개를 들다,눈을 뜨다,들어서,바라보다,밝은,색상이 변하는,윤나는,턱을 괴다,팔짱을 낀채로,프롬바이오코스메틱,환한"
2022-09-28,화장품및보건용품,여성기초화장품,여성기초화장품기타,"꽃잎,사람,이민정","돌아보다,동안,로우앵글,미소,밝은,빛나는,소프트포커스,싱글샷,응시,줌인,차분한,클로즈업,하얀"
2022-09-29,화장품및보건용품,여성기초화장품,여성일반기초화장품,"벽,사람,유리병,이민정,콘크리트 벽,하늘","건강한,기능성,농축된,빛나는,새로운,엣지있는,여성,젊은,탄탄한,피부,화장품"
2023-02-03,화장품및보건용품,여성기초화장품,여성기초화장품기타,"꽃잎,병,사람,이민정","CG,내려보다,돌아보다,미소,밝은,빛나는,소프트포커스,싱글샷,안티에이징,응시,줌인,차분한,클로즈업,팔짱,하얀"
2023-02-03,화장품및보건용품,여성기초화장품,여성기초화장품기타,"병,붓,사람,이민정","6시간,광속케어,기미,농축,돌아보다,떨어지다,미소,브라이트닝,빛나는,싱글샷,응시,줌인,탄생,하얀"
2022-11-04,식품,조미향신료,장류,"바닥,사람,숟가락,유리병,콘크리트 벽,테이블","고민되다,국찌게,노란병,더동쪽바다가는길,맑은 국물,맛,무침,백간장하세요,붉은 대게백간장,쇼핑하다,요리,음식의 색,장을 보다"
2022-11-04,식품,조미향신료,장류,"고명,사람,유리병","공장,공정,깨끗한,대표,만능,바스트샷,밝은,엄선,여성성우,차분한,총판,컨베이어,화면분할"
2022-09-01,식품,조미향신료,장류,"그릇,사람,시계,식탁,싱크대,유리병,차은우,창,천장,컵,케비넷,콘크리트 벽,테이블,포크","간장,덜 짜지만 밋은 좋은,만능,먹음직스러운,삼화,쉽게 쓸 수 있는,양조,요리천재의 비결,척척척,하나로 끝내는"
2021-12-29,식품,조미향신료,장류,"구름,나무,마당,보자기,부채,사람,산,선물셋트,제품,지붕,집,차은우,타일마루,하늘,한옥,화분에 심은 식물","가리는,갓,건네주는,모자,바라보다,보자기,부채,삼화 선물세트,삼화식품,선물세트,설,잡다,차은우,포장식,한복,한복이 날리다,한옷,휴대폰"
2022-05-23,식품,조미향신료,장류,"그릇,나무,사람,식탁,의자","PPL,구호를 외치다,레디 액션,맛있어요,삼화 만능 된장,삼화식품공사,야외 식사,웃다,장민호,척척척 만능 된장,촬영하다.대사 연습,캠핑,캠핑카"
2021-11-15,식품,조미향신료,장류,"건물,구름,나무,사람,산,지붕,집,하늘,화분에 심은 식물","감사하는,마음의,만족스런,부채,선물세트,식품,전통의,전하다,좋아하는,진심의"
2021-12-29,식품,조미향신료,장류,"갓,건물,구름,그릇,나무,마루,병,부채,사람,산,상자,숟가락,식탁,의자,젓가락,지붕,집,차은우,컵,텐트,통,파라솔,풀,하늘,화분에 심은 식물,후라이팬","놓다,도포,들어올리다,로우앵글,맛보다,먹다,싱글샷,요리,은은한,응시,줌아웃,줌인,징글,쳐다보다,클로즈업,포커스아웃,하이앵글,활기찬"
2022-05-23,식품,조미향신료,장류,"그릇,나무,사람,의자","감탄하다,구호를 외치다,된장찌개.야외 식사,마법적인,먹다,삼화 만능 된장,삼화식품공사,장민호,척척척 만능 된장,캠핑,캠핑카"
2022-08-04,식품,조미향신료,장류,"그릇,사람,수저,식탁,싱크대,유리병,차은우,창,천장,컵,케비넷,테이블","CG,경쾌한,따르다,미소,밝은,소프트포커스,응시,줌인,징글,클로즈업,틸팅,패닝,하이앵글"
2022-08-08,식품,조미향신료,장류,"그릇,사람,식탁,싱크대,유리병,차은우,창,천장,컵,케비넷,콘크리트 벽,테이블,포크","그릇,둘러보다,붓다,살펴보다,삼화식품공사,새우,선반,셔츠,숟가락,자켓,젓가락,줌인,집어 든 채,테이블"
2023-01-16,식품,조미향신료,장류,"그릇,나무,노트북,사람,숟가락,식탁,옷,우산,유리병,의자,차은우,컵,테이블,파라솔,풀,하늘","나란히,누워서,따르다,맛 보다,매달린 채,삼화식품공사,얹다,젓다,쭉 뻗은 채,해먹"
2021-08-24,식품,조미향신료,장류,"구름,그릇,부채,사람,옷,전자레인지,지붕,집,차은우,창,창문가리개,포장 도로,하늘,화분에 심은 식물","간장,낮,명절,선물,아스트로,요리하다,음식,전통적인,차은우,추석,하늘,한복"
2021-08-24,식품,조미향신료,장류,"구름,부채,사람,지붕,집,차은우,포장 도로,하늘,화분에 심은 식물","낮,맑은,명절,밝은,선물,아스트로,전통적인,차은우,추석,하늘,한복"
2021-08-24,식품,조미향신료,장류,"구름,그릇,냉장고,부채,사람,식탁,옷,유리병,지붕,집,차은우,커튼,컵,포장 도로,하늘,화분에 심은 식물","간장,낮,명절,선물,아스트로,요리하다,음식,전통적인,차은우,추석,하늘,한복"
2021-08-12,식품,조미향신료,장류,"그릇,사람,숟가락,연어,옷,유리병,전자레인지,차은우,창,창문가리개,컵,화분에 심은 식물","간장,감탄하다,떨어지다,먹다,미소짓다,불다,뿌리다,신나는,연어,요리하다,웃다,차은우"
2021-08-12,식품,조미향신료,장류,"그릇,냉장고,사람,식탁,옷,유리병,차은우,창,창문가리개,컵,화분에 심은 식물","간장,건강한,만능의,맛있는,밝은,새로운,아름다운,요리하다,음식,차은우,편안한"
2021-08-11,식품,조미향신료,장류,"그릇,사람,숟가락,연어,옷,유리병,전자레인지,차은우,창,창문가리개,컵,화분에 심은 식물","간장,감탄하다,떨어지다,먹다,미소짓다,불다,뿌리다,신나는,연어,요리하다,웃다,차은우"
2021-11-17,식품,조미향신료,장류,"그릇,사람,식탁,의자,차은우,컵,포크,하늘","간장,넣다,맛있는,먹다,밝은,섞다,야외,요리,자신감,자신있는,즐거운"
2021-11-17,식품,조미향신료,장류,"그릇,사람,숟가락,식탁,우산,유리병,의자,차은우,컵,테이블,풀,하늘","간장,넣다,맛있는,먹다,밝은,섞다,야외,요리,자신감,자신있는,즐거운"
2022-10-17,패션,신발류,신발류제품종합,"건물,나무,넥타이,사람,울타리,잔디,천장,하늘,핸드백","고르다,노래하다,들어보다,마주보며,미소짓다,율동하다,찾다,케이에스국민신발,함께,활짝 웃다"
2022-09-30,패션,신발류,신발류제품종합,"건물,나무,넥타이,사람,울타리,장민호,풀,하늘,핸드백","CG,CM송,걸어가다,둘러보다,로우앵글,밝은,부부,조깅,친구,트로트,포즈,화면분할,회사원"
2023-02-20,패션,신발류,신발류제품종합,"나무,넥타이,사람,장민호,하늘,핸드백","고르다,나르지오,노래하다,맞다,미소짓다,발이 편한,신발가게,여행,출퇴근,케이에스국민신발,트롯,핸드백을 걸친"
2023-02-20,패션,신발류,신발류제품종합,"나무,넥타이,사람,신발,장민호,조명,하늘","CM송,걷다,꺼내다,남성성우,돌아보다,로우앵글,밝은,부부,운동,줌인,즐거운,친구,트로트,편한,행복한,화면분할"
2023-01-11,패션,신발류,신발류제품종합,"건물,나무,넥타이,도로,사람,포장 도로,풀,하늘,핸드백","걷는,국민신발,나르지오,노래하는,다양한,맞다,보상판매,신발을 잡다,여행,웃다,이벤트,일상,출퇴근,케이에스,편한"
2023-11-23,패션,신발류,신발류제품종합,"건물,나무,넥타이,사람,스피커,신발,울타리,잔디,장민호,조명,천장,포장 도로,하늘,핸드백","CM송,걷다,경쾌한,꺼내다,남성성우,노래하다,돌다,반복,발견,밝은,부부,싱글샷,여성성우,줌인,트로트,화면분할"
2022-09-06,가정용품,생활잡화및기기,생활잡화및기기기타,"구름,바닥,사람,소파,식탁,의자,창,콘크리트 벽,테이블,풀,화분에 심은 식물","가정용품,권하다,깨끗한,녹색의,맑은,뿌리다,샤워기,어린이,여성의,지구의,푸른"
2022-07-29,가정용품,생활잡화및기기,생활잡화및기기기타,"사람,소파,창,콘크리트 벽,테이블,화분에 심은 식물","거실에 서 있는,말하다,물어보다,미소짓는,비가 오는,새싹이 나는,생분해되는,샤워기,샤워플러스,아쿠아듀오,정수필터,지구와 함께,친환경 필터,플라스틱 폐기물,필터가 떠 다니는"
2022-07-29,가정용품,생활잡화및기기,생활잡화및기기기타,"구름,바닥,사람,소파,식탁,의자,창,커튼,콘크리트 벽,테이블,풀,화분에 심은 식물","가정용품,권하다,깨끗한,녹색의,맑은,뿌리다,샤워기,어린이,여성의,지구의,푸른"
2022-05-19,서비스,서비스기타,서비스기타,"구름,넥타이,노트북,바닥,벽돌 벽,사람,유지태,의자,창,책,천장,키보드,하늘,화분에 심은 식물","HR,경쟁하다,는시작하세요,데이터회사,럭비,만들다,만명:열명,모이다,뭉치다,브랜드 PR,생각하,열정,이것이 flex가 생각하는 HR의 힘!,인사이트,집중할 수 있는,팀워크,플렉스,한눈에 보다"
2022-05-13,서비스,서비스기타,서비스기타,"건물,구름,넥타이,노트북,마우스,벽돌 벽,사람,유지태,의자,창,책,천장,키보드,화분에 심은 식물","10000명의 회사보다 100명의 회사가 더 강한 이유,Human relations,가득차있,가리키다,는환호하다,달려가다,뛰어넘다,런칭,믿다,믿음,비교하다,사람의 힘,새로운 HR의 시작,심각한,열정,인간관계,플렉스,회사,회사의 힘"
2022-05-12,서비스,서비스기타,서비스기타,"건물,구름,넥타이,노트북,마우스,모니터,바닥,사람,유지태,의자,창,책,천장,키보드,화분에 심은 식물","기뻐하다,넥타이부대,달려오다,로우앵글,부등호,사무실,소프트포터스,역동적인,점프,하이파이브,환호"
2022-05-19,서비스,서비스기타,서비스기타,"건물,구름,넥타이,노트북,마우스,바닥,벽돌 벽,사람,스포츠 공,운동장,유리병,유지태,의자,창,책,컵,콘크리트 벽,키보드,풀,하늘,핸드폰,화분에 심은 식물","경영,기업,기획하다,만들어내다,솔루션,열정적인,일하는,즐거운,팀웍의,협업하다"
2022-10-25,가정용품,"취미,레저용품",골프용품,"사람,화분에 심은 식물","골프패치,기능성원단,나열하다,뉴트리어드바이저,블록앤케어,쁘띠,수분충전,얼굴에 붙이다,자외선 차단율 98.9%,자외선 차단패치,정적인,테스트"
2021-12-21,서비스,문화및공연,공연,텔레비전,"게임같은,네온싸인의,별똥별,별이 빛나는,오르내리다,옷장이 떨어지다,우주의,유성우가 내리는,은하수의,파랑색의,형형색색의"
2022-01-27,서비스,문화및공연,공연,사람,"공감하는,공연,관람하다,문화,손을흔들다,열정적인,즐거운,즐기다,퍼포먼스,함께하는"
2022-01-26,서비스,문화및공연,공연,"바닥,사람","감동적인,공연,노래하는,떠나다,무대의,뮤지컬,재미있는,즐거운,춤추는,흥미진진한"
2022-11-24,서비스,문화및공연,공연,"사람,키보드","공연하다,꽃목걸이를 한,노란색의,놀라다,두들팝,브러쉬씨어터,연주하다,웃는,율동하다,조명을 비추다,즐거운,폴리팝"
2023-03-17,서비스,문화및공연,공연,"바닥,벤치,사람","감동적인,공연,노래하는,무대의,뮤지컬,여행,재미있는,즐거운,춤추는,흥미진진한"
2023-05-03,서비스,문화및공연,공연,사람,"공연,그리다,두들팝,드로잉,매직드로잉 가족극,브러쉬씨어터,상상력,손을 흔드는,수영하는,즐기다,춤추는,퍼포먼스"
2023-08-16,서비스,문화및공연,공연,사람,"가족뮤지컬,공연하다,국립중앙박물관,극장,드래곤,드래곤하이,모험,뮤지컬,브러쉬씨어터,여행,용,재미있는,즐거운,춤추다,특별한,환상적인"
2023-10-24,서비스,문화및공연,공연,사람,"공연,두들팝,브러쉬씨어터,신나는,연극하는,연주하는,인터파크,전자오르간,조명을 비추는,즐거운,춤추는,티켓,폴리팝"
2021-06-22,서비스,문화및공연,공연,"사람,종이","공연,공연하다,귀여운,낙서,두들팝,드로잉,무대,문화,미디어아트,아기자기한,예술"
2021-06-07,서비스,문화및공연,공연,"사람,종이","귀여운그림,낙서,무대,미디어,상상,아기자기한,아트,예술,재미있는,종이,환상적인"
2021-05-06,서비스,문화및공연,연극,"공지천구름다리,기차,꽃병,리모트컨트롤,말,배낭,비행기,사람,손흥민,텔레비전,포장 도로,하늘,화사(마마무)","가족,공연,공원,노래하다,동화적인,모험,뮤지컬,분장,신나는,어린이,율동,자막,춤추다,태권도"
2021-04-16,서비스,문화및공연,연극,"배낭,사람,차승원,하늘","공연,그래픽 디자인,노래하다,모션 그래픽,모험,뮤지컬,사로잡을,여행,연기,춤,특별한,환상"
2021-03-18,서비스,문화및공연,연극,"강동원,박서준,배낭,배정남,사람,유재석,추대엽(카피추),하늘,한석규,핸드폰,호시(세븐틴)","공연,꽃가루,노래하다,모험,뮤지컬,분장,연극,연기하다,율동,춤추다,키즈"
2022-09-21,화장품및보건용품,모발 및 목욕용제,목욕및바디제품,"사람,설인아,유리병","눈을 감고 있는,머리카락을 매만지다,무대에 선,미소짓다,브라질 아사이베리,셀프,알비에치,오일이 떨어지다,웃다,카디뷰 아사이오일,프로의 손길,프리미엄 케어를 누리다"
2022-09-21,화장품및보건용품,모발 및 목욕용제,목욕및바디제품,"사람,설인아","눈을 감고 있는,머리카락을 매만지다,무대에 선,미소짓다,브라질 아사이베리,셀프,셀프로 프로페셔널하게,알비에치,오일이 떨어지다,웃다,카디뷰 아사이오일,프로의 손길,프리미엄 케어를 누리다"
2022-09-08,화장품및보건용품,모발 및 목욕용제,목욕및바디제품,"꽃병,사람,설인아,액체방울,유리병,하늘","누리는,뽀송뽀송한,셀프로,알비에치,전문가의,카디뷰,푸석한,프로다운,프로페셔널하게,프리미엄의,향기있는"
2022-09-08,화장품및보건용품,모발 및 목욕용제,목욕및바디제품,"사람,설인아,액체 방울,유리병,하늘","누리는,뽀송뽀송한,셀프로,알비에치,전문가의,카디뷰,푸석한,프로다운,프로페셔널하게,프리미엄의,향기있는"
2022-11-03,컴퓨터및정보통신,통신정보서비스,통신정보서비스기타,"구름,사람,풀,하늘","들다,만화같은,벼락이 치는듯한,보안,블록챗,블록체인랩스,비가 오는,소리를 전달하다,암전,커지다,컵에 연결한,큰 인형,평원,흐린"
2022-11-03,컴퓨터및정보통신,통신정보서비스,통신정보서비스기타,"구름,사람,풀,하늘","들다,만화같은,벼락이 치는듯한,보안,블록챗,블록체인랩스,비가 오는,소리를 전달하다,암전,커지다,컵에 연결한,큰 인형,평원,흐린"
2022-11-09,컴퓨터및정보통신,통신정보서비스,통신정보서비스기타,"구름,사람,풀,하늘","기술의,듣다,말하다,블록체인,세상,소통하다,아이,연결하다,캐릭터,혁신의"
2022-11-03,컴퓨터및정보통신,통신정보서비스,통신정보서비스기타,"구름,비행기,사람,풀,하늘","노 서버,대화,듣다,말하다,블록체인,알다,연결하다,오운리 블록체인,우리만,인형,줄,컵"
2022-11-03,컴퓨터및정보통신,통신정보서비스,통신정보서비스기타,"구름,사람,풀,하늘","들다,만화같은,보안,블록챗,블록체인랩스,비가 오는,소리를 전달하다,암전,커지다,컵에 연결한,큰 인형,평원,흐린"
2022-11-09,컴퓨터및정보통신,통신정보서비스,통신정보서비스기타,"구름,사람,풀,하늘","들다,만화같은,보안,블록챗,블록체인랩스,비가 오는,소리를 전달하다,암전,커지다,컵에 연결한,큰 인형,평원,흐린"
2022-11-09,컴퓨터및정보통신,통신정보서비스,통신정보서비스기타,"구름,사람,풀","들다,만화같은,보안,블록챗,블록체인랩스,비가 오는,소리를 전달하다,암전,줄이 올라가다,커지다,컵에 연결한,큰 인형,평원,흐린"
2017-04-17,서비스,음식및숙박,기타프랜차이즈점,"사람,이동욱,창,피자,하늘,호미곶등대","만들다,만족스러운,맛있는,먹다,불고기,속삭이다,웃다,카메라응시,피자,핫치킨"
2017-03-31,식품,제빵,"햄버거,피자및샌드위치","사람,이동욱,창,하늘,호미곶등대","거칠게,기분좋은,넣어,만들다,맛있게,맛있는,매장,매콤한,먹다,먹음직스러운,부드러운,부드럽게,사랑하다,생불고기,쏘아보다,알보,웃다,직접볶다,치킨,카메라응시,토핑,피자"
2017-03-29,식품,제빵,"햄버거,피자및샌드위치","공지천구름다리,사람,율곡이이동상,이동욱,창,피자,하늘,호미곶등대","거칠게,기분좋은,넣어,만들다,맛있게,맛있는,매장,매콤한,먹다,먹음직스러운,부드러운,부드럽게,사랑하다,생불고기,쏘아보다,알보,웃다,직접볶다,치킨,카메라응시,토핑,피자"
2023-06-13,서비스,음식및숙박,패스트푸드점,"테이블,피자","굴러가다,떼어내다,새우,알볼로 에프앤씨,얹혀있는,올리브 조각,원형,치즈조각,클로즈업,피자,화살표"
2023-06-13,서비스,음식및숙박,패스트푸드점,"테이블,피자","굴러가다,떼어내다,새우,알볼로 에프앤씨,얹혀있는,올리브 조각,원형,치즈조각,클로즈업,피자,화살표"
2023-06-13,서비스,음식및숙박,패스트푸드점,"곡식,도우,물,사람,피자","CG,담백한,돌다,맛있는,밀,밀려들다,백미,숙성,쏟아지다,여성성우,쫄깃한,클로즈업,하이앵글,회전,흑미"
2023-06-13,서비스,음식및숙박,패스트푸드점,"그릇,브로콜리,식탁,테이블","가격,가격 인하,거꾸로 가는,맛있어 보이는,비교하는,새우가 떨어지는,새우를 넣은,알볼로 에프앤씨,야채,피자,피자 한판,피자알볼로"
2023-06-13,서비스,음식및숙박,패스트푸드점,"그릇,브로콜리,식탁,테이블","가격,가격 인하,거꾸로 가는,맛있어 보이는,비교하는,새우가 떨어지는,새우를 넣은,알볼로 에프앤씨,야채,피자,피자 한판,피자알볼로"
2021-07-01,식품,제빵,"햄버거,피자및샌드위치","그릇,나무,사람,새,송강,하늘","국악,날다,동화,밤,생생한,소년,송강,웅장한,치즈,피자,하늘"
2021-07-01,식품,제빵,"햄버거,피자및샌드위치","강,그릇,나무,사람,새,송강,하늘","국악,날다,동화,밤,생생한,소년,송강,웅장한,치즈,피자,하늘"
2021-07-01,식품,제빵,"햄버거,피자및샌드위치","건물,그릇,나무,사람,새,송강,하늘","국악,날다,동화,밤,생생한,소년,송강,웅장한,치즈,피자,하늘"
2022-08-18,식품,건강식품,건강보조식품,"나무,넥타이,사람,스케이트보드,울타리,창,책,침대,콘크리트 벽,포장 도로,하늘,핸드백","꿈,난타를 하다,박수치다,보드를 타다,스포티한,아이오인코퍼레이티드,역동적인,열정,익스트림,익스트림한 인생을 위해,일어나는,줄을 오르다,출근하는,침대에 누운"
2022-08-04,식품,건강식품,건강보조식품,"나무,넥타이,사람,스케이트보드,시계,유리병,창,책,컵,콘크리트 벽,하늘,핸드백","거리의,건강기능식품,건강한,근육질의,남성의,신선한,오메가3,젊은,혈행건강,활력있는"
2022-08-02,식품,건강식품,건강보조식품,"교차로 횡단보도,기차,나무,넥타이,사람,스케이트보드,울타리,유리병,의자,창,책,침대,커튼,컵,포장 도로,하늘,핸드백","공허한 일상,도시 회사원의 외로움,도전,모험에 필요한 체력,브랜딩,시작,아이오인코퍼레이티드,열정,익스트림,전환,조화되는 배경음악"
2023-09-13,식품,건강식품,건강식품기타,"구름,김종국,병,사람,하늘","건네다,구름,달리다,런닝 머신,받아 들다,뻗다,손 꼽다,아이오인코퍼레이티드,앉은 채,하늘"
2023-09-25,식품,건강식품,건강식품기타,"TV,구름,김종국,넥타이,병,사람,하늘,핸드폰","건네다,넥타이,달리다,락커,런닝머신,받아 들다,셔츠,아이오인코퍼레이티드,자켓,줌인,집어 든 채,포스터,핸드폰,후드티,휘둥그래"
2022-11-16,서비스,서비스기타,서비스제품종합,"고양이,관목,김고은,꽃,꽃병,나무,나무마루,벤치,사람,선반,소파,의자,천장,화분에 심은 식물","기대다,내려보다,던지다,돌아 보다,붓다,빠져 나오다,쌓아 올리다,아로펫,양 손으로,어루 만지다,입맛 다시다,장난치다,줌 아웃,집어 들다"
2022-10-12,기초재,기초재기타,기초재기타,"고양이,꽃병,나무,사람,사료,선반,소파,윤제이,의자,천장,콘크리트 벽,펜스,하늘","감자밭,거실에 앉다,공양이,극강,꽃밭,냄새,농부,먼지,부스럼,사료,여성,응고력,일구다,정원,펫"
2022-09-29,화장품및보건용품,여성기초화장품,여성일반기초화장품,"사람,콘크리트 벽","건강한,기능성,비타민,새로운,신선한,여성,젊은,콜라겐,탄탄한,피부,화장품"
2022-06-29,교육및복지후생,교육기관,유아유치원,사람,"14일의기적,4세,기초교육,단어암기,브레인나우,스칸디에듀,영어교육,유아,전시,조기교육"
2020-10-14,교육및복지후생,교육기관,유아유치원,"사람,창","교육,그래픽,단어,대답하다,똑똑한,맞히다,영어,유창한,즐기다,학습"
2020-08-27,교육및복지후생,교육기관,유아유치원,"곰인형,냉장고,사람,울산대교전망대","14일,cm송,발랄한,신기한,신나는,영어교육,조기교육,즐거운"
2022-02-22,가정용품,가구류,침대,"개,사람,의자,이제훈,창,침대","강아지,금성침대,깐깐하다,내 몸에 맞다,놀다,독백하다,독신생활,만들다,반려동물,브라운 빛의,안착하다,열심히,웃다,작성하다,즐기다,착하다,침대,편안한"
2022-02-22,가정용품,가구류,침대,"개,건물,꽃병,불빛,사람,소파,식탁,의자,이제훈,창,책,천장,침대,커튼,타일마루","강아지,금성침대,까다로운,깐깐하다,만들다,반려동물,안착하다,연기하다,연습하다,열심히,착하다,침대,편안한"
2021-08-04,가정용품,가구류,침대,"개,꽃병,벤치,불빛,사람,소파,식탁,의자,이제훈,창,책,천장,침대,커튼,컵,타일마루","강아지,눕다,실내,연습하다,웃다,응시하다,이제훈,집,창문,침대,편안한"
2021-08-04,가정용품,가구류,침대,"개,사람,의자,이제훈,창,책,침대,커튼,타일마루","개,눕다,역동적인,윙크하다,응시하다,이제훈,일상,창,침대,편안한"
2021-01-27,가정용품,가구류,침대,"개,김정현(1990),불빛,사람,율곡이이동상,의자,이제훈,창,책,침대,커튼,콘크리트 벽,타일마루","누운,만족스런,말하다,미소,반려동물,윙크하다,즐거운,착하다,카메라를 보며,편안한,행복한"
2021-08-04,가정용품,가구류,침대,"개,꽃병,담요,벤치,불빛,사람,식탁,의자,이제훈,창,책,천장,침대,커튼,콘크리트 벽,타일 벽,화분에 심은 식물","강아지,눕다,실내,연습하다,웃다,응시하다,이제훈,집,창문,침대,편안한"
2021-01-27,가정용품,가구류,침대,"개,공지천구름다리,꽃병,담요,벤치,불빛,사람,소파,식탁,율곡이이동상,의자,창,책,천장,침대,커튼,콘크리트 벽,타일마루,화분에 심은 식물","까다로운,깐깐한,만들다,만족스런,반려동물,안착한,즐거운,착하게,편안한,행복한"
2021-01-27,가정용품,가구류,침대,"개,건물,공지천구름다리,꽃병,노트북,담요,바닥,벤치,불빛,사람,소파,식탁,우산,의자,창,책,천장,침대,커튼,콘크리트 벽,타일마루","까다로운,깐깐한,만들다,만족스런,반려동물,안착한,즐거운,착하게,편안한,행복한"
2021-03-15,가정용품,가구류,침대,"개,공지천구름다리,김정현(1990),꽃병,눈,백종원,벤치,불빛,사람,소파,식탁,우산,의자,이상윤,장성규,조인성,창,책,천장,침대,커튼,콘크리트 벽,타일마루","강아지,기분좋은,까다로운,만족,만족하다,미소짓다,반려동물,이제훈,촬영장,침대,카메라를보며,편안한,행복한"
2021-03-15,가정용품,가구류,침대,"개,공지천구름다리,꽃병,담요,불빛,사람,손흥민,식탁,율곡이이동상,의자,조인성,창,책,천장,침대,커튼,컵,콘크리트 벽,타일마루,화분에 심은 식물","강아지,기분좋은,만족,만족하다,미소짓다,반려동물,이제훈,침대,카메라를보며,편안한,행복한"
2021-03-15,가정용품,가구류,침대,"개,김정현(1990),사람,의자,이상윤,이제훈,창,책,침대,커튼,타일마루","강아지,기분좋은,만족,만족하다,미소짓다,반려동물,이제훈,침대,카메라를보며,편안한,행복한"
2021-08-27,가정용품,가구류,침대,"개,꽃병,사람,소파,의자,이제훈,창,책,천장,침대,커튼,콘크리트 벽,타일마루,화분에 심은 식물","개,거울,까다로운,깐깐한,눕다,밝은,생활,세련된,이제훈,정장,침대,편리한,편안한"
2021-08-27,가정용품,가구류,침대,"개,사람,의자,이제훈,창,책,침대,타일마루","강아지,눕다,새로운,생활,이제훈,잠,조용한,차분한,침대,편리한,편안한"
2021-08-27,가정용품,가구류,침대,"개,거울,꽃병,불빛,사람,소파,식탁,의자,이제훈,창,책,천장,침대,커튼,콘크리트 벽,타일마루","깐깐한,눕다,만족,만족하다,반려동물,이제훈,즐거운,촬영,침대,카메라를보며,편안한,행복한"
2022-10-05,식품,건강식품,다이어트식품,"꽃병,벽,사람,신세경,의자,책,천장,콘크리트 벽,화분에 심은 식물","건강기능식품,균형,날씬한,다이어트,몸매,식이요법,약사,여성의,영양의,체지방"
2022-07-27,식품,건강식품,다이어트식품,"사람,선반,신세경,의자,창,책,천장,콘크리트 벽,타일마루,화분에 심은 식물","냉장고를 열다,다이어트 식품,달리기를 하다,덜 먹다,데이터를 제시하다,물구나무를 서다,발효율피,선택하다,약사가 설계한,운동하다,정체기,체지방 감소,킥더허들,팍시 다이어트,힘들다"
2022-08-09,식품,건강식품,다이어트식품,"꽃병,벽,사람,의자,창,책,천장,콘크리트 벽,타일마루,화분에 심은 식물","건강기능식품,균형,날씬한,다이어트,만족스러운,몸매,식이요법,여성의,영양의,체지방"
2022-07-27,식품,건강식품,다이어트식품,"꽃병,냉장고,벽,사람,소파,신세경,유리병,의자,창,책,천장,콘크리트 벽,타일마루,화분에 심은 식물","냉장고를 열다,다이어트 식품,달리기를 하다,덜 먹다,데이터를 제시하다,물구나무를 서다,발효율피,선택하다,약사가 설계한,운동하다,정체기,체지방 감소,킥더허들,팍시 다이어트,힘들다"
2022-08-09,식품,건강식품,다이어트식품,"기린,꽃병,벽,사람,유리병,의자,창,책,천장,콘크리트 벽,타일마루,화분에 심은 식물","건강기능식품,균형,날씬한,다이어트,만족스러운,몸매,식이요법,여성의,영양의,체지방"
2022-08-04,가정용전기전자,가정용전기전자기타,가정용전기전자제품종합,"구름,사람,칫솔","가전,갈라지다,기술의,깨끗한,남성의,만족스런,사막의,쓰러지다,전동칫솔,혁신의"
2022-08-01,가정용전기전자,가정용전기전자기타,가정용전기전자제품종합,"사람,칫솔,하늘","가전,갈라지다,기술의,깨끗한,남성의,만족스런,사막의,쓰러지다,전동칫솔,혁신의"
2022-08-04,가정용전기전자,가정용전기전자기타,가정용전기전자제품종합,"사람,안개,이빨,칫솔,하늘,하석진","CG,과장된,넘어지다,돌다,로우앵글,멋진,비트,빛,여성성우,인상적인,줌인,지진,틸팅,휩쓸다,흔들리다"
2022-05-04,식품,건강식품,건강식품제품종합,"나무,사람,선반,소파,창,책,콘크리트 벽,하늘","건강,건강기능식품,건강한,관절,뼈,생기있는,웰빙,젊은,프리미엄,활력있는"
2022-05-10,식품,건강식품,건강식품기타,"나무,사람,선반,소파,창,책,콘크리트 벽,하늘","건강하게,골프,관리하다,관절마력,관절운동,굽히다,다양한,달렸으니까,말뼈추출분말,메이준생활건강,모든것,불편한,불편한 관절엔,상어연골분말,역기,운동하다,체조,칼슘"
2022-03-28,식품,건강식품,건강식품제품종합,"나무,사람,소파,창,하늘","건강,건강기능식품,건강한,관절,뼈,생기있는,웰빙,젊은,프리미엄,활력있는"
2022-04-21,식품,건강식품,건강식품제품종합,"나무,사람,소파,창,책,콘크리트 벽,하늘","건강,건강기능식품,건강한,관절,뼈,생기있는,웰빙,젊은,프리미엄,활력있는"
2022-08-22,화장품및보건용품,여성색조화장품,눈및입술색조화장품,"사람,한효주","건강한,매력적인,바라보는,새로운,색조,신선한,여성,웃는,응시하는,화장품"
2022-08-09,화장품및보건용품,여성색조화장품,눈및입술색조화장품,"거울,깔개,나무마루,사람,소파,의자,창,침대,커튼,콘크리트 벽","거울을 보다,까불다,디어 한효주,디어달리아,럭셔리 비건 뷰티,립스틱을 바르다,바람인터내셔날,색조화장품,신난,아름다운,입술을 움직이다,즐거운,춤추는,필름누아르,흑백의"
2022-08-09,화장품및보건용품,여성색조화장품,눈및입술색조화장품,"건물,사람,콘크리트 벽","만족하는,매혹적인,바라보다,비추다,색조,아름다운,여성,젊은,춤추다,화장품"
2022-08-09,화장품및보건용품,여성색조화장품,눈및입술색조화장품,"거울,깔개,나무마루,사람,소파,유리병,창,책,침대,커튼,한효주","돌아보다,미끄러지다,바르다,보다,소프트포커스,신나는,싱글샷,집어들다,춤,클로즈업,흑백,흔들다"
2022-10-26,가정용품,가구류,침대,"꽃병,냉장고,바닥,사람,선반,소파,와인잔,유리병,의자,책,침대,카펫,콘크리트 벽,화분에 심은 식물","건강한,건배,경쾌한,기지개,꺼내다,밝은,부부,소프트포커스,스트레칭,여성성우,투샷,패닝,푸시업,하이앵글,행복한,화면분할"
2022-10-26,가정용품,가구류,침대,"꽃병,나무마루,사람,소파,옷,와인잔,유리병,의자,창,창문가리개,책,천장,침대,커튼,텔레비전,핸드폰,헬멧,화분에 심은 식물","가보건강침대,꺼내다,다듬다,뒤로 젖힌채로,마주보며,바라보다,비추어보다,입다,즐거워하다,집어들다"
2022-10-26,가정용품,가구류,침대,"꽃병,나무마루,냉장고,도자기,사람,선반,소파,와인잔,유리병,의자,창,책,천장,침대,카펫,커튼,화분에 심은 식물","건강한,건배,경쾌한,기지개,꺼내다,들다,만족스러운,밝은,부부,소프트포커스,스트레칭,여성성우,일어나다,준비,투샷,패닝,푸시업,하이앵글,행복한,화면분할"
2022-10-26,가정용품,가구류,침대,"꽃병,넥타이,사람,선반,소파,와인잔,유리병,의자,창,창문가리개,책,천장,침대,커튼,콘크리트 벽,화분에 심은 식물","가구,거실,다리,대퇴골,마시다,매트리스,목욕통,방,온수,와인,와인 잔,욕조,유리,유리잔,음료수,자쿠지팔,적포도주,침대 시트,침실,패드"
2022-09-22,그룹및기업광고,기타광고,기타기업PR,"노트북,사람,의자,하늘,핸드폰","누구든지,독보적인 기술,민간우주기업,밤하늘에 서다,별을 보다,보여주다,어두운밤,우주,우주산업,우주의 모든것,우주의 세상,원하다,하늘을 보다"
2021-09-15,가정용품,가구류,가정용가구,"강하늘,깔개,노트북,사람,소파,컵,콘크리트 벽,화분에 심은 식물","강하늘,거실,기분좋은,나답게 산다,노래,들다,만지는,맞춤,무대스튜디오,뮤지컬,봄소와,불편한,살다,소파,웃다,율동하는,즐겁다,튕기다,행복한"
2023-03-31,가정용품,가구류,가정용가구,"강하늘,나무마루,사람,소파,의자,커튼,컵,콘크리트 벽,화분에 심은 식물","가구,남성의,독서,만족스런,소파,쉬다,안락한,웃다,좋은,편안한,휴식의"
2023-04-07,가정용품,가구류,가정용가구,"강하늘,사람,소파,의자,커튼,컵,콘크리트 벽,화분에 심은 식물","가구,만족스런,소파,쉬다,안락한,웃다,응원하다,좋은,편안한,휴식의"
2023-04-07,가정용품,가구류,가정용가구,"강하늘,검색창,사람,소파,의자,커튼,화분에 심은 식물","걸치다,넘기다,다리를 꼬다,독서,돌아보다,미소,소프트포커스,싱글샷,올리다,차분한,하이앵글,햇빛,휴식"
2023-04-28,가정용품,가구류,가정용가구,"강하늘,사람,소파,의자,커튼,컵,콘크리트 벽,화분","가구,감성적인,독서,만족스런,소파,쉬다,안락한,웃다,좋은,편안한,휴식의"
2023-05-31,가정용품,가구류,가정용가구,"강하늘,나무,나무마루,사람,소파,의자,커튼,컵,콘크리트 벽,화분","가구,만족하는,바람이 부는,봄소와,소파,창 밖을 보는,책을 읽는,컬러 소파,팔을 기대는,편안한"
2023-07-28,가정용품,가구류,가정용가구,"강하늘,나무,나무마루,사람,소파,의자,커튼,컵,화분","나무,넘기다,봄소와,소파,액자,얹다,창문,커튼,쿠션,테이블"
2023-08-30,가정용품,가구류,가정용가구,"강하늘,나무,벽,사람,소파,의자,커튼,컵,화분","가구,만족하는,무상 업그레이드,바람이 부는,봄소와,소파,울산점,잘 샀다,창 밖을 보는,책을 읽는,컬러 소파,팔을 기대는,편안한"
2023-10-05,가정용품,가구류,가정용가구,"강하늘,나무,나무마루,벽,사람,소파,의자,커튼,컵,화분","가구,남성의,만족스런,소파,쉬다,안락한,웃다,좋은,편안한,햇살,휴식의"
2023-10-30,가정용품,가구류,가정용가구,"강하늘,나무,나무마루,러그,사람,소파,의자,창,커튼,컵,화분","걸치다,내레이션,넘기다,독서,돌아보다,로우앵글,미소,빅모델,소프트포커스,싱글샷,쓰다듬다,여유있는,응시,줌인,차분한,하이앵글"
2021-12-16,교육및복지후생,교육기관,유아유치원,"나무마루,사람,식탁,윌리엄해밍턴,유리병,의자,창,책,책상,커튼","건강한,귀여운,뛰다,밝은,애니메이션 효과를 넣은,어린이의,저요저요,전문교육원의,즐거운,춤추다,파스텔 빛깔의,행복한"
2023-10-04,교육및복지후생,교육기관,교육기관기타,"문,벽,사람,선반,의자,책","2023 아소비 이벤트,건강한 공부,교육기관,댄스,댄스챌린지,수학,아소비교육,어린이,웃는,전문 교육원,즐거운,춤추는,특허받은,풍선,한글,행복한"
2023-10-04,교육및복지후생,교육기관,교육기관기타,"문,사람,선반,식탁,의자,책,풍선,화분","둥실,문,셔츠,손잡이,아소비교육,양말,의자,책상,춤추다,풍선,한 무리의"
2021-11-11,교육및복지후생,교육기관,유아유치원,"사람,의자,창,책,커튼","공부,교육,밝은,실내,애니메이션,어린이,재미있는,즐거운,춤추다,캐릭터"
2022-06-24,가정용품,가구류,가정용가구,"개,나무마루,박서준,사람,소파,식탁,와인병,와인잔,유리병,책,커튼,콘크리트 벽","강아지,넘치다,당당함,따르다,바라보다,반려동물,배려하다,붓다,소파,수건,앉다,에싸레벨로,올라오세요,와인,와인잔,차원이 다른,쿠션,털다,흘리다"
2022-05-18,가정용품,가구류,가정용가구,"개,꽃병,박서준,사람,소파,와인잔,유리병,책,커튼","가구,넘치는,만족스런,반려견,소파,안락한,웃는,털다,편안한,흘리다"
2022-05-18,가정용품,가구류,가정용가구,"꽃병,박서준,사람,소파,식탁,의자,창,천장,카펫,컵,테이블,화분에 심은 식물","거실,걷다,고급스러운,돌아보다,로우앵글,미소,소프트포커스,앉다,여유있는,줌인,클로즈업,하이앵글"
2023-05-25,가정용품,가구류,패션인테리어가구,"강아지,박서준,사람,소파,컵,화분","긁다,기댄 채,문지르다,미간을 찌푸리다,비스듬히,소파,에싸,지긋이,쿠션,클로즈업,테이블"
2023-05-25,가정용품,가구류,패션인테리어가구,"강아지,꽃병,러그,박서준,병,사람,선반,소파,시계,식탁,의자,책,침대,컵,케이크,콘크리트 벽,화분","가구,놀다,독서하다,뛰어오르다,만족스런,반려견,소파,움직이다,좋은,케이크,휴식"
2023-05-25,가정용품,가구류,패션인테리어가구,"강아지,꽃병,러그,박서준,병,사람,선반,소파,시계,의자,책,침대,컵,케이크,콘크리트 벽,화분","가구,놀다,독서하다,뛰어오르다,만족스런,반려견,소파,움직이다,좋은,케이크,휴식"
2023-05-25,가정용품,가구류,패션인테리어가구,"딸기,러그,박서준,발걸이,병,사람,선반,소파,시계,식탁,의자,책,케이크,포크,화분","CG,느긋한,닦다,떨어지다,미소,밝은,쓰다듬다,여유로운,응시,의문,줌인,클로즈업,편안한,훔치다"
2023-06-20,가정용품,가구류,패션인테리어가구,"개,러그,박서준,벽,병,사람,선반,소파,시계,식탁,의자,책,컵,케이크,화분","관리가 쉬운,깨끗해진,놀라다,닦아내다,반려견,소파,소파에 앉은,얼룩지다,에싸,책을 보는,케이크를 먹는,편안한,포크를 사용하는,프리미엄"
2023-06-20,가정용품,가구류,패션인테리어가구,"개,박서준,사람,소파,의자,컵,화분","긁다,기댄 채,문지르다,미간을 찌푸리다,비스듬히,소파,에싸,지긋이,쿠션,클로즈업,테이블"
2023-06-20,가정용품,가구류,패션인테리어가구,"개,꽃병,딸기,러그,박서준,벽,병,사람,선반,소파,시계,의자,책,침대,컵,케이크,포크,화분","긁다,기댄 채,닦아내다,딸기,문지르다,미간을 찌푸리다,비스듬히,소파,쓰윽,에싸,지긋이,케이크,쿠션,크림,클로즈업,테이블,포크"
2022-07-15,음료및기호식품,알콜음료,탁주및전통주,"가위,넥타이,돋보기,병,사람,왕중근,의자,테이블,하늘","감탄,경쾌한,깍다,남성성우,따르다,소프트포커스,술,웃기다,재미있는,줄,줌인,클로즈업"
2022-07-14,음료및기호식품,알콜음료,탁주및전통주,"그릇,넥타이,막걸리,사람,식탁,왕종근,유리병,의자,제품,천장,컵,타일마루,테이블","다 모였지,막걸리,명품,빨리 만나보고 싶은 사람,세월이 지닐수록,어울림,예천 하나,예천양조,왕종근,유산균,전속모델,진품,추가요"
2022-10-07,유통,유통기타,유통기타,"사람,자동차,커튼","3D펜 세트,그리다,상상력,상상하는 그대로,쉽게,신기한,안 흔한,엠제이솔루션,웃다,즐겁다,펜을 사옹하다,펼쳐봐,흔한남매"
2022-06-17,서비스,서비스기타,서비스기타,"나무,도로,사람,소파,신수지,자동차,자전거,창,책,커튼,타일마루,화분에 심은 식물","가상라이딩을 지원하다,게임처럼,굿프렌드,굿핏,새로운 트렌드,숨쉬다,스마트 헬스사이클,실감형 콘텐츠 내장,운동하다,인도어 사이클,자전거를 타다,페달 강도 자동 조절,힘들다"
2022-12-01,교육및복지후생,교육기관,어학학원,"노트북,모니터,사람,선반,의자,책,커튼,키보드,테이블,핸드폰","공부,남성성우,리딩,무료체험,문법,밝은,소프트포커스,쓰다,여성성우,원어민,이미지,일대일,줌아웃,클로즈업,화상수업"
2022-07-15,유통,유통기타,유통기타,"고기,그릇,꽃병,냉장고,사람,유리병,전자레인지,창,카운터,컵,케비넷,포크,핸드폰,화분에 심은 식물","CM송,가족,경쾌한,굽다,남성성우,누르다,먹다,먹이다,밝은,소프트포커스,여아,주부,클로즈업,패닝"
2022-06-24,화장품및보건용품,여성기초화장품,여성일반기초화장품,"사람,커튼","건강한,새로운,신선한,여성,열매,자연의,젊은,탄탄한,피부,화장품"
2022-05-27,화장품및보건용품,화장품및보건용품기타,화장품및보건용품기타,"사람,테이블,화분에 심은 식물","간편하게,나르소닉 HIFU 디바이스,나르시피아,매끄러운 피부,미용용품,전문가,지속적,집에서,차이를 만드는,탄력케어 완성,피부관리,하루15분,화사한"
2022-09-22,서비스,서비스기타,서비스기타,"그릇,노트북,목재 벽,사람,숟가락,식탁,싱크대,유리병,의자,창,책,카운터,커튼,컵,핸드폰,화분에 심은 식물","걱정하다,돕다,메디플러스솔루션,부축하다,설겆이하다,세컨드닥터,숟가락을 놓다,요리하다,자신감있는,재활하다,찌푸리다,팔짱끼다,힘겨워하다"
2022-03-28,서비스,서비스기타,서비스기타,핸드폰,"도움이되는,디지털,모바일,사후관리,암,앱,전화,치료,통화,편리한"
2022-12-06,화장품및보건용품,가정및보건용제지,가정및보건용제지기타,"병,사람","CG,가르키다,걸어오다,공공조달,국가인증,내레이션,다가오다,밝은 응시,설득적인,손 씻기,싱글샷,올려보다,위생,작두콩,차분한,특허,혁신"
2023-03-24,화장품및보건용품,화장품및보건용품기타,화장품및보건용품기타,"꽃병,나무,불빛,사람,의자,창,천장,콘크리트 벽,타일마루,화분에 심은 식물","경례하는,공공조달,노래하는,노로엑스,다양한,만족하다,바이오쓰리에스,손 씻기,손 씻다,손세정제,웃다,율동하는,춤추는,혁신적"
2023-05-03,화장품및보건용품,화장품및보건용품기타,화장품및보건용품기타,"곰인형,꽃병,나무,병,사람,식탁,의자,창,천장,타일마루,화분","경례,나란히,리듬에 맞추어,바구니,바이오쓰리에스,받쳐 든 채,비비다,앞치마,제복,청진기,커튼,콩"
2023-05-03,화장품및보건용품,화장품및보건용품기타,화장품및보건용품기타,"꽃병,나무,문,사람,식탁,의자,전등,창,천장,콘크리트 벽,타일마루,화분","경례하는,공공조달,노래하는,노로엑스,다양한,만족하다,바이오쓰리에스,손 씻기,손 씻다,손세정제,웃다,율동하는,춤추는,혁신적"
2022-12-02,유통,"소형,소매유통","소형,소매유통제품종합","건물,골프공,깔개,나무,베너,사람,선반,소파,스포츠 공,지성,집,창,책,커튼,콘크리트 벽,풀,핸드폰,화분에 심은 식물","거실,검색하다,골퍼,골프공,골프채,대보다,동경하다,딜팡골프,마당,마음에 안드는,부러운,불편한,쉽다,옷걸이,원한다,잡다,터치하는,편한,프리미엄,프리하다,피팅해보는"
2022-10-14,가정용품,가정용인테리어,가정용인테리어기타,"꽃병,문짝,사람,선반,소파,유리병,의자,카펫,커튼,타일마루,테이블,화분에 심은 식물","가리다,겹쳐진,나란히,넘기다,덱스터,명상자세,미소짓다,바라보다,밝은,읽다,편안한 자세로,하늘거리는,한솔아이엠비"
2022-09-19,교육및복지후생,사회교육,직업교육,"넥타이,노트북,마우스,모니터,벽돌 벽,사람,시계,의자,창,창문가리개,책,컵,탁상용의 물건,테이블,핸드폰,화분에 심은 식물","걷다,남성성우,돌아보다,미소,바스트샷,밝은,소프트포커스,손깍지,수긍,여성성우,차분한,클로즈업,투샷,패닝,화면분할"
2022-11-14,출판,출판기타,출판기타,"넥타이,벽,사람,연,하늘","놀라서,마주보며,번쩍,새김교육,손짓하다,신나게,어깨에 손을 얹고,율동하다,점핑하다,하이파이브"
2022-10-28,서비스,문화및공연,공연,"구름,꽃,나무,넥타이,바다,벽돌 벽,사람,새,풀,하늘","갈매기가 나는,국내해상유원지,국화가 핀,꽃들과 함께하는,돝섬,돝섬해피랜드,배를 탄,설명하다,아름다운,포말을 일으키는,황금돼지섬,힐링"
2022-08-18,교육및복지후생,교육기관,교육기관기타,"넥타이,마천루,사람,케이크,하늘","4차산업혁명시대,글로벌메타버스개발원,돝섬해피랜드,메타버스,새로운,새로운 세상,선거사무실,양성,전문직업인,직업,초대"
2018-04-24,서비스,문화및공연,지역 및 문화축제,"건물,곰인형,나무,모래,바다,사람,산,새,연,영도대교,옷,텐트,하늘","가족,개최하다,놀이,다양한,돝섬,어린이날,즐거운,창원,체험하다,초대하다,추억"
2019-04-25,서비스,서비스기타,서비스기타,"개,건물,공지천구름다리,나무,배낭,사람,산,우산,하늘","놀다,다양한,북적이는,신나는,어린이날,유쾌한,즐거운,참여하다,체험하다,축제,행사"
2019-04-23,서비스,문화및공연,지역 및 문화축제,"건물,공지천구름다리,나무,배낭,사람,산,우산,하늘","놀다,다양한,북적이는,신나는,어린이날,유쾌한,즐거운,참여하다,체험하다,축제,행사"
2021-10-18,서비스,서비스기타,서비스기타,"건물,구름,김보성,나무,넥타이,마천루,물,바다,보트,사람,새,하늘","가족,갈매기,꽃,사계절,소개하다,아름다운,여행,자연,정원,추억,축제"
2022-06-03,서비스,서비스기타,서비스기업PR,"건물,꽃병,나무,나무마루,넥타이,도로,문짝,바닥,벤치,불빛,사람,소파,시계,유리병,의자,자동차,자전거,차승원,창,천장,침대,커튼,컵,콘크리트 벽,타일마루,포장 도로,핸드폰,화분에 심은 식물","가족의,건강관리,건강한,디지털,만족스런,비대면,서비스,연결하다,의료,케어하다"
2021-04-02,가정용전기전자,가사용전기전자,가사용전기전자기타,"김보성,넥타이,리모트컨트롤,사람,소파,시계,유리병,의자,자전거,장윤정,창,창문가리개,책,침대,칫솔,커튼,콘크리트 벽,타일마루,텔레비전,핸드백,핸드폰,화분에 심은 식물","간병인,노래방,노래하다,마이크,만족,만족하다,미소짓다,병원,선글라스,웃다,의사,즐거운,환자"
2021-04-02,가정용전기전자,가사용전기전자,가사용전기전자기타,"김연아,넥타이,사람,소파,시계,울산대교전망대,유리병,의자,장윤정,창,창문가리개,책,침대,칫솔,커튼,콘크리트 벽,타일마루,텔레비전,핸드백,화분에 심은 식물","간병인,노래방,노래하다,마이크,만족,만족하다,미소짓다,병원,선글라스,웃다,의사,즐거운,환자"
2021-04-02,가정용전기전자,가사용전기전자,가사용전기전자기타,"넥타이,노트북,사람,소파,시계,울산대교전망대,의자,장윤정,침대,칫솔,커튼,콘크리트 벽,타일마루,텔레비전,하늘,핸드폰,화분에 심은 식물","간병인,간호사,노래방,노래부르다,마이크,병원,웃다,의사,찍다,춤추다"
2021-04-02,가정용전기전자,가사용전기전자,가사용전기전자기타,"김보성,김연아,넥타이,리모트컨트롤,목재 벽,사람,소파,수성SK리더스뷰,시계,의자,장윤정,창,창문가리개,침대,칫솔,커튼,콘크리트 벽,타일마루,텔레비전,핸드폰,화분에 심은 식물","간병인,노래방,노래하다,마이크,만족,만족하다,미소짓다,병원,선글라스,웃다,의사,즐거운,환자"
2021-04-07,서비스,서비스기타,서비스기타,"김보성,넥타이,리모트컨트롤,목재 벽,사람,소파,수성SK리더스뷰,시계,의자,장윤정,창,창문가리개,침대,칫솔,커튼,콘크리트 벽,타일마루,텔레비전,핸드폰,화분에 심은 식물","간병비,노래하다,딸,병원,보호자,어머니,어플리케이션,제안,춤추다,친구,친해지다,행복한"
2021-04-07,서비스,서비스기타,서비스기타,"넥타이,노트북,도넛,리모트컨트롤,사람,소파,시계,옷,울산대교전망대,의자,장윤정,창문가리개,침대,칫솔,커튼,콘크리트 벽,타일마루,텔레비전,핸드폰,화분에 심은 식물","간병비,노래하다,딸,병원,보호자,어머니,어플리케이션,제안,춤추다,친구,친해지다,행복한"
2021-04-07,서비스,서비스기타,서비스기타,"김연아,넥타이,사람,소파,시계,옷,울산대교전망대,유리병,의자,장윤정,창문가리개,책,칫솔,커튼,콘크리트 벽,타일마루,텔레비전,화분에 심은 식물","간병비,간병인,노래하다,딸,병원,어머니,어플리케이션,제안,춤추다,친구,친해지다,행복한"
2021-04-07,서비스,서비스기타,서비스기타,"김래원,김보성,넥타이,리모트컨트롤,사람,소파,시계,유리병,의자,자전거,창문가리개,책,침대,커튼,콘크리트 벽,타일마루,텔레비전,핸드백,핸드폰,화분에 심은 식물","간병비,간병인,노래하다,딸,병원,어머니,어플리케이션,제안,춤추다,친구,친해지다,행복한"
2021-03-29,서비스,서비스기타,서비스제품종합,"김보성,김연아,넥타이,리모트컨트롤,목재 벽,사람,설리(에프엑스),소파,수성SK리더스뷰,시계,울산대교전망대,의자,이민정,장윤정,창,창문가리개,침대,칫솔,커튼,콘크리트 벽,타일마루,텔레비전,핸드백,핸드폰,화분에 심은 식물","노래하다,만족스런,미소,박수치다,스마트폰,웃다,즐거운,촬영하다,춤추다,행복한,흥겨운"
2021-03-29,가정용전기전자,가사용전기전자,가사용전기전자기타,"넥타이,리모트컨트롤,사람,소파,시계,울산대교전망대,의자,이영애,장윤정,창문가리개,침대,칫솔,커튼,콘크리트 벽,타일마루,텔레비전,핸드폰,화분에 심은 식물","간병인,노래방,노래하다,마이크,만족,만족하다,미소짓다,병원,선글라스,웃다,의사,즐거운,환자"
2020-12-16,서비스,서비스기타,서비스기타,"김보성,김연경(배구선수),김연아,김하늘,넥타이,리모트컨트롤,사람,소파,시계,울산대교전망대,의자,장윤정,전지현,추대엽(카피추),침대,커튼,콘크리트 벽,타일마루,텔레비전,핸드폰,화분에 심은 식물","기분좋은,노래하는,답하는,만족스런,박수치는,사진찍다,웃다,즐거운,질문하는,춤추는,행복한,흥겨운"
2021-02-25,가정용전기전자,가사용전기전자,가사용전기전자기타,"김보성,김연아,넥타이,리모트컨트롤,목재 벽,사람,소파,수성SK리더스뷰,시계,울산대교전망대,의자,장윤정,창,창문가리개,침대,칫솔,커튼,콘크리트 벽,타일마루,텔레비전,핸드백,핸드폰,화분에 심은 식물","간병인,간호사,노래방,노래부르다,마이크,병원,웃다,의사,찍다,춤추다"
2021-02-25,가정용전기전자,가사용전기전자,가사용전기전자기타,"넥타이,사람,소파,시계,울산대교전망대,의자,장윤정,창문가리개,침대,커튼,콘크리트 벽,타일마루,텔레비전,핸드폰,화분에 심은 식물","간병인,간호사,노래방,노래부르다,마이크,병원,웃다,의사,찍다,춤추다"
2022-11-15,서비스,음식및숙박,대중음식점,"그릇,문짝,물,불빛,식탁,의자,전자레인지,천장,컵","건지다,경쾌한,끓다,놓다,돌판,모락모락,수제비,싱싱한,열리다,즐거운,채소,클로즈업,화면분할"
2022-08-18,가정용품,가정용품기타,가정용품기타,"사람,콘크리트 벽","기대다,기대바,높낮이를 조절하다,맥스포인트,샤워하다,설거지하다,세면하다,이제,접다,접이식 세면보조대,허리가 아프다"
2023-01-11,가정용품,가정용품기타,가정용품기타,"꽃병,사람,소파,싱크대,옷,의자,창,창문가리개,커튼,콘크리트 벽,타일 벽,타일마루,텔레비전,화분에 심은 식물","기대다,기대바,높낮이를 조절하다,맥스포인트,샤워하다,설거지하다,세면하다,이제,접다,접이식 세면보조대,허리가 아프다"
2022-09-05,가정용품,가구류,침대,"바닥,벽,사람,시계,의자,책,천장,침대,카펫","꽉 채운,노르딕슬립,놀라는,매트리스 토퍼,블링크프로젝트,비밀을 알려주는,빈틈 없는,세세히 들여다보다,자빠지다,직접 체험하는"
2020-10-05,가정용품,가정용인테리어,침구류및솜,"개,꽃병,넥타이,사람,스포츠 공,유리병,지진희,창문가리개,책,콘크리트 벽,타일마루","고통스러운,관리하다,그래픽,넘어지다,두피,만족스러운,모발,버티다,운동하다,자기관리,카메라응시"
2020-09-24,가정용품,가정용인테리어,침구류및솜,"넥타이,사람,옷,유리병,율곡이이동상,의자,지진희,콘크리트 벽","관리하다,그래픽,두피,만족스러운,바르다,뿌리다,샴푸,카메라응시,투자하다,피부"
2022-08-29,가정용품,완구류,"조립,모형완구","건물,구름,도로,마천루,사람,자동차,저스트링고,저스트링고 팔,타일 벽,트럭,포장 도로","뭐든지 할 수 있다,블록,어메이징 스토리,완구,장난감,저스티 링고,지구를 구하라,지구를 지킨다,지구에 찾아온 위기,트랜스 폼,파괴된 지구의 도시"
2021-07-30,가정용품,완구류,"조립,모형완구","건물,눈,마천루,사람,시계,책,카펫,커튼,하늘,화분에 심은 식물","놀이,도시,도심,레고,블록,신나는,실내,어린이,장난감,조립하다,즐거운"
2020-10-08,가정용품,완구류,"조립,모형완구","건물,구름,리모트컨트롤,문짝,변기,비행기,사람,소파,양산타워,유리병,율곡이이동상,의자,자동차,주차 미터기,커튼,케이크,콘크리트 벽,핸드폰,화분에 심은 식물","관절블록,놀다,만들다,발달하다,변형하다,빠지다,사고력,완구,조립하다,즐기다,창의력,촉각,키우다"
2021-09-08,가정용품,완구류,"조립,모형완구","마천루,사람,창,책,커튼,하늘,화분에 심은 식물","가족,그래픽,날다,도시,블럭,싸우다,움직이다,웃다,장난감,키즈,합체하다"
2022-07-01,화장품및보건용품,모발 및 목욕용제,"샴푸,린스","벽,화분에 심은 식물","기능성화장품,네이처프론트,녹색의,만족하다,약담초,자극없이 탈모케어,자연과 함께하는,친환경적인,탈모증상완화,탈모케어샴푸,특허로 입증된,피부반응도 영"
2020-11-06,화장품및보건용품,구강용품,치약,"사람,스카이베이호텔,유리병","머리카락,모션그래픽,발모촉진,샴푸,안전한,약속,언어유희,탈모완화,특허"
2020-06-18,화장품및보건용품,구강용품,치약,"광안대교,그릇,눈,리모트컨트롤,유리병,율동공원번지점프,콘크리트 벽","검색,설계,약용식물,예방,유효성분,잇몸질환,자연,치료제,치약,프리미엄,효과적"
2020-02-21,화장품및보건용품,구강용품,치약,"그릇,눈,리모트컨트롤,유리병,율동공원번지점프,콘크리트 벽","검색,설계,약용식물,예방,유효성분,잇몸질환,자연,치료제,치약,프리미엄,효과적"
2022-07-14,식품,건강식품,건강보조식품,"나무,넥타이,도로,사람,소파,옷,하늘,핸드폰","365일,눈 건강,동우농산,루테인,마이메이트,비타민,솔루션,오메가3,원데이,원포켓,혈행개선"
2022-09-21,서비스,서비스기타,서비스기업PR,"그릇,사람,숟가락,식탁,의자,전자레인지,천장,커튼,컵,케비넷,콘크리트 벽,테이블,핸드폰","간편하다,기침하다,누르다,똥손,불을 꺼다,불이 나다,생선을 태우다,소화기액을 뿜다,어렵다,연기가 나다,요리하다,전자레이지를 사용하다,접시에 담다,캣이득,쿠캣,쿠캣마켓,힘들어하다"
2022-12-08,가정용품,완구류,작동완구,"로봇,벽,사람,웨어러블디바이스,의자,창문가리개,책,컵","누르다,들어올리다,따라하다,모션싱크,반짝이다,밝은,신기한,어린이,움직이다,음성인식,장난감,집다,클로즈업"
2023-03-16,가정용품,완구류,작동완구,"사람,풀","고사성어,과학,동화책,로봇강아지,앉아,에이티로봇,역사,유투브,이라와,인공지능,잔소리,제로미"
2022-11-09,패션,내의류,기능성내의,"나무,사람,창","그날,단색,돌아보다,부드럽다,스며들다,야노시호,얇다,언더웨어,요가를 하다,컴포트에어,패드 없이,팬티"
2023-01-09,서비스,서비스기타,서비스기업PR,"건물,구름,나무,노트북,도로,벤치,사람,자동차,텔레비전,트럭,하늘","나란히,들고서,보도하다,양 쪽으로,열려있는,우리테크,울창한,정차하다,햇살,회전하다"
2023-01-09,서비스,서비스기타,서비스기업PR,"건물,구름,나무,노트북,도로,사람,자동차,트럭,풀,하늘","CG,기자,뉴스,도열,리포터,바스트샷,밝은,보도,싱글샷,앵커,여성성우,재사용,절삭유,정제기"
2023-08-28,산업기기,산업기기기타,산업기기기타,"구름,나무,도로,사람,옷,전등,천장,타일마루,트럭,하늘","건강,상쾌한,싸이클론 V8 집진기,오일미스트,우리테크,위협,전기료,절삭기계,파이팅 하다,필터값,환경전문기업,회수"
2023-09-22,산업기기,산업기기기타,산업기기기타,"구름,나무,도로,사람,옷,전등,천장,타일마루,트럭,하늘","1566-07424,V8집진기,WOORITECH,걸러내다,관공서,기업PR,깨끗하게,먼지가 날리다,싸이클론,유로 회수하다,입을 막다,재사용하다,절삭,환경전문기업"
2023-03-08,식품,건강식품,건강식품제품종합,"김희선,사람,핸드백","건강기능식품,걷다,계단을 오르다,놀라는,다이어트,문화,보여주다,비에날씬,에이스바이옴,유산균,일어서다,줄자,지속가능한,포커스"
2021-07-30,식품,건강식품,건강식품제품종합,"사람,알약,약통,창,책","갱년기,건강한,관리하다,다이어트,만지다,세련된,아름다운,앉아있는,유산균,차분한,체지방"
2021-07-28,식품,건강식품,건강식품제품종합,"박주미,사람,손,시계,식탁,알약,의자,창,책,천장","갱년기,게임,고급스러운,누르다,미소짓다,방울,세련된,신비한,알약,여성,영양제,체스"
2021-05-06,식품,건강식품,건강식품제품종합,"김희선,넥타이,바닥,벽,사람,여행 가방,우산,콘크리트 벽,핸드폰","건강한,김희선,다이어트,드레스,먹다,모델,세련된,응시하다,포즈,화려한"
2021-04-15,식품,건강식품,건강식품제품종합,"김희선,넥타이,바닥,벽,사람,여행 가방,우산,콘크리트 벽","당당한,말하다,먹다,미소,바람,실내 스튜디오,응시하다,카메라를 보며,턱을 괴다,포즈를 취하다"
2020-04-22,식품,건강식품,건강식품제품종합,"김희선,냉장고,리모트컨트롤,바닥,벤치,사람,울산대교전망대,유리병,의자,창문가리개,천장,칫솔,커튼,컵,콘크리트 벽,테이블,포장 도로,핸드폰","국내최초,다이어트,만족스러운,비커,시험,식약처,웃다,유산균,즐거운,찾다,체지방"
2020-03-31,식품,건강식품,건강식품제품종합,"김희선,냉장고,바닥,벤치,사람,유리병,의자,커튼,컵,콘크리트 벽,테이블","국내최초,다이어트,만족스러운,비커,시험,식약처,웃다,유산균,즐거운,찾다,체지방"
2023-01-03,그룹및기업광고,기타광고,기타기업기타,"나무,사람,유리병,책,컵,풀,핸드백","건강기능식품,건강한,발효,생기있는,성장,어린이,웰빙,자연의,프리미엄,활력있는"
2023-02-09,컴퓨터및정보통신,컴퓨터및정보통신기타,컴퓨터및정보통신기타,"사람,창,핸드백,핸드폰","걱정스러운,놀라는,누운 채,들어 서다,멈춰 선 채,문을 열다,바삐.계단을 오르다,부착 되어있는,엔티에스,통화하다"
2023-03-21,가정용품,생활잡화및기기,생활잡화및기기기타,"마우스,사람,식탁,옷,의자,창문가리개,컵,콘크리트 벽,키보드","바른,변화하는,새로운,생활잡화,의자,자세,책상,척추,쿠션,패드,편한,허리"
2023-05-23,그룹및기업광고,기타광고,기타기업기타,"사람,콘크리트 벽,타일 벽,핸드폰,화분","걱정되다,고민하는,깨끗한연구소,뚫다,배관관리사,배관이 막힌,배변기에 앉은,좋아하다,짜증나는,착한 가격,하수구 막힘,화장실"
2023-06-14,서비스,전문서비스,전문서비스기타,"그릇,변기,병,사람,싱크대,타일 벽,타일마루,핸드폰,핸드폰 화면,화분","깨끗한연구소,넘치다,바가지,변기,세면대,수건,수전,앉은 채,집어 던지다,짜증난,핸드폰 화면,화장지"
2023-06-12,가정용품,주방용품,조리용구,"그릇,꽃병,벽,병,사람,선반,수납장,숟가락,식탁,앤디,오븐,카운터,컵,화분,후라이팬","경쾌한,굽다,놓다,돌리다,뒤집다,밝은,뿌리다,슬로우모션,시즐,싱글샷,역동적인,자르다,줌인,클로즈업"
2023-06-12,가정용품,주방용품,조리용구,"그릇,벽,병,사람,식탁,싱크대,전인화,창,카운터,칼,타일 벽,화분","가리비,건강해지는,고기를 굽는,맛있어 보이는,미소짓다,부엌,블랙큐브,소금을 뿌리는,스테이크,싱싱한 야채,요리하는,자르는,전인화,찜,쿡셀,후라이펜을 든"
2023-06-12,가정용품,주방용품,조리용구,"건물,고기,그릇,꽃병,도마,버섯,벽,병,블라인드,사람,선반,수납장,숟가락,식탁,싱크대,오븐,우산,의자,주방,카운터,컵,프라이팬,화분","고기를 굽다,뒤집다,뚜껑을 열다,블랙큐브,세포를 깨우다,소금을 뿌리다,앤디,야채를 설다,요리하다,채를 썰다,쿡셀,프라이팬을 보다"
2023-06-12,가정용품,주방용품,조리용구,"그릇,도마,문,벽,병,사람,숟가락,식탁,싱크대,전인화,조개,주방,창,칼,컵,테이블,프라이팬,화분","건강해지는,굽다,뚜껑을 열다,블랙큐브,세포를 깨우다,썰다,야채를 씻다,요리,요리하다,전인화,쿡셀,프라이팬"
2023-06-21,식품,축산품,치킨가공품,"그릇,넥타이,모니터,문,병,사람,소파,의자,창,책,커튼,컵,테이블,화분","놀라다,눕다,달리인,돌리다,벗다,뿌리다,인공지능,재미있는,줌인,클로즈업,특이한,현장"
2023-06-23,"건설,건재및부동산",건재,도벽및바닥재,"그릇,나무마루,냉장고,사람,스포츠 공,의자,침대,커튼,화분","CG,경쾌한,놀다,닦다,뛰다,밝은,슬로우모션,여성성우,청소하다,충격,편안한,하이앵글,흡수"
2023-06-23,"건설,건재및부동산",건재,도벽및바닥재,"꽃병,나무마루,벽,사람,스포츠 공,의자,책,커튼,화분","CG,경쾌한,놀다,닦다,뛰다,밝은,슬로우모션,여성성우,청소하다,충격,편안한,하이앵글,흡수"
2023-06-28,교육및복지후생,교육기관,기술및자격학원,"노트북,사람","CM송,가리키다,경쾌한,귀여운,논리력,밝은,손 흔들다,어린이,여성성우,율동,인공지능,즐거운,코딩"
2023-06-28,교육및복지후생,교육기관,기술및자격학원,"나무,노트북,로봇,사람,장난감","CM송,가리키다,경쾌한,귀여운,논리력,밝은,손 흔들다,어린이,여성성우,율동,인공지능,즐거운,창의력,코딩,클로즈업"
2023-07-25,가정용품,가구류,가정용가구,"TV,그릇,병,사람,선반,수납장,시계,식탁,의자,전등,창,책,천장,커튼,컵,케이크,타일마루,화분","달리아웃,달리인,대화하다,로우앵글,미소,쓰다듬다,여성성우,응시,집들이,친구,패닝,하이앵글,햇살"
2023-07-25,가정용품,가구류,가정용가구,"꽃병,벽,사람,수납장,시계,식탁,의자,전등,창,천장,커튼,컵,타일마루,화분","가구,다과,대화하는,둘러보다,몽키우드,식탁,식탁전문가,에이치비앤에스,웃다,즐겁다,집들이,터치하다"
2023-07-31,산업기기,산업기기기타,산업기기기업PR,"기계,나무,문,벽,사람,의자,창,컵,파라솔","CG,걸어오다,경쾌한,기대되는,기술,내레이션,노래하다,미소,반도체,밝은,비트,쓰다,여성성우,연구원,클로즈업"
2023-08-14,식품,식품기타,식품기타,"숟가락,컵,테이블","건강,다양한,다크 초콜릿,맞춤,봉지에 담든,셋팅되는,식탁에 놓여진,아름다움,음료,재료,제주 그린티 라떼,컵,컵풀,파우더,팩"
2023-09-05,수송기기,수송기기기타,수송기기기타,"개,구름,나무,사람,산,안개,오토바이,자전거,하늘","거친,남성적인,달리다,모래,모험하다,바람,전기자전거,즐기다,파워,황무지"
2023-09-07,수송기기,수송기기기타,수송기기기타,"개,구름,나무,도로,사람,산,안개,오토바이,자전거,하늘","개,구름,바다,사막,섬,스릴 있는,오토바이,하늘,헬멧,흙 먼지"
2023-09-18,제약및의료,의료기기,건강측정용 의료기기,"TV,건물,관목,그릇,나무,노트북,백팩,사람,산,안개,자전거,지붕,집,커튼,하늘,화분","X레이 사진,고즈넉한,구름,나무,노트북,모락모락,산,오톰,자전거,주무르다,줌인,펼친 채,하늘,한옥"
2023-09-18,제약및의료,의료기기,건강측정용 의료기기,"노트북,문,벽,블라인드,사람,선반,의자,장비,창,책,천장,침대,화분","들어가다,미소,브이사인,상담,소프트포커스,엑스선,여성성우,열리다,울다,응시,인사하다,잡다,절박한,지켜보다,켜지다,투샷,포커스아웃"
2023-09-27,제약및의료,의료기기,건강측정용 의료기기,"건물,관목,그릇,나무,노트북,모래,백팩,사람,산,안개,자전거,집,천장,하늘,화분","감사하다,만족스런,보람된,시골집,영상,의료기기,자전거,치료,폐사진,할머니"
2023-09-27,제약및의료,의료기기,건강측정용 의료기기,"노트북,벽,사람,선반,옷,창,책,천장,침대,화분","걱정하는,다급한,더 안전하게,마인 올뉴,미소 짓는톰,보호,아픈,엑스레이,오톰,응급실,입원,진료받는,촬영장치,포터블 엑스선"
2021-12-21,식품,제빵,"햄버거,피자및샌드위치","벽,병,사람,유진,창,테이블","맛있는,부드러운,선택하다,소고기,수제버거,여성의,육질,즐거운,패치,햄버거"
2021-11-18,식품,제빵,"햄버거,피자및샌드위치","병,사람,식탁,유진,창,커튼,테이블","굽다,맛있는,먹음직스런,버무리다,선택하다,수제버거,여성의,패티,프리미엄,햄버거"
2021-11-09,식품,제빵,"햄버거,피자및샌드위치","고기,꽃병,도넛,문,버스,병,사람,식탁,유진,전등,창,햄버거","걸어오다,굽다,남성성우,누르다,닫다,뒤집다,따르다,문답,섞다,소프트포커스,시즐,싱글샷,응시,줌인,채근하다,클로즈업,탄닌"
2023-10-06,제약및의료,의료기기,의료기기제품종합,"마우스,벽,사람,옷,의자,책,하늘","골프,덜어주다,등산,만족스런,목,무릎,어깨,의료기기,전자,통증,허리"
2021-06-29,그룹및기업광고,기타광고,기타기업기타,"김보성,꽃,꽃병,나무,도로,마우스,사람,시계,의자,창,책,콘크리트 벽,트럭,하늘,핸드폰,화분에 심은 식물","꽃,마음,배달,배송,신나는,어플리케이션,여자,웃다,전하다,활기찬,휴대폰"
2021-06-29,그룹및기업광고,기타광고,기타기업기타,"공유,꽃,꽃다발,꽃바구니,꽃병,나무,도로,문짝,벽돌 벽,사람,시계,유리병,의자,자동차,창,책,핸드폰,화분에 심은 식물","고르다,고민하다,꽃,꽃다발,난,누르다,미소,배달하다,어플리케이션,장미,전달하다"
2020-08-21,그룹및기업광고,기타광고,기타기업기타,"꽃,꽃병,벽돌 벽,사람,유리병,율곡이이동상,율동공원번지점프,창,화분에 심은 식물","건네다,고품질,꽃다발,다듬다,마음,문앞,배달하다,어려운,엄선된,클로즈업"
2020-08-28,그룹및기업광고,기타광고,기타기업기타,"공지천구름다리,꽃,꽃병,나무,도로,벽돌 벽,사람,시계,신호등,유리병,율곡이이동상,율동공원번지점프,의자,창,책,케비넷,코오롱스카이타워,콘크리트 벽,트럭,하늘,핸드폰,화분에 심은 식물","건네다,고품질,기분좋은,꽃다발,누르다,다듬다,마음,문앞,배달하다,어려운,어플,언어유희,엄선된,웃음꽃,클로즈업"
2020-06-19,그룹및기업광고,기타광고,기타기업기타,"공지천구름다리,꽃,꽃병,나무,도로,사람,시계,신호등,유리병,의자,창,책,케이크,코오롱스카이타워,콘크리트 벽,트럭,하늘,핸드폰,화분에 심은 식물","기분좋은,마음,만족스러운,어플,웃다,주문,줌아웃,즐거운,청년들,행복한,향기"
2021-05-28,유통,대형유통,복합쇼핑몰,"구름,베개,사람,의자,이서진,인형,침대,카펫,커튼,콘크리트 벽","따뜻한,만족스런,뽀송한,시원한,이불,일어나다,자다,전문가,쾌적한,행복한"
2020-10-08,그룹및기업광고,기타광고,기타기업기타,"공지천구름다리,구름,눈,도로,바다,벤치,사람,산,새,송도G타워,식탁,양,언덕,유리병,율곡이이동상,의자,이서진,자동차,침대,컵,코끼리,풀,하늘","가져가다,겨울,더위,따뜻한,설명하다,습한,양모,여름,웃다,지키다,천연의,체온,추운,카메라응시,쾌적한"
2020-10-08,그룹및기업광고,기타광고,기타기업기타,"개,구름,바다,사람,산,소파,양,유리병,율곡이이동상,의자,이서진,자동차,침대,컵,텔레비전,트럭,풀","눅눅한,따뜻한,설명하다,양모,완벽한,웃다,장마철,지키다,천연의,체온,카메라응시,쾌적한,흠수하다"
2021-03-23,교육및복지후생,교육기관,온라인교육,"남승민(가수),넥타이,사람","가방,그래픽,문제,비교하다,수학,아이,웃다,자막,풀다,학생"
2021-02-22,교육및복지후생,교육기관,온라인교육,"김고은,박나은(2015),사람,서현(소녀시대),윌리엄해밍턴,한고은","공부,공식,만족,만족하다,미소짓다,상상하다,수학,즐거운,타이포,학생"
2021-02-22,교육및복지후생,교육기관,온라인교육,"강석우,김성주,배낭,사람,장성규,한석규","계산,공부,공식,교사,밝은,손짓하다,수학,카메라를보며,타이포,학생"
2021-03-04,교육및복지후생,교육기관,온라인교육,"강석우,김성주,박보검,배낭,사람,장성규,한석규","계산,공부,공식,교사,밝은,손짓하다,수학,카메라를보며,타이포,학생"
2020-01-13,식품,건강식품,건강식품기타,"넥타이,벽돌 벽,사람,시계,유리병,의자,이순재,창,콘크리트 벽,포장 도로","국내산,궁금한,기력,기분좋은,녹용,만족스러운,비밀,선발된,엄격한,자신있는,즐거운,체력,활력"
2020-03-09,식품,건강식품,건강식품기타,"넥타이,벽돌 벽,사람,시계,의자,이순재,창,콘크리트 벽,포장 도로","국내산,궁금한,기력,기분좋은,녹용,만족스러운,비밀,선발된,엄격한,자신있는,즐거운,체력,활력"
2019-11-19,식품,건강식품,건강식품기타,"넥타이,벽돌 벽,사람,시계,우산,유리병,의자,이순재,창,콘크리트 벽,포장 도로","국내산,궁금한,기력,기분좋은,녹용,만족스러운,비밀,선발된,엄격한,자신있는,즐거운,체력,활력"
2019-12-03,가정용품,"취미,레저용품","취미,레저용품제품종합","노트북,문짝,비행기,사람,수성SK리더스뷰,식탁,옷,울산대교전망대,의자,책,천장,케이크,콘크리트 벽","4차산업교육,당당한,드론,만들다,상상,생각하다,선도,성장시키다,수출,자신있는,지식,창의적"
2019-12-03,가정용품,"취미,레저용품","취미,레저용품제품종합","건물,넥타이,문짝,비행기,사람,수성SK리더스뷰,식탁,울산대교전망대,책,천장,케이크,콘크리트 벽,포장 도로","4차산업교육,당당한,드론,만들다,상상,생각하다,선도,성장시키다,수출,자신있는,지식,창의력,창의적"
2021-10-28,식품,식품기타,식품기타,"구름,그릇,꽃병,나무,백종원,사람,산,숟가락,식탁","김장,깨끗한,다양한,만들다,맛있는,무치다,배송하다,세척하다,신선한,정갈한"
2021-10-28,식품,식품기타,식품기타,"건물,구름,그릇,김치,꽃병,사람,산,숟가락,핸드폰","건강한,검색하다,김치,깨끗한,다양한,모바일,신선한,유머,주문하다,판매하다,홍보하다"
