연도,구분,수상내역,부문,제목
2024년,대상,대상,인쇄,"무분별한 별점테러, 자영업자에겐 재앙입니다."
2024년,일반부,금상,TV,저자극이 가장 필요한 곳
2024년,일반부,은상,TV,킥라니 출몰주의
2024년,일반부,동상,TV,미래로 가기전에 미래를 지켜주세요
2024년,일반부,장려상,TV,두근 두근 데이트
2024년,일반부,금상,인쇄,팬더가 되고싶은 북극곰
2024년,일반부,은상,인쇄,저격
2024년,일반부,동상,인쇄,대한민국 모든 곳은 어린이 보호구역
2024년,일반부,장려상,인쇄,베드버그
2024년,일반부,특별상,옥외광고,인구현황
2024년,일반부,특별상,영상,109번
2024년,대학생부,금상,TV,우리가 함께 지켜야하는 것
2024년,대학생부,은상,TV,걷기 싫은 횡단보도
2024년,대학생부,동상,TV,더 이상 낯선 사람이 아닙니다
2024년,대학생부,장려상,TV,당연한 권리
2024년,대학생부,금상,인쇄,숏폼 중독
2024년,대학생부,은상,인쇄,100점짜리 백지 답안지
2024년,대학생부,동상,인쇄,사소한 적치물 하나가 위급상황엔 치명적인 장애물이 됩니다
2024년,대학생부,장려상,인쇄,당신의 아이를 찾으시오
2024년,대학생부,특별상,옥외광고,탈북민이 아닌 한국인
2024년,대학생부,특별상,영상,실종
2024년,청소년부,금상,TV,"우리 가족, 우리 바다"
2024년,청소년부,은상,TV,"마약, 브레이크가 고장난 자동차와 같습니다"
2024년,청소년부,동상,TV,불편한 동거
2024년,청소년부,장려상,TV,Short 하지 말고 Long 하세요
2024년,청소년부,금상,인쇄,내가 멸종해봐서 아는데
2024년,청소년부,은상,인쇄,고등학교 13학년입니다
2024년,청소년부,동상,인쇄,잘 보이십니까?
2024년,청소년부,장려상,인쇄,오늘의 얼굴
2023년,대상,대상,인쇄,멸종위기 1급 대한민국
2023년,일반부,금상,TV,세계일주
2023년,일반부,은상,TV,멸종위기종 전시회
2023년,일반부,동상,TV,엄마 나 학교 가기 싫어요
2023년,일반부,장려상,TV,또 하나의 공용어
2023년,일반부,금상,인쇄,신호를 볼 수 없습니다
2023년,일반부,은상,인쇄,"우리 아이, 새로운 표적이 되다"
2023년,일반부,동상,인쇄,우리가 하고 싶은 것
2023년,일반부,장려상,인쇄,공익광고공모전_온라인위협글_출품용
2023년,일반부,특별상,영상,블라인드(Blind)
2023년,일반부,특별상,영상,엄마가 항상 지켜줄게
2023년,일반부,특별상,이모티콘,할미도 알고싶어
2023년,일반부,특별상,이모티콘,우리 지구를 지켜줘
2023년,대학생부,금상,TV,가볍지 않은 터치
2023년,대학생부,은상,TV,정답
2023년,대학생부,동상,TV,가족도 유행을 타나요?
2023년,대학생부,장려상,TV,질 수밖에 없는 경기
2023년,대학생부,금상,인쇄,반려견은 패션이 아닙니다
2023년,대학생부,은상,인쇄,오늘 밤도 공사 중이십니까?
2023년,대학생부,동상,인쇄,도로 위에선 라이프 캔슬링
2023년,대학생부,장려상,인쇄,함께 타면 함께 갑니다.
2023년,청소년부,금상,TV,지구 떠나면 고생
2023년,청소년부,은상,TV,끊으면-이어집니다
2023년,청소년부,동상,TV,"아동학대, 층간소음과 같은 관심이면 예방할 수 있습니다."
2023년,청소년부,장려상,TV,모두가 즐거운 콘텐츠
2023년,청소년부,금상,인쇄,정보화 사회 속 디지털 디바이드
2023년,청소년부,은상,인쇄,'메시지'라는 칼에 폭력을 당하고 있습니다
2023년,청소년부,동상,인쇄,지금 보이는건 지구입니다.
2023년,청소년부,장려상,인쇄,이 요정은 죽여주는 소원을 들어줍니다
2022년,대상,대상,영상,현실
2022년,일반부,금상,스토리보드,HOT플레이스
2022년,일반부,은상,스토리보드,지우시겠습니까
2022년,일반부,동상,스토리보드,막히기 전에 멈춰주세요
2022년,일반부,장려상,스토리보드,떼쓰지 말아 주세요
2022년,일반부,금상,인쇄,대한민국을 품고 있습니다.
2022년,일반부,은상,인쇄,난 일회용이 아니에요
2022년,일반부,동상,인쇄,마음의 못
2022년,일반부,장려상,인쇄,당신이 마신건 음료만이 아닙니다
2022년,대학생부,금상,스토리보드,도로 위에서 보내지 않도록
2022년,대학생부,은상,스토리보드,"나눠 받은 지식, 다시 나눌 때"
2022년,대학생부,동상,스토리보드,우리를 낫게 하는 약이 지구를 아프게 합니다
2022년,대학생부,장려상,스토리보드,볼 수만 있는 세상
2022년,대학생부,금상,인쇄,"새로운 생태계 교란종, 비닐봉지"
2022년,대학생부,은상,인쇄,벼랑 끝의 아이들
2022년,대학생부,동상,인쇄,영광의 상처
2022년,대학생부,장려상,인쇄,나는 오늘도 지구를 낭비했다.
2022년,청소년부,금상,스토리보드,무리한 요구 사항은 이제 그만
2022년,청소년부,은상,스토리보드,500년짜리 자연감옥
2022년,청소년부,동상,스토리보드,일회용 종이컵
2022년,청소년부,장려상,스토리보드,따뜻한 겨울을 보내기 위하여
2022년,청소년부,금상,인쇄,시계가 멈출 수 있게 도와주세요
2022년,청소년부,은상,인쇄,피해자의 시간은 멈춰있습니다.
2022년,청소년부,동상,인쇄,어려서 #죄송합니다
2022년,청소년부,장려상,인쇄,표시 없는 독약
2022년,특별부문,특별상,영상,투척
2022년,특별부문,특별상,영상,고요 속의 외침
2022년,특별부문,특별상,이모티콘,지구를지키개
2022년,특별부문,특별상,이모티콘,인터넷 이용 시 주의사항
2021년,대상,대상,UCC,예고편
2021년,일반부,금상,스토리보드,오늘의 일회용품 내일의 후회용품
2021년,일반부,은상,스토리보드,아이를 위한 손
2021년,일반부,동상,스토리보드,히어로의 첫 단계
2021년,일반부,장려상,스토리보드,환경적 거리두기
2021년,일반부,금상,인쇄,[전동킥보드 안전사고] 이 곳에 잠들다
2021년,일반부,은상,인쇄,우리가 만든 재앙
2021년,일반부,동상,인쇄,당신도 긴급 차량입니까?
2021년,일반부,장려상,인쇄,[분리수거] 버리는 것보다 중요한 것
2021년,대학생부,금상,스토리보드,녹지 않습니다
2021년,대학생부,은상,스토리보드,발자국
2021년,대학생부,동상,스토리보드,멈춰있는 분리배출
2021년,대학생부,장려상,스토리보드,기적의 선
2021년,대학생부,금상,인쇄,하나면 충분합니다
2021년,대학생부,은상,인쇄,우리의 아이들은 프로그램이 아닙니다
2021년,대학생부,동상,인쇄,더위를 피해 밖으로 나오는 사람들이 있습니다
2021년,대학생부,장려상,인쇄,당신의 아이는 맞았나요?
2021년,청소년부,금상,스토리보드,바다 속 물감
2021년,청소년부,은상,스토리보드,박물관에 살아있다
2021년,청소년부,동상,스토리보드,세상을 뒤집는 작은 습관
2021년,청소년부,장려상,스토리보드,S극의 일상
2021년,청소년부,금상,인쇄,
2021년,청소년부,은상,인쇄,아이의 신호에 응답해주세요
2021년,청소년부,동상,인쇄,층간소음 선 넘지 마십시오
2021년,청소년부,장려상,인쇄,방아쇠를 당기는 음주운전
2021년,특별부문,특별상,UCC,골든타임
2021년,특별부문,특별상,UCC,새로운 재난
2021년,특별부문,특별상,이모티콘,곰가족의 곰곰곰 생각하고 실천하는 저탄소 생활티콘
2021년,특별부문,특별상,이모티콘,"탄소중립, 너도 할 수 있어!"
2020년,대상,대상,인쇄,당신이 밟고 있는 눈
2020년,일반,금상,스토리보드,관상
2020년,일반,은상,스토리보드,이상한 감옥
2020년,일반,동상,스토리보드,가장 무서운 마스크
2020년,일반,장려상,스토리보드,뭉치면 살고 흩어지면 죽는 코로나 19 바이러스
2020년,일반,금상,인쇄,같은 역사 틀린 해석
2020년,일반,은상,인쇄,"감염 불안감, 깨끗이 지우세요"
2020년,일반,동상,인쇄,해외 출입국 시 마스크는 필수 조건입니다
2020년,일반,장려상,인쇄,망부석
2020년,대학생부,금상,스토리보드,무너지지 않는 방법
2020년,대학생부,은상,스토리보드,<거리>로 거리를 메꾸다
2020년,대학생부,동상,스토리보드,성은 빼고 불러주세요
2020년,대학생부,장려상,스토리보드,당신을 지킬 수 있게
2020년,대학생부,금상,인쇄,다루기 쉽다
2020년,대학생부,은상,인쇄,"덜어먹지 않는 행위, 바이러스의 모습과 같습니다"
2020년,대학생부,동상,인쇄,당신을 지키는 히어로
2020년,대학생부,장려상,인쇄, 
2020년,청소년부,금상,스토리보드,나는 의사가 아닙니다
2020년,청소년부,은상,스토리보드,변하지 않는 한 가지
2020년,청소년부,은상,인쇄,엄마가 불러주는 대로 써
2020년,청소년부,동상,스토리보드,눈이자 길
2020년,청소년부,동상,인쇄,"커서, 뭐 하려고?"
2020년,청소년부,장려상,스토리보드,코로나 14.3
2020년,청소년부,장려상,인쇄,아이는 저항할 수 없었습니다
2020년,특별부문,특별상,UCC,그들의 멈춤으로 모두의 일상이 계속됩니다
2020년,특별부문,특별상,UCC,당신이 알아야만 하는 수어
2020년,특별부문,특별상,이모티콘,코로나에 대처하는 슬기로운 생활 이모티콘
2020년,특별부문,특별상,이모티콘,포스트 코로나 일상티콘
2019년,대상,대상,스토리보드,우리 개는 순한데
2019년,일반,금상,스토리보드,멸종위기 동물이 뽑은 올해의 환경 운동가
2019년,일반,은상,스토리보드,채용의 원칙
2019년,일반,동상,스토리보드,다음은 당신 차례
2019년,일반,장려상,스토리보드,손끝에서 시작된 사랑
2019년,일반,금상,인쇄,
2019년,일반,은상,인쇄,주 52시간 시대의 규칙
2019년,일반,동상,인쇄,정말 즐겨찾고 있습니까?
2019년,일반,장려상,인쇄,안전한 성생활을 위한 단 하나의 규칙
2019년,일반,장려상,인쇄,어린이 피노키오
2019년,대학생부,금상,스토리보드,시선이 필요한 세상
2019년,대학생부,은상,스토리보드,두 번의 미소를 받으세요
2019년,대학생부,동상,스토리보드,공정한 사회를 만드는 길
2019년,대학생부,장려상,스토리보드,숨은 공로자
2019년,대학생부,금상,인쇄,공범까지 20% 남았습니다
2019년,대학생부,은상,인쇄,여권 색이 달라도 모두 대한민국의 구성원입니다
2019년,대학생부,동상,인쇄,두 아이의 그림일기
2019년,대학생부,동상,인쇄,음주운전 죽음으로 가는 길
2019년,대학생부,장려상,인쇄,어떤 강아지가 더 무서울까요?
2019년,대학생부,장려상,인쇄,가장 아름다운 재생
2019년,청소년부,금상,TV/인쇄,가는 톡이 고와야 오는 톡이 곱지
2019년,청소년부,은상,TV/인쇄,이상한 날
2019년,청소년부,동상,TV/인쇄,숨은 그림 찾기
2019년,청소년부,동상,TV/인쇄,동등하게
2019년,청소년부,장려상,TV/인쇄,바른말을 지키는 대표 선수입니다
2019년,청소년부,장려상,TV/인쇄,학교 앞 놀이공원
2019년,특별부문,특별상,UCC,2019 KOBACO UCC 공모전_쉴곳
2019년,특별부문,특별상,UCC,사용을 피하면 사고를 피합니다
2019년,특별부문,특별상,UCC,생명선
2019년,특별부문,특별상,UCC,그 방아쇠를 당기지 마세요
2019년,특별부문,특별상,이모티콘,환경패밀리
2019년,특별부문,특별상,이모티콘,일상 속 환경 지킴곰
2018년,대상,대상,UCC,재회
2018년,일반부,금상,스토리보드,눈 앞의 위험은 못 봅니다
2018년,일반부,은상,스토리보드,가장 위험한 적
2018년,일반부,동상 ,스토리보드,층간마음
2018년,일반부,장려상,스토리보드,생명의 쉼터
2018년,일반부,금상,인쇄,말로 해보시겠습니까
2018년,일반부,은상,인쇄,예측불가
2018년,일반부,동상,인쇄,목격자
2018년,일반부,동상 ,인쇄,아저씨도 임신하셨어요?
2018년,일반부,장려상,인쇄,뽑아주세요
2018년,일반부,특별상,웹툰,밥상
2018년,일반부,특별상,UCC,주변을 둘러봐주세요
2018년,대학생부,금상,스토리보드,눈치게임
2018년,대학생부,은상,스토리보드,버리지 않아야 먹지 않습니다
2018년,대학생부,동상 ,스토리보드,누구에게나 열려 있는 기회
2018년,대학생부,장려상,스토리보드,마지막으로
2018년,대학생부,금상,인쇄,배려의 칸
2018년,대학생부,은상,인쇄,무관심이 만든 계단
2018년,대학생부,동상,인쇄,별이 취하는 밤에
2018년,대학생부,동상,인쇄,"Not pet, Your pet"
2018년,대학생부,장려상,인쇄,당신의 투표소는 어디인가요?
2018년,대학생부,장려상,인쇄,가족이 되고 싶었지만 장난감이 되었습니다
2018년,대학생부,특별상,UCC,머그컵 아래 숲
2018년,청소년부,금상,스토리보드/인쇄,당신은 무엇을 잃고 계십니까?
2018년,청소년부,은상,스토리보드/인쇄,가장 가벼운 총
2018년,청소년부,동상,스토리보드/인쇄,꿈을 지켜주세요
2018년,청소년부,동상,스토리보드/인쇄,신중하게 생각하고 말하세요
2018년,청소년부,장려상,스토리보드/인쇄,가족입니다
2018년,청소년부,장려상,스토리보드/인쇄,바다에 버린 쓰레기는 결국 돌아옵니다
2018년,청소년부,특별상,스토리보드/인쇄,이런 미래를 만드시겠습니까?
2017년,대상,대상,스토리보드,안전은 안에서부터
2017년,일반부,금상,스토리보드,무궁화 꽃이 피었습니다
2017년,일반부,은상,스토리보드,사랑이 아닙니다
2017년,일반부,동상 ,스토리보드,관심보호대
2017년,일반부,장려상,스토리보드,아무것도 하지 않으면
2017년,일반부,금상,인쇄,어린이는 빨간 신호등
2017년,일반부,은상,인쇄,혐오곤충도감
2017년,일반부,동상,인쇄,쉼표 하나
2017년,일반부,동상 ,인쇄,이기려고 하지 마세요
2017년,일반부,장려상,인쇄,피해가지 않게 피해주세요
2017년,일반부,장려상,인쇄,우리는 5자 돌림 이웃사촌입니다
2017년,일반부,특별상,웹툰,다섯손가樂
2017년,대학생부,금상,스토리보드,모두 꺼져야 퇴근입니다
2017년,대학생부,은상,스토리보드,이젠 멈춰주세요
2017년,대학생부,동상 ,스토리보드,눈을 가립니다
2017년,대학생부,장려상,스토리보드,마법의 메시지
2017년,대학생부,금상,인쇄,감정노동자의 이름
2017년,대학생부,은상,인쇄,직업에도 성별이 있나요?
2017년,대학생부,동상,인쇄,일하시계
2017년,대학생부,동상,인쇄,아이들의 속도
2017년,대학생부,장려상,인쇄,동촬하세요
2017년,대학생부,장려상,인쇄,숨은 카메라 찾기
2017년,대학생부,특별상,웹툰,도망자
2017년,청소년부,금상,스토리보드/인쇄,이런 언어를 물려주시겠습니까?
2017년,청소년부,은상,스토리보드/인쇄,보이나요
2017년,청소년부,동상,스토리보드/인쇄,일일이 간섭할 수 없지만
2017년,청소년부,동상,스토리보드/인쇄,당신을 지키는 것
2017년,청소년부,장려상,스토리보드/인쇄,여기가 맞을 텐데…?
2017년,청소년부,장려상,스토리보드/인쇄,업무능력의 편견
2017년,청소년부,특별상,스토리보드/인쇄,마약
2016년,대상,대상,인쇄,젠가와 투표의 공통점
2016년,일반부,금상,스토리보드,위험한 최면
2016년,일반부,은상,스토리보드,운전대만 잡으면…
2016년,일반부,동상 ,스토리보드,"세살 휴대폰 중독, 평생을 갑니다"
2016년,일반부,장려상,스토리보드,할머니와 귀찮이
2016년,일반부,금상,인쇄,진짜 해충
2016년,일반부,은상,인쇄,테러
2016년,일반부,동상,인쇄,발걸음
2016년,일반부,동상 ,인쇄,생명은 사는 것이 아닙니다
2016년,일반부,장려상,인쇄,"멈추지 않으면 멈추게 됩니다 1,2"
2016년,일반부,장려상,인쇄,전화번호불통건수112/전화번호출동횟수119
2016년,대학생부,금상,스토리보드,성장의 기록
2016년,대학생부,은상,스토리보드,결심
2016년,대학생부,동상 ,스토리보드,학교폭력 아이들을 도와주세요
2016년,대학생부,장려상,스토리보드,눈을 가리고 귀를 막는 일
2016년,대학생부,금상,인쇄,빠지는 건 순간
2016년,대학생부,은상,인쇄,THINK GREEN..재활용
2016년,대학생부,동상,인쇄,"도박중독 화투편 1,2,3"
2016년,대학생부,동상,인쇄,"여러 개의 실, 하나의 한복"
2016년,대학생부,장려상,인쇄,쓸수록 줄어듭니다
2016년,대학생부,장려상,인쇄,당신에겐 어떤 글자가 보이십니까
2016년,청소년부,금상,스토리보드/인쇄,내 아이의 상속
2016년,청소년부,은상,스토리보드/인쇄,"다르지 않고, 어렵지 않다"
2016년,청소년부,동상,스토리보드/인쇄,우리가 구분해야하는 세계
2016년,청소년부,동상,스토리보드/인쇄,웃음꽃 피우세요
2016년,청소년부,장려상,스토리보드/인쇄,꽝 없는 게임
2016년,청소년부,장려상,스토리보드/인쇄,잘 짜맞춘 자기소개서
2015년,대상,대상,스토리보드,우리는 동갑(同甲)입니다
2015년,일반부,금상,스토리보드,"보복운전, 되돌릴 수 없는 범죄행위"
2015년,일반부,은상,스토리보드,목숨 걸고
2015년,일반부,동상 ,스토리보드,폭력과 다를 바 없는 운전
2015년,일반부,장려상,스토리보드,죽이는 영상
2015년,일반부,금상,인쇄,안 아픈 예방주사
2015년,일반부,은상,인쇄,보이지 않는 폭력
2015년,일반부,은상,인쇄,재떨이로 변해버린 빗물받이
2015년,일반부,동상 ,인쇄,보복운전 결국 되돌아옵니다
2015년,일반부,장려상,인쇄,우물안 개구리
2015년,대학생부,금상,스토리보드,갑을 도미노
2015년,대학생부,은상,스토리보드,영원한 고통
2015년,대학생부,동상 ,스토리보드,소리 없는 저격
2015년,대학생부,장려상,스토리보드,에어컨 위 북극곰
2015년,대학생부,금상,인쇄,평등에 위아래는 없습니다
2015년,대학생부,은상,인쇄,아이들은 풀지 못하는 문제
2015년,대학생부,장려상,인쇄,"밥 한 번, 스마트폰 한 번"
2015년,청소년부,금상,스토리보드/인쇄,한 번 쓰고 버리시겠습니까?
2015년,청소년부,은상,스토리보드/인쇄,층간소음
2015년,청소년부,은상,스토리보드/인쇄,당신도 모르게 잠긴 문
2015년,청소년부,동상 ,스토리보드/인쇄,누구나 한 번쯤 발명가가 됩니다
2015년,청소년부,동상 ,스토리보드/인쇄,전기도 돈입니다.
2015년,산학협력부,우수상,영상,"소외의 사이클, 배려의 사이클(순천대학교)"
2014년,대상,대상,인쇄,피노키오의 거짓말
2014년,일반부,동상,인쇄,모바일 악플 한 줄3
2014년,일반부,은상,인쇄,계급은 폭력의 무기가 아닙니다
2014년,일반부,동상,인쇄,모바일 악플 한 줄2
2014년,일반부,금상,인쇄,가장 가까운 존재가 가장 위험한 존재_국자편
2014년,일반부,장려상,인쇄,폭력의 대물림1
2014년,일반부,동상,인쇄,중독
2014년,일반부,은상,인쇄,"종이를 함부로 사용하는 건, CO2를 함부로 배출하는 것과 같습니다1,2"
2014년,일반부,금상,인쇄,가장 가까운 존재가 가장 위험한 존재_면도기편
2014년,일반부,장려상,인쇄,머그잔을 잡으면 모두가 좋아요
2014년,일반부,장려상,스토리보드,가슴에 박힌 상처
2014년,일반부,동상,인쇄,모바일 악플 한 줄1
2014년,일반부,장려상,인쇄,폭력의 대물림2
2014년,학생부,장려상,인쇄,"생명을 지키는 습관,안전벨트 착용"
2014년,학생부,동상,인쇄,여백의 미_에너지
2014년,학생부,동상,인쇄,한 잔에도 흔들릴 수 있습니다.
2014년,학생부,장려상,스토리보드,보고픔
2014년,학생부,금상,인쇄,주인님을 찾습니다.
2014년,학생부,은상,인쇄,잘 쓰면 약이 됩니다
2014년,학생부,동상,인쇄,여백의 미_자동차
2014년,학생부,동상,스토리보드,기다림의 재해석
2014년,학생부,동상,인쇄,여백의 미_쓰레기
2014년,학생부,은상,인쇄,고운말 한마디
2014년,학생부,금상,인쇄,당신의 아이는 무엇이 되고 싶다고 했나요?
2014년,학생부,은상,스토리보드,행복한 헛수고
2014년,학생부,장려상,인쇄,적신호
2014년,특별주제,장려상,인쇄,같은 지식 다른 깊이
2014년,특별주제,금상,인쇄,생각의 키
2014년,특별주제,동상,인쇄,"받쳐야 할 것, 바쳐야 할 것"
2014년,특별주제,은상,인쇄,내가 지식인이 되는 방법
2014년,특별주제,은상,인쇄,성장
2014년,특별주제,장려상,인쇄,독서보다 좋은 학력은 없습니다
2014년,특별주제,동상,스토리보드,경험의 또 다른 이름
2013년,대상,대상,스토리보드,묵념
2013년,일반부,금상,인쇄,거꾸로 생각하기 - 아이편
2013년,일반부,은상,스토리보드,SNS가 아니라 눈을 보세요
2013년,일반부,금상,스토리보드,목숨을 건 한 모금
2013년,일반부,은상,인쇄,삶의 지혜1
2013년,일반부,동상,스토리보드,손자의 선물
2013년,일반부,동상,인쇄,아름다운 선율도 이웃에게는 고통이 됩니다
2013년,일반부,금상,인쇄,거꾸로 생각하기 - 의자편
2013년,일반부,동상,인쇄,열수록 잠깁니다
2013년,일반부,은상,인쇄,삶의 지혜2
2013년,일반부,은상,인쇄,10인의 살인범
2013년,일반부,장려상,인쇄,전기 한 달 무료로 드립니다
2013년,일반부,장려상,인쇄,일회용이 아닙니다
2013년,일반부,장려상,스토리보드,원래대로
2013년,학생부,동상,스토리보드,화가나면
2013년,학생부,동상,인쇄,지구온난화_독도편
2013년,학생부,은상,인쇄,한글을 빚낸 위인들2
2013년,학생부,은상,인쇄,층간소음
2013년,학생부,금상,스토리보드,"층간, 소음 아닌 소(笑)음으로"
2013년,학생부,은상,인쇄,한글을 빚낸 위인들1
2013년,학생부,금상,인쇄,당신의 시험지
2013년,학생부,동상,인쇄,어!? 저기는 우리집이 아닌데?
2013년,학생부,은상,스토리보드,층간화음
2013년,학생부,은상,인쇄,한글을 빚낸 위인들3
2013년,학생부,장려상,스토리보드,네모가족
2013년,학생부,장려상,인쇄,도시의 별 헤는 밤을 되찾아주세요
2013년,학생부,장려상,인쇄,아무개님이 퇴장하셨습니다
2012년,대상,대상,스토리보드,엄지살인마
2012년,일반부,동상,인쇄,뒤집어서 재활용
2012년,일반부,은상,인쇄,"한잔의 술, 당신의 판단력을 흐립니다"
2012년,일반부,동상,스토리보드,한번의 클릭
2012년,일반부,동상,인쇄,국보1호
2012년,일반부,은상,스토리보드,"대통령, 당신의 손끝에서 태어납니다"
2012년,일반부,은상,스토리보드,엔딩스크롤2
2012년,일반부,장려상,스토리보드,경제는 심리전이다
2012년,일반부,은상,인쇄,가면을 써야했다
2012년,일반부,금상,인쇄,외모지상주의
2012년,일반부,동상,스토리보드,안전벨트는 생명입니다
2012년,일반부,은상,스토리보드,엔딩스크롤1
2012년,일반부,금상,스토리보드,누군가의 피와 땀
2012년,일반부,장려상,스토리보드,30초간의 휴식
2012년,일반부,장려상,인쇄,"접속과 접촉 1,2"
2012년,일반부,장려상,인쇄,고개들어요 대한민국
2012년,학생부,은상,인쇄,평생의 상처2
2012년,학생부,동상,스토리보드,"당신의 말풍선, 자신을 말합니다"
2012년,학생부,동상,인쇄,돌아오지 않습니다
2012년,학생부,동상,스토리보드,해외여행_독도편
2012년,학생부,은상,스토리보드,입이 되어주세요
2012년,학생부,은상,인쇄,평생의 상처1
2012년,학생부,금상,인쇄,"대화가 필요해 1,2"
2012년,학생부,금상,스토리보드,편견을 넘어서
2012년,학생부,동상,인쇄,헌혈 레드카펫에 오르다
2012년,학생부,은상,스토리보드,슬픈 금메달
2012년,학생부,장려상,인쇄,학교다녀오겠습니다
2012년,학생부,장려상,스토리보드,"사라져야 하는 것, 사라지고 있는 것"
2012년,학생부,장려상,인쇄,독서효과
2012년,학생부,장려상,스토리보드,무궁화 꽃이 피었습니다
2011년,대상,대상,스토리보드,"어느새, 우리의 이야기"
2011년,일반부,은상,인쇄,발자국
2011년,일반부,동상,인쇄,명퇴 당한 명태
2011년,일반부,은상,스토리보드,열받으면
2011년,일반부,금상,UCC,간단한 방법
2011년,일반부,동상,스토리보드,everyone_모두를 위한하나
2011년,일반부,동상,스토리보드,어떤 미래를 물려주시겠습니까?
2011년,일반부,은상,스토리보드,카운트다운
2011년,일반부,금상,스토리보드,지구의 해열제는 당신입니다
2011년,일반부,동상,배너,"지금 이순간에도, 극지방의 빙하는 꾸준히 녹고 있습니다."
2011년,일반부,은상,배너,"지구온난화를 해제하는 방법, 당신의 손끝에서 시작됩니다."
2011년,일반부,동상,스토리보드,보이세요
2011년,일반부,금상,인쇄,당신은 변하지 않을 것입니다
2011년,학생부,동상,인터넷 배너,뽑아주세요
2011년,학생부,동상,스토리보드,물만 남는다
2011년,학생부,은상,인쇄,산소만 남겨주세요
2011년,학생부,금상,인터넷 배너,틀린그림찾기
2011년,학생부,동상,스토리보드,우리 손으로
2011년,학생부,동상,인쇄,나는 판다가 아니에요
2011년,학생부,금상,인쇄,내복약
2011년,학생부,은상,스토리보드,슈퍼 히어로
2011년,학생부,은상,인터넷 배너,경고합니다
2011년,학생부,은상,스토리보드,동계올림픽 개최지 발표
2011년,학생부,금상,스토리보드,지구를 식히는 바람
2011년,학생부,동상,스토리보드,직접 가지않아도
2010년,대상,대상,스토리보드,모습은 비슷해도 결과는 정반대
2010년,일반부,은상,인터넷,뽑으면 산소
2010년,일반부,동상,스토리보드,자연 안에 사람 있다
2010년,일반부,동상,인터넷,그린포인트
2010년,일반부,동상,스토리보드,두발이 되면
2010년,일반부,은상,스토리보드,대한민국을 일으키는 지렛대
2010년,일반부,은상,스토리보드,손 닿을 거리
2010년,일반부,금상,인쇄,뽑는것이 심는 것
2010년,일반부,동상,인쇄,녹색교통 푸른지구
2010년,일반부,은상,인쇄,"일회용나무/ 뽑는데 1초, 자라는데 20년"
2010년,일반부,동상,스토리보드,대한민국 성장줄기
2010년,일반부,금상,인터넷,머그컵을 사용하는 당신이 아름답습니다
2010년,일반부,금상,스토리보드,하루만 지켜주세요
2010년,일반부,장려상,스토리보드,다른성장이 아니라 바른 성장입니다
2010년,일반부,장려상,인쇄,발전기
2010년,일반부,장려상,인터넷,저탄소 녹색성장 생각보다 쉽고 간단합니다
2010년,일반부,장려상,스토리보드,제5의 에너지
2010년,일반부,장려상,인쇄,쓰면 쓸수록 숲이 지워집니다
2010년,일반부,장려상,인터넷,위대한 탄생
2010년,일반부,장려상,스토리보드,"바꿀 수 없는 것, 바꿀 수 있는 것"
2010년,학생부,은상,스토리보드,줄이면 더 큰 세상이 보입니다
2010년,학생부,동상,스토리보드,작은 노력의 시작
2010년,학생부,동상,스토리보드,CO2를 줄이는 약
2010년,학생부,은상,스토리보드,"GO, Green"
2010년,학생부,금상,인쇄,떼는 순간 산소가 됩니다
2010년,학생부,금상,스토리보드,할 수 있다
2010년,학생부,동상,스토리보드,매일 쓰는 환경 일기
2010년,학생부,금상,인터넷,외출준비하기
2010년,학생부,은상,인터넷,작은 관심과 실천
2010년,학생부,동상,인쇄,비워야 피어나는 녹색 에너지
2010년,학생부,동상,인터넷,탄소량이 줄어듭니다
2010년,학생부,은상,인쇄,우리가 마시는 것
2010년,학생부,장려상,스토리보드,녹색바람
2010년,학생부,장려상,스토리보드,녹색성장의 원동력
2010년,학생부,장려상,인쇄,자연을 살리는 움직임
2010년,학생부,장려상,인터넷,터치하셨나요?
2010년,학생부,장려상,인쇄,Green_intersection
2010년,학생부,장려상,인터넷,더 빨리
2010년,학생부,장려상,스토리보드,새로운 성장
2010년,학생부,장려상,스토리보드,환경을 갉아먹는 애벌레
