번호,광고주,대분류,중분류,소분류,제목,내용,매체
옥외 (001),시스템 하우젠,가정용 전기전자,주방용 전기전자,주방용 전기전자 제품종합,주방기기,매장광고,옥외광고
옥외 (003),아르누보씨티,"건설, 건재 및 부동산",부동산 임대 및 매매,상가 임대 및 매매,상가임대,플랜카드,옥외광고
옥외 (004),MAX beer,서비스,음식 및 숙박,주점,술집,매장광고,옥외광고
옥외 (007),오뎅사께,서비스,음식 및 숙박,주점,주점,돌출간판,옥외광고
옥외 (010),궁 과 전,서비스,음식 및 숙박,대중음식점,죽 전문점,매장광고,옥외광고
옥외 (012),프렌즈,서비스,음식 및 숙박,대중음식점,레스토랑,매장광고,옥외광고
옥외 (014),바른생활,서비스,음식 및 숙박,대중음식점,카페,매장광고,옥외광고
옥외 (015),화로구이,서비스,음식 및 숙박,대중음식점,음식점,매장광고,옥외광고
옥외 (016),PIALTO,서비스,음식 및 숙박,대중음식점,Pub Restaurant,매장광고,옥외광고
옥외 (020),가우보이,서비스,음식 및 숙박,대중음식점,숯불구이 전문점,매장광고,옥외광고
옥외 (021),KTV,컴퓨터 및 정보통신,방송,케이블TV,방송국,KTV를 보면 정책이 보입니다,옥외광고
옥외 (022),금복,서비스,음식 및 숙박,대중음식점,음식점,가정식백반 실내포차,옥외광고
옥외 (024),쿠바,서비스,음식 및 숙박,주점,바,매장광고,옥외광고
옥외 (025),자바시티,서비스,음식 및 숙박,기타 프랜차이즈점,커피전문점,매장광고,옥외광고
옥외 (026),글래스박스,유통,"소형, 소매유통",안경점,안경점,매장광고,옥외광고
옥외 (027),본 비빔밥,서비스,음식 및 숙박,대중음식점,음식점,웰빙비빔밥 전문점,옥외광고
옥외 (028),옛골토성,서비스,음식 및 숙박,대중음식점,음식점,참나무장작바베큐,옥외광고
옥외 (029),깡대청,서비스,음식 및 숙박,대중음식점,음식점,매장광고,옥외광고
옥외 (030),전국시대  왕곱창,서비스,음식 및 숙박,대중음식점,음식점,59년 왕십리 원조,옥외광고
옥외 (031),도로시,서비스,개인서비스,이용 및 미용,미용실,헤어샵 매장광고,옥외광고
옥외 (032),Teaheim,서비스,음식 및 숙박,대중음식점,카페,베이커리 매장광고,옥외광고
옥외 (033),비비큐,서비스,음식 및 숙박,대중음식점,치킨전문점,오토바이래핑광고,옥외광고
옥외 (034),지글,서비스,음식 및 숙박,대중음식점,화로구이 전문점,음식점 매장광고,옥외광고
옥외 (035),사보텐,서비스,음식 및 숙박,대중음식점,돈까스 전문점,음식점 매장광고,옥외광고
옥외 (036),씨제이 푸드빌(주),유통,"소형, 소매유통","소형, 소매유통 기타",제과점,제과점 매장광고,옥외광고
옥외 (037),로또,"금융, 보험 및 증권","금융, 보험 및 증권기타","금융, 보험 및 증권 기타",복권,플랜카드,옥외광고
옥외 (038),(주)강원랜드,서비스,음식 및 숙박,콘도,스키장,버스광고,옥외광고
옥외 (039),PAT,패션,캐주얼의류,캐주얼웨어,의류,매장광고,옥외광고
옥외 (040),치우챠우,서비스,음식 및 숙박,대중음식점,중화요리,매장광고,옥외광고
옥외 (041),(주)한국외환은행,"금융, 보험 및 증권",금융 및 보험,은행,은행,버스광고,옥외광고
옥외 (042),우리담배㈜,음료 및 기호식품,기호식품,담배,담배,버스광고,옥외광고
옥외 (043),SJ SJ,패션,캐주얼의류,캐주얼웨어,의류,버스광고,옥외광고
옥외 (044),파리바게뜨,유통,"소형, 소매유통","소형, 소매유통 기타",제과점,제과점 광고,옥외광고
옥외 (045),에스케이텔레콤(주),컴퓨터 및 정보통신,통신망,이동통신,이동통신사,이동통신 매장광고,옥외광고
옥외 (047),비알코리아(주),서비스,음식 및 숙박,아이스크림 체인점,아이스크림 전문점,매장광고,옥외광고
옥외 (050),친친,서비스,음식 및 숙박,대중음식점,중화요리,음식점 매장광고,옥외광고
옥외 (051),미래에셋생명보험(주),"금융, 보험 및 증권",금융 및 보험,생명보험,보험,입간판,옥외광고
옥외 (053),해커스어학원,교육 및 복지후생,교육기관,어학학원,학원,입간판,옥외광고
옥외 (054),유니온스틸,기초재,금속,철강,기업광고,기업광고,옥외광고
옥외 (055),동부화재해상보험(주),"금융, 보험 및 증권",금융 및 보험,생명보험,생명보험회사,지하철광고,옥외광고
옥외 (056),아름다운가게,유통,"소형, 소매유통",소형 소매유통 제품종합,재활용품점,지하철광고,옥외광고
옥외 (059),에코파티메아리,패션,캐주얼의류,캐주얼웨어,의류,지하철광고,옥외광고
옥외 (061),대안무역,유통,대형유통,대형유통 기타,커피 유통,지하철광고,옥외광고
옥외 (068),모토로라코리아(주),컴퓨터 및 정보통신,통신기기,휴대폰,핸드폰,지하철광고,옥외광고
옥외 (069),로레알,화장품 및 보건용품,여성 기초화장품,여성 기초화장품 제품종합,화장품,지하철광고,옥외광고
옥외 (085),SCTO,패션,캐주얼의류,캐주얼웨어,의류,돌출간판,옥외광고
옥외 (086),닷엠,패션,캐주얼의류,캐주얼웨어,의류,돌출간판,옥외광고
옥외 (091),(주)좋은사람들,패션,캐주얼의류,캐주얼웨어,의류,차량광고,옥외광고
옥외 (092),Jessicas kitchen,서비스,음식 및 숙박,대중음식점,음식점,음식점 매장광고,옥외광고
옥외 (093),빠네뜨리,유통,"소형, 소매유통","소형, 소매유통 기타",제과점,제과점 매장광고,옥외광고
옥외 (095),미상,서비스,문화 및 공연,영화,영화홍보,현수막,옥외광고
옥외 (096),하이웨이,서비스,서비스 기타,서비스 기타,PC방,돌출간판,옥외광고
옥외 (097),러쉬,서비스,서비스 기타,서비스 기타,PC방,돌출간판,옥외광고
옥외 (099),인터게이트,서비스,서비스 기타,서비스 기타,PC방,돌출간판,옥외광고
옥외 (101),제이브이씨코리아(주),가정용 전기전자,가정용 전기전자 기타,가정용 전기전자 제품종합,가전제품,지하철광고,옥외광고
옥외 (103),현대해상화재보험(주),"금융, 보험 및 증권",금융 및 보험,손해보험,보험,지하철광고,옥외광고
옥외 (105),한국맥도날드(유),서비스,음식 및 숙박,패스트푸드점,패스트푸드점,포스터,옥외광고
옥외 (106),동서식품(주),서비스,음식 및 숙박,대중음식점,커피,옥상광고,옥외광고
옥외 (110),울산체육공원,서비스,스포츠 및 오락시설,스포츠시설,PR,조형물,옥외광고
옥외 (113),SK(주),기초재,"석탄, 석유 및 가스",연료유,주유소,캐노피광고,옥외광고
옥외 (115),홍익대학교,서비스,문화 및 공연,전시 및 박람회,예술,플랜카드,옥외광고
옥외 (116),Camerin,서비스,음식 및 숙박,기타 프랜차이즈점,커피전문점,매장광고,옥외광고
옥외 (117),CARAT,패션,캐주얼의류,캐주얼웨어,의류,매장광고,옥외광고
옥외 (120),(주)케이티앤지,음료 및 기호식품,기호식품,담배,담배,지하철광고,옥외광고
옥외 (121),(주)케이티앤지,음료 및 기호식품,기호식품,담배,담배,지하철광고,옥외광고
옥외 (122),(주)케이티앤지,음료 및 기호식품,기호식품,담배,담배,지하철광고,옥외광고
옥외 (123),(주)케이티앤지,음료 및 기호식품,기호식품,담배,담배,지하철광고,옥외광고
옥외 (124),(주)케이티앤지,음료 및 기호식품,기호식품,담배,담배,지하철광고,옥외광고
옥외 (125),(주)케이티앤지,음료 및 기호식품,기호식품,담배,담배,지하철광고,옥외광고
옥외 (126),(주)케이티앤지,음료 및 기호식품,기호식품,담배,담배,지하철광고,옥외광고
옥외 (127),(주)케이티앤지,음료 및 기호식품,기호식품,담배,담배,지하철광고,옥외광고
옥외 (128),(주)케이티앤지,음료 및 기호식품,기호식품,담배,담배,지하철광고,옥외광고
옥외 (129),(주)나이키스포츠,패션,스포츠 전문복,스포츠 전문복 제품종합,패션,택시정류장,옥외광고
옥외 (130),한국디지털위성방송(주),컴퓨터 및 정보통신,방송,위성TV,SKY LIFE,옥상광고,옥외광고
옥외 (131),한국후지제록스(주),정밀기기 및 사무기기,사무기기,복사기,사무기기,옥상광고,옥외광고
옥외 (132),국가보훈처,관공서 및 단체,중앙 및 지방 관공서,중앙관공서,5.18 민주화운동 24주년 기념행사,,옥외광고
옥외 (136),현대산업개발(주),"건설, 건재 및 부동산",건설,건설,현대 I 스페이스,현수막,옥외광고
옥외 (137),현대산업개발(주),"건설, 건재 및 부동산",건설,건설,현대 I 스페이스,현수막,옥외광고
옥외 (138),사진속 아이들,서비스,개인서비스,사진현상 및 인화,스튜디오,매장광고,옥외광고
옥외 (139),(주)빙그레,식품,식품기타,식품 기타,식품,옥상광고,옥외광고
옥외 (140),(주)빙그레,식품,면류,봉지 인스턴트 면류,매운콩라면,지하철광고,옥외광고
옥외 (141),(주)빙그레,음료 및 기호식품,비알콜음료,기타과실음료,바나나맛우유,지하철광고,옥외광고
옥외 (142),(주)빙그레,음료 및 기호식품,비알콜음료,액상요구르트,닥터캡슐,지하철광고,옥외광고
옥외 (143),(주)빙그레,식품,유제품,우유,생큐 칼슘알파,지하철광고,옥외광고
옥외 (144),(주)빙그레,식품,아이스크림,스틱 및 바,엔쵸,지하철광고,옥외광고
옥외 (145),(주)빙그레,식품,아이스크림,스틱 및 바,엔쵸,지하철광고,옥외광고
옥외 (146),닥스(DAKS),패션,캐주얼의류,캐주얼웨어,의류,현수막,옥외광고
옥외 (147),(주)하나은행,"금융, 보험 및 증권",금융 및 보험,은행,김대중 대통령 노벨평화상 수상 축하,현수막,옥외광고
옥외 (151),(주)두산건설,"건설, 건재 및 부동산",건설,건설,두산위브,차량광고,옥외광고
옥외 (153),(주)두산건설,"건설, 건재 및 부동산",건설,건설,두산위브 파빌리온,건설광고,옥외광고
옥외 (154),테디베어뮤지엄,서비스,문화 및 공연,전시 및 박람회,박물관,조형물,옥외광고
옥외 (156),ICC 제주,관공서 및 단체,중앙 및 지방 관공서,중앙관공서,,조형물,옥외광고
옥외 (157),ICC 제주,관공서 및 단체,중앙 및 지방 관공서,중앙관공서,,지방자치단체 광고,옥외광고
옥외 (158),ICC 제주,관공서 및 단체,중앙 및 지방 관공서,중앙관공서,,지방자치단체 광고,옥외광고
옥외 (159),(주)대림건설,"건설, 건재 및 부동산",건설,건설,e-편한세상,아파트광고,옥외광고
옥외 (160),버브수,서비스,음식 및 숙박,대중음식점,음식점,음식점 매장광고,옥외광고
옥외 (161),바리스타,서비스,음식 및 숙박,기타 프랜차이즈점,커피전문점,매장광고,옥외광고
옥외 (162),도도클럽,화장품 및 보건용품,여성 색조화장품,여성 색조화장춤 제품종합,화장품,화장품 매장광고,옥외광고
옥외 (163),유객주,서비스,음식 및 숙박,주점,주점,주점 매장광고,옥외광고
옥외 (164),셀파102,유통,대형유통,백화점,백화점,건물래핑광고,옥외광고
옥외 (165),셀파102,유통,대형유통,백화점,백화점,건물래핑광고,옥외광고
옥외 (166),(주)나이키스포츠,패션,스포츠 전문복,스포츠 전문복 제품종합,스포츠용품,정류장,옥외광고
옥외 (167),(주)나이키스포츠,패션,스포츠 전문복,스포츠 전문복 제품종합,스포츠용품,정류장,옥외광고
옥외 (169),세진참치전문점,서비스,음식 및 숙박,대중음식점,참치전문점,음식점 매장광고,옥외광고
옥외 (170),무화잠,서비스,음식 및 숙박,대중음식점,게요리전문점,음식점 매장광고,옥외광고
옥외 (171),질러존노래방,서비스,서비스 기타,서비스 기타,노래방,노래방광고,옥외광고
옥외 (172),우리그리운날은,서비스,음식 및 숙박,대중음식점,전통찻집,찻집광고,옥외광고
옥외 (176),베네치아,서비스,음식 및 숙박,대중음식점,이태리음식점,음식점 매장광고,옥외광고
옥외 (177),99강원동계아시아경기대회,관공서 및 단체,중앙 및 지방 관공서,중앙관공서,,입간판,옥외광고
옥외 (178),99강원동계아시아경기대회,관공서 및 단체,중앙 및 지방 관공서,중앙관공서,,깃발,옥외광고
옥외 (179),99강원동계아시아경기대회,관공서 및 단체,중앙 및 지방 관공서,중앙관공서,,입간판,옥외광고
옥외 (180),한도치과,제약 및 의료,의료 및 보건기관,개인병원,병원,돌출간판,옥외광고
옥외 (182),김대용성형외과,제약 및 의료,의료 및 보건기관,개인병원,병원,돌출간판,옥외광고
옥외 (184),소니코리아(주),가정용 전기전자,가정용 전기전자 기타,가정용 전기전자 제품종합,가전제품,,옥외광고
옥외 (186),(주)씨제이홈쇼핑,유통,특수유통,홈쇼핑,홈쇼핑,야립간판,옥외광고
옥외 (187),삼성카메라판매(주),가정용 전기전자,영상기기,카메라,기업광고,야립간판,옥외광고
옥외 (190),리데,서비스,음식 및 숙박,대중음식점,레스토랑,음식점 매장광고,옥외광고
옥외 (191),리데,서비스,음식 및 숙박,대중음식점,레스토랑,음식점 매장광고,옥외광고
옥외 (192),효자동사무소,관공서 및 단체,중앙 및 지방 관공서,중앙관공서,주민등록 일제정리안내,현수막,옥외광고
옥외 (193),2002월드컵축구대회조직위원회,관공서 및 단체,단체,공공단체,한국인의 저력을 보여줍시다,깃발,옥외광고
옥외 (196),옵티마약국,유통,"소형, 소매유통",약국,약국,약국광고,옥외광고
옥외 (198),비어 서커스,서비스,음식 및 숙박,주점,호프집,주점 매장광고,옥외광고
옥외 (199),밀다원,서비스,음식 및 숙박,대중음식점,음식점,음식점 매장광고,옥외광고
옥외 (204),아르누보,서비스,개인서비스,양복 및 양장,웨딩드레스,의류 매장광고,옥외광고
옥외 (205),뷰떼,서비스,개인서비스,양복 및 양장,웨딩드레스,의류 매장광고,옥외광고
옥외 (206),그레이스임,서비스,개인서비스,양복 및 양장,웨딩드레스,의류 매장광고,옥외광고
옥외 (207),김혜연웨딩,서비스,개인서비스,양복 및 양장,웨딩드레스,의류 매장광고,옥외광고
옥외 (209),ZOOOOZ,서비스,문화 및 공연,문화 및 공연 제품종합,극장,극장광고,옥외광고
옥외 (210),ZOOOOZ,서비스,문화 및 공연,문화 및 공연 제품종합,극장,극장광고,옥외광고
옥외 (211),캘리포니아,서비스,스포츠 및 오락시설,스포츠시설,휘트니스센터,스포츠센터 광고,옥외광고
옥외 (212),아디다스코리아(주),컴퓨터 및 정보통신,통신망,이동통신,ON&OFF,기업광고,옥외광고
옥외 (214),아디다스코리아(주),패션,스포츠 전문복,스포츠 전문복 제품종합,,깃발,옥외광고
옥외 (215),오리지날카푸치노,서비스,음식 및 숙박,대중음식점,커피숍,찻집광고,옥외광고
옥외 (216),천하일품,서비스,음식 및 숙박,대중음식점,음식점,음식점 매장광고,옥외광고
옥외 (217),신포우리만두,서비스,음식 및 숙박,대중음식점,음식점,음식점 매장광고,옥외광고
옥외 (218),나이스암,서비스,음식 및 숙박,대중음식점,음식점,음식점 매장광고,옥외광고
옥외 (219),델리,서비스,음식 및 숙박,대중음식점,카레전문점,음식점 매장광고,옥외광고
옥외 (222),케파라,유통,"소형, 소매유통","소형, 소매유통 기타",제과점,매장광고,옥외광고
옥외 (223),킴준플라워부띠끄,서비스,음식 및 숙박,대중음식점,참치전문점,음식점 매장광고,옥외광고
옥외 (224),푸른솔미술학원,교육 및 복지후생,교육기관,진학입시학원,사랑해요HP,현수막,옥외광고
옥외 (225),역삼설렁탕,서비스,음식 및 숙박,대중음식점,음식점,음식점 매장광고,옥외광고
옥외 (227),꿈,서비스,음식 및 숙박,대중음식점,레스토랑,음식점 매장광고,옥외광고
옥외 (230),모노,패션,캐주얼의류,캐주얼웨어,의류,의류 매장광고,옥외광고
옥외 (231),굿모닝증권,"금융, 보험 및 증권",주식 및 유가증권,주식증권,증권,기업광고,옥외광고
옥외 (232),손승아웨딩,서비스,개인서비스,양복 및 양장,웨딩드레스,의류 매장광고,옥외광고
옥외 (233),청류관,제약 및 의료,의료 및 보건기관,개인병원,성형외과전문의 이정수,병원광고,옥외광고
옥외 (235),(주)엘지텔레콤,컴퓨터 및 정보통신,통신망,이동통신,이동통신사,이동통신 매장광고,옥외광고
옥외 (236),켄조,서비스,음식 및 숙박,주점,로바다야끼,주점 매장광고,옥외광고
옥외 (237),ROCKADIA,서비스,서비스 기타,서비스 기타,ROCK음악전문감상실,기업광고,옥외광고
옥외 (240),(주)케이티프리텔,컴퓨터 및 정보통신,통신망,이동통신,n016,이동통신 매장광고,옥외광고
옥외 (241),문화웨딩타운,서비스,개인서비스,결혼예식업,예식장,의류 매장광고,옥외광고
옥외 (242),한화콘도,서비스,음식 및 숙박,콘도,숙박업,숙박광고,옥외광고
옥외 (243),피오피아,유통,"소형, 소매유통",슈퍼 및 연쇄점,잡화점,매장광고,옥외광고
옥외 (244),우리들의 이야기,서비스,음식 및 숙박,대중음식점,음식점,음식점 매장광고,옥외광고
옥외 (246),(주)국민은행,"금융, 보험 및 증권",금융 및 보험,은행,은행,은행광고,옥외광고
옥외 (247),피자2001,서비스,음식 및 숙박,대중음식점,피자전문점,음식점 매장광고,옥외광고
옥외 (248),주식회사푸드스타,서비스,음식 및 숙박,훼미리레스토랑,패밀리 레스토랑,음식점 매장광고,옥외광고
옥외 (251),SATYROS,서비스,음식 및 숙박,대중음식점,카페,찻집광고,옥외광고
옥외 (254),비에스케이 코퍼레이션㈜,화장품 및 보건용품,여성 기초화장품,여성 기초화장품 제품종합,화장품,화장품 매장광고,옥외광고
옥외 (255),EUROPE,서비스,음식 및 숙박,대중음식점,커피,찻집광고,옥외광고
옥외 (258),모가,패션,패션 기타,패션 기타,패션,의류 매장광고,옥외광고
옥외 (262),Style,서비스,음식 및 숙박,대중음식점,카페,찻집광고,옥외광고
옥외 (265),(주)롯데리아,서비스,음식 및 숙박,패스트푸드점,패스트푸드점,,옥외광고
옥외 (266),하디스,서비스,음식 및 숙박,패스트푸드점,패스트푸드점,교통광고,옥외광고
옥외 (267),한국맥도날드(유),서비스,음식 및 숙박,패스트푸드점,패스트푸드점,교통광고,옥외광고
옥외 (268),하디스,서비스,음식 및 숙박,패스트푸드점,패스트푸드점,지하철광고,옥외광고
옥외 (269),(주)케이티프리텔,컴퓨터 및 정보통신,통신망,이동통신,이동통신사,이동통신 매장광고,옥외광고
옥외 (271),한솔 PCS,컴퓨터 및 정보통신,통신망,이동통신,이동통신사,이동통신 매장광고,옥외광고
옥외 (272),화사랑,유통,"소형, 소매유통","소형, 소매유통 기타",꽃가게,매장광고,옥외광고
옥외 (274),후지우동,서비스,음식 및 숙박,대중음식점,음식점,매장광고,옥외광고
옥외 (275),사포로런던,서비스,음식 및 숙박,주점,로바다야끼,주점 매장광고,옥외광고
옥외 (276),뭉크,서비스,음식 및 숙박,대중음식점,coffee & beer,찻집광고,옥외광고
옥외 (277),두산씨그램,음료 및 기호식품,알콜음료,위스키,100% 정통 스카치 위스키,옥상광고,옥외광고
옥외 (278),(주)엘지화학,"건설, 건재 및 부동산",건재,창호,LG하이샤시,옥상광고,옥외광고
옥외 (280),(주)엘지화학,화장품 및 보건용품,여성 기초화장품,여성 기초화장품 제품종합,인터뷰포맨/이지업,옥상광고,옥외광고
옥외 (282),한국코카콜라보틀링,음료 및 기호식품,비알콜음료,콜라,언제나 상쾌한 이순간,정류장,옥외광고
옥외 (283),한국펩시콜라(주),음료 및 기호식품,비알콜음료,콜라,,정류장,옥외광고
옥외 (284),Palazzo,서비스,음식 및 숙박,대중음식점,카페,찻집광고,옥외광고
옥외 (289),(주)빌트모아,패션,캐주얼의류,캐주얼웨어,의류,의류 매장광고,옥외광고
옥외 (290),Pianino,서비스,음식 및 숙박,대중음식점,레스토랑,음식점 매장광고,옥외광고
옥외 (291),대우자동차(주),수송기기,승용자동차,중형승용차,누비라,깃발,옥외광고
옥외 (292),하이프라자,음료 및 기호식품,알콜음료,맥주,사은대잔치,깃발,옥외광고
옥외 (294),닉스,서비스,음식 및 숙박,대중음식점,아메리칸레스토랑,음식점 매장광고,옥외광고
옥외 (297),더 스페이스,서비스,스포츠 및 오락시설,스포츠 및 오락시설 기타,게임방,조형물,옥외광고
옥외 (298),(주)경기은행,"금융, 보험 및 증권",금융 및 보험,은행,은행,은행광고,옥외광고
옥외 (300),삼성전자(주),컴퓨터 및 정보통신,통신기기,휴대폰,디지털 휴대폰도,옥상광고,옥외광고
옥외 (304),알마니,패션,캐주얼의류,진웨어,의류,의류 매장광고,옥외광고
옥외 (305),발리,서비스,음식 및 숙박,대중음식점,레스토랑,음식점 매장광고,옥외광고
옥외 (308),Chaconne,유통,"소형, 소매유통","소형, 소매유통 기타",연주복전문점,의류 매장광고,옥외광고
옥외 (309),다즐러,서비스,음식 및 숙박,대중음식점,Western pub rest,음식점 매장광고,옥외광고
옥외 (315),쏘-아이,패션,캐주얼의류,캐주얼웨어,의류,의류 매장광고,옥외광고
옥외 (316),Book,유통,대형유통,대형유통 기타,종합전문서적,서점광고,옥외광고
옥외 (317),몽마르뜨,서비스,음식 및 숙박,대중음식점,일반음식점,음식점 매장광고,옥외광고
옥외 (318),베스토아,유통,"소형, 소매유통",편의점,편의점,편의점 광고,옥외광고
옥외 (319),엘지전자(주),가정용 전기전자,영상기기,TV,LG아트비젼,옥상광고,옥외광고
옥외 (323),(주)두산버거킹사업부,서비스,음식 및 숙박,패스트푸드점,패스트푸드점,돌출간판,옥외광고
옥외 (327),떴다샐러드 날아라동까스,서비스,음식 및 숙박,대중음식점,음식점,음식점 매장광고,옥외광고
옥외 (332),홈보이,패션,캐주얼의류,캐주얼웨어,의류,의류 매장광고,옥외광고
옥외 (334),(주)인디에프,패션,캐주얼의류,캐주얼웨어,의류,의류 매장광고,옥외광고
옥외 (337),꽃을든 남자,서비스,개인서비스,이용 및 미용,미용실,미용실 매장광고,옥외광고
옥외 (338),OLC,패션,스포츠 전문복,스포츠 전문복 제품종합,스포츠용품,매장광고,옥외광고
옥외 (339),레미마르땡,음료 및 기호식품,알콜음료,위스키,양주광고,옥상광고,옥외광고
옥외 (340),로얄토토,"금융, 보험 및 증권","금융, 보험 및 증권기타","금융, 보험 및 증권 기타",복권,지하철광고,옥외광고
옥외 (341),로얄토토,그룹 및 기업광고,기타광고,기타광고 기타,메가박스내 광고,전광판광고,옥외광고
옥외 (345),스카치블루,음료 및 기호식품,알콜음료,위스키,양주광고,옥상광고,옥외광고
옥외 (346),한국맥도날드(유),서비스,음식 및 숙박,패스트푸드점,패스트푸드점,음식점 매장광고,옥외광고
옥외 (347),대전시,관공서 및 단체,중앙 및 지방 관공서,중앙관공서,과학기술도시,조형물,옥외광고
옥외 (351),대구 오페라하우스,서비스,문화 및 공연,공연,,기둥,옥외광고
옥외 (355),아울렛내 광고,그룹 및 기업광고,기타광고,기타광고 기타,,TV광고,옥외광고
옥외 (360),창동시장,유통,대형유통,대형유통 제품종합,,입간판,옥외광고
옥외 (361),(주)국민은행,"금융, 보험 및 증권",금융 및 보험,신용카드,금융,지하철광고,옥외광고
옥외 (362),ALSABA,서비스,음식 및 숙박,대중음식점,"파키스탄,인도음식",음식점 매장광고,옥외광고
옥외 (363),Hoor Restaurant,서비스,음식 및 숙박,대중음식점,"파키스탄,인도음식",음식점 매장광고,옥외광고
옥외 (367),해물이야기,서비스,음식 및 숙박,대중음식점,음식점,음식점 매장광고,옥외광고
옥외 (369),동양종합금융증권(주),"금융, 보험 및 증권",주식 및 유가증권,주식증권,금융,증권광고,옥외광고
옥외 (372),파리바게뜨,유통,"소형, 소매유통","소형, 소매유통 기타",제과점,제과점 매장광고,옥외광고
옥외 (373),캘빈클라인,패션,캐주얼의류,진웨어,의류,의류 매장광고,옥외광고
옥외 (377),Lush,화장품 및 보건용품,화장품 및 보건용품 기타,화장품 및 보건용품 기업PR,핸드메이드 화장품회사,기업광고,옥외광고
옥외 (383),올리브나인,서비스,문화 및 공연,영화,영화홍보,플랜카드,옥외광고
옥외 (384),문화당서점,유통,"소형, 소매유통",서점,서점,서점광고,옥외광고
옥외 (385),케네디영어랩스쿨,교육 및 복지후생,교육기관,어학학원,학원,학원광고,옥외광고
옥외 (386),호박,서비스,음식 및 숙박,주점,주점,돌출간판,옥외광고
옥외 (387),(주)대한항공,서비스,운송,항공여객운송,서비스,건물래핑광고,옥외광고
옥외 (389),(주)한화,그룹 및 기업광고,그룹광고,그룹PR,기업광고,지하철광고,옥외광고
옥외 (390),캔버스,패션,신발류,캐주얼화,신발,조형물,옥외광고
옥외 (392),챠오킹,서비스,음식 및 숙박,대중음식점,퓨전중화요리,음식점 매장광고,옥외광고
옥외 (395),상하이객잔,서비스,음식 및 숙박,대중음식점,중화요리,음식점 매장광고,옥외광고
옥외 (396),중화요리,서비스,음식 및 숙박,대중음식점,중화요리,음식점 매장광고,옥외광고
옥외 (397),수성아트피아,"건설, 건재 및 부동산",건설,건설,건설,기업광고,옥외광고
옥외 (398),(주)호텔롯데롯데월드,서비스,스포츠 및 오락시설,공원 및 테마파크,,놀이공원광고,옥외광고
옥외 (401),소니코리아(주),가정용 전기전자,영상기기,영상기기 기타,,정류장,옥외광고
옥외 (402),우체국,서비스,운송,육상화물운송,언제나 맑은 약속,지하철광고,옥외광고
옥외 (404),미상,서비스,문화 및 공연,영화,두얼굴의여친 외,현수막,옥외광고
옥외 (405),미상,서비스,문화 및 공연,영화,판타스틱4,조형물,옥외광고
옥외 (406),구로구,관공서 및 단체,중앙 및 지방 관공서,중앙관공서,디지털 구로,공사장,옥외광고
옥외 (408),대성산업(주),"건설, 건재 및 부동산",건설,건설,디큐브씨티,공사장,옥외광고
옥외 (411),한국코카콜라보틀링,음료 및 기호식품,비알콜음료,사이다,음료,밀리오레 외벽광고,옥외광고
옥외 (418),무대포,서비스,음식 및 숙박,대중음식점,음식점,음식점 매장광고,옥외광고
옥외 (420),롯데칠성음료(주),음료 및 기호식품,비알콜음료,"홍차, 녹차음료",오늘의 차,지하철광고,옥외광고
옥외 (421),미상,서비스,문화 및 공연,영화,애프터썬셋,교통광고,옥외광고
옥외 (423),중앙선거관리위원회,관공서 및 단체,중앙 및 지방 관공서,중앙관공서,대통령선거,깃발,옥외광고
옥외 (426),파리바게뜨,유통,"소형, 소매유통","소형, 소매유통 기타",메리크리스마스,입간판,옥외광고
옥외 (427),(주)신한은행,서비스,음식 및 숙박,기타 프랜차이즈점,샐러드&그릴,깃발광고,옥외광고
옥외 (435),삼성생명보험(주),"금융, 보험 및 증권",금융 및 보험,생명보험,기업광고,옥상광고,옥외광고
옥외 (444),스타벅스,서비스,음식 및 숙박,기타 프랜차이즈점,커피전문점,깃발,옥외광고
옥외 (445),(주)나이키스포츠,패션,스포츠 전문복,스포츠 전문복 제품종합,스포츠용품,깃발,옥외광고
옥외 (446),에스케이텔레콤(주),컴퓨터 및 정보통신,통신망,이동통신,이동통신사,옥상광고,옥외광고
옥외 (447),(주)국민은행,"금융, 보험 및 증권",금융 및 보험,은행,금융,야립간판,옥외광고
옥외 (449),비에스케이 코퍼레이션㈜,화장품 및 보건용품,여성 기초화장품,여성 기초화장품 제품종합,화장품,화장품 매장광고,옥외광고
옥외 (451),,그룹 및 기업광고,기타광고,기타광고 기타,MUST HAVE 홈런,경기장,옥외광고
옥외 (454),(주)케이티프리텔,컴퓨터 및 정보통신,통신망,이동통신,show,이동통신 매장광고,옥외광고
옥외 (461),교촌치킨,서비스,음식 및 숙박,대중음식점,치킨전문점,음식점 매장광고,옥외광고
옥외 (462),홍초불닭,서비스,음식 및 숙박,대중음식점,음식점,음식점 매장광고,옥외광고
옥외 (463),봉추찜닭,서비스,음식 및 숙박,대중음식점,음식점,음식점 매장광고,옥외광고
옥외 (464),보드람치킨,서비스,음식 및 숙박,대중음식점,치킨전문점,음식점 매장광고,옥외광고
옥외 (471),(주)하나은행,"금융, 보험 및 증권",금융 및 보험,은행,BigPOT 외벽광고,외벽광고,옥외광고
옥외 (475),누존,유통,대형유통,의류테마점,패션아울렛,건물사인,옥외광고
옥외 (478),헬로에이피엠,유통,대형유통,의류테마점,패션아울렛,건물사인,옥외광고
옥외 (479),AREA6,유통,대형유통,의류테마점,패션아울렛,건물사인,옥외광고
옥외 (482),E.YAN,패션,캐주얼의류,캐주얼웨어,의류,의류 매장광고,옥외광고
옥외 (484),제일모직(주),패션,캐주얼의류,캐주얼웨어,의류,의류 매장광고,옥외광고
옥외 (485),(주)엘지상사엘지패션,패션,캐주얼의류,캐주얼웨어,의류,의류 매장광고,옥외광고
옥외 (486),미스터 도넛,서비스,음식 및 숙박,대중음식점,,음식점 매장광고,옥외광고
옥외 (487),미상,서비스,문화 및 공연,영화,스파이더맨3,지하철광고,옥외광고
옥외 (490),(주)캠브리지멤버스,패션,캐주얼의류,캐주얼웨어,의류,기업광고,옥외광고
옥외 (492),아디다스코리아(주),패션,스포츠 전문복,스포츠 전문복 제품종합,배컴,의류광고,옥외광고
옥외 (496),리바이스트라우스코리아(주),패션,캐주얼의류,진웨어,상설할인점,의류 매장광고,옥외광고
옥외 (502),미상,서비스,문화 및 공연,전시 및 박람회,오르세미술관전,깃발,옥외광고
옥외 (513),화풍정,서비스,음식 및 숙박,주점,주점,주점 매장광고,옥외광고
옥외 (528),(주)심마니,컴퓨터 및 정보통신,통신정보서비스,인터넷서비스,인터넷,지하철광고,옥외광고
옥외 (530),(주)심마니,컴퓨터 및 정보통신,통신정보서비스,인터넷서비스,인터넷,경기장,옥외광고
옥외 (531),(주)하이트맥주,음료 및 기호식품,알콜음료,맥주,"시원한 맛, 하이트 세상",입간판,옥외광고
옥외 (532),반디앤루니스,유통,"소형, 소매유통",서점,서점,서점광고,옥외광고
옥외 (536),IR 스튜디오,서비스,개인서비스,사진현상 및 인화,스튜디오,스튜디오 광고,옥외광고
옥외 (538),도니제티,교육 및 복지후생,교육기관,취미 및 레저학원,음악교습소,학원광고,옥외광고
옥외 (544),(주)지에스리테일,유통,"소형, 소매유통",편의점,편의점,편의점 광고,옥외광고
옥외 (546),무우꽃 미용실,서비스,개인서비스,이용 및 미용,미용실,미용실 매장광고,옥외광고
옥외 (547),오진숙한복점,패션,정장의류,한복,한복점,의류 매장광고,옥외광고
옥외 (549),YBM 시사영어사 ECC 학원,교육 및 복지후생,교육기관,어학학원,학원,학원광고,옥외광고
옥외 (550),야무진 미용실,서비스,개인서비스,이용 및 미용,미용실,미용실 매장광고,옥외광고
옥외 (552),취영루,서비스,음식 및 숙박,대중음식점,중화요리,음식점 매장광고,옥외광고
옥외광고 0001,거인,서비스,음식 및 숙박,대중음식점,식당,채널사인_후광형,옥외광고
옥외광고 0002,ICING,유통,"소형, 소매유통",의류대리점,옷가게,채널사인_후광형,옥외광고
옥외광고 0003,ITALY,서비스,음식 및 숙박,대중음식점,식당,채널사인_후광형,옥외광고
옥외광고 0004,석쇠한판,서비스,음식 및 숙박,대중음식점,식당,채널사인_후광형,옥외광고
옥외광고 0005,jeux jouets fete,유통,"소형, 소매유통","소형, 소매유통 기타",장난감가게,채널사인_후광형,옥외광고
옥외광고 0006,LYN.K,유통,"소형, 소매유통",의류대리점,옷가게,채널사인_후광형,옥외광고
옥외광고 0007,하이난,서비스,음식 및 숙박,대중음식점,식당,채널사인_후광형,옥외광고
옥외광고 0008,GUSTTIMO,서비스,음식 및 숙박,대중음식점,식당,채널사인_후광형,옥외광고
옥외광고 0009,ZOOT,서비스,음식 및 숙박,대중음식점,카페,채널사인_후광형,옥외광고
옥외광고 0010,VANE BAR,서비스,음식 및 숙박,주점,술집,채널사인_후광형,옥외광고
옥외광고 0011,seventy four,서비스,음식 및 숙박,대중음식점,까페,채널사인_후광형,옥외광고
옥외광고 0012,공을기객잔,서비스,음식 및 숙박,대중음식점,식당,채널사인_후광형,옥외광고
옥외광고 0013,TRILECA,서비스,음식 및 숙박,주점,술집,채널사인_후광형,옥외광고
옥외광고 0014,VERONA,서비스,음식 및 숙박,대중음식점,카페,채널사인_후광형,옥외광고
옥외광고 0015,DUBLIN,서비스,음식 및 숙박,주점,술집,채널사인_후광형,옥외광고
옥외광고 0016,아스카,서비스,음식 및 숙박,대중음식점,식당,채널사인_후광형,옥외광고
옥외광고 0017,SE. RA. Ph COFFEE,서비스,음식 및 숙박,대중음식점,카페,채널사인_후광형,옥외광고
옥외광고 0018,마레,서비스,음식 및 숙박,대중음식점,카페,채널사인_후광형,옥외광고
옥외광고 0019,RAINBOW,서비스,음식 및 숙박,대중음식점,카페,채널사인_후광형,옥외광고
옥외광고 0020,KIEHLS,유통,"소형, 소매유통","소형, 소매유통 기타",화장품가게,채널사인_후광형,옥외광고
옥외광고 0021,신선미 성형외과,제약 및 의료,의료 및 보건기관,개인병원,병원,채널사인_후광형,옥외광고
옥외광고 0022,Bliss Bar,서비스,음식 및 숙박,주점,술집,채널사인_후광형,옥외광고
옥외광고 0023,pasha,서비스,음식 및 숙박,주점,술집,채널사인_후광형,옥외광고
옥외광고 0024,Tattoo,서비스,개인서비스,개인서비스 기타,문신가게,채널사인_후광형,옥외광고
옥외광고 0025,caf t,서비스,음식 및 숙박,대중음식점,카페,채널사인_캡형,옥외광고
옥외광고 0026,T.X,서비스,음식 및 숙박,주점,술집,채널사인_캡형,옥외광고
옥외광고 0027,(주)크라운베이커리,유통,"소형, 소매유통","소형, 소매유통 기타",빵집,채널사인_캡형,옥외광고
옥외광고 0028,SMOOTHIE KING,서비스,음식 및 숙박,대중음식점,생과일쥬스가게,채널사인_캡형,옥외광고
옥외광고 0029,김병상성형외과,제약 및 의료,의료 및 보건기관,개인병원,병원,채널사인_캡형,옥외광고
옥외광고 0030,라페스타,유통,대형유통,백화점,스트리트형 문화쇼핑몰,채널사인_캡형,옥외광고
옥외광고 0031,교보생명보험(주),그룹 및 기업광고,기타광고,기타기업PR,교보타워,채널사인_캡형,옥외광고
옥외광고 0032,영에이지,유통,"소형, 소매유통","소형, 소매유통 기타","신발, 패션잡화매장",채널사인_캡형,옥외광고
옥외광고 0033,mpanada,그룹 및 기업광고,기타광고,기타광고 기타,,채널사인_캡형,옥외광고
옥외광고 0034,PUPET,유통,"소형, 소매유통","소형, 소매유통 기타",애완용품전문점,채널사인_캡형,옥외광고
옥외광고 0035,(주)케이티앤지,유통,"소형, 소매유통",슈퍼 및 연쇄점,담배가게,채널사인_캡형,옥외광고
옥외광고 0036,OTTIMO,유통,"소형, 소매유통",가구대리점,가구점,채널사인_캡형,옥외광고
옥외광고 0037,ZOOOM,유통,"소형, 소매유통",팬시점,디자인소품점,채널사인_캡형,옥외광고
옥외광고 0038,포석정,서비스,음식 및 숙박,대중음식점,식당,채널사인_캡형,옥외광고
옥외광고 0039,SWING,유통,"소형, 소매유통",의류대리점,옷가게,채널사인_캡형,옥외광고
옥외광고 0040,CJnutra,유통,특수유통,홈쇼핑,건강기능식품판매점,채널사인_캡형,옥외광고
옥외광고 0041,PHOTO SERVICE,서비스,개인서비스,사진현상 및 인화,사진관,채널사인_캡형,옥외광고
옥외광고 0042,is was,유통,"소형, 소매유통",팬시점,"문구점, 갤러리",채널사인_캡형,옥외광고
옥외광고 0043,ROLL0887,서비스,음식 및 숙박,대중음식점,식당,채널사인_캡형,옥외광고
옥외광고 0044,Statlite,서비스,음식 및 숙박,대중음식점,카페,채널사인_캡형,옥외광고
옥외광고 0045,1300K,유통,"소형, 소매유통",팬시점,디자인소품점,채널사인_캡형,옥외광고
옥외광고 0046,Spin,서비스,물품임대,물품임대 기타,비디오 대여점,채널사인_캡형,옥외광고
옥외광고 0047,프렌치키스,서비스,음식 및 숙박,기타 프랜차이즈점,커피전문점,채널사인_캡형,옥외광고
옥외광고 0048,(주)티에스해마로,서비스,음식 및 숙박,패스트푸드점,패스트푸드전문점,채널사인_캡형,옥외광고
옥외광고 0049,ZOOOM,유통,"소형, 소매유통",팬시점,디자인소품점,채널사인_캡형,옥외광고
옥외광고 0050,마당,서비스,음식 및 숙박,대중음식점,식당,채널사인_캡형,옥외광고
옥외광고 0051,KINGKOW,유통,"소형, 소매유통","소형, 소매유통 기타",수입아동복판매점,채널사인_캡형,옥외광고
옥외광고 0052,파스쿠치,서비스,음식 및 숙박,대중음식점,카페,채널사인_캡형,옥외광고
옥외광고 0053,주식회사푸드스타,서비스,음식 및 숙박,대중음식점,식당,채널사인_캡형,옥외광고
옥외광고 0054,(주)크라운베이커리,유통,"소형, 소매유통","소형, 소매유통 기타",빵집,채널사인_캡형,옥외광고
옥외광고 0055,현대산업개발(주),"건설, 건재 및 부동산",부동산 임대 및 매매,부동산 임대 및 매매 제품종합,부동산개발 전문업,채널사인_캡형,옥외광고
옥외광고 0056,KAVE,서비스,음식 및 숙박,기타 프랜차이즈점,커피전문점,채널사인_캡형,옥외광고
옥외광고 0057,삐아몬테,서비스,음식 및 숙박,대중음식점,음식점,채널사인_캡형,옥외광고
옥외광고 0058,밴키즈,유통,"소형, 소매유통",가구대리점,"유아, 아동가구점",채널사인_캡형,옥외광고
옥외광고 0059,스타벅스,서비스,음식 및 숙박,기타 프랜차이즈점,커피전문점,채널사인_캡형,옥외광고
옥외광고 0060,(주)케이티프리텔,컴퓨터 및 정보통신,통신기기,휴대폰,핸드폰대리점,채널사인_캡형,옥외광고
옥외광고 0061,피플,서비스,음식 및 숙박,주점,술집,채널사인_캡형,옥외광고
옥외광고 0062,삼성전자(주),유통,대형유통,전자테마점,삼성커뮤니티,채널사인_캡형,옥외광고
옥외광고 0063,철산 뼈다귀감자탕,서비스,음식 및 숙박,대중음식점,음식점,채널사인_개방형,옥외광고
옥외광고 0064,씨제이 푸드빌(주),서비스,음식 및 숙박,대중음식점,카페,채널사인_개방형,옥외광고
옥외광고 0065,jamha juice,서비스,음식 및 숙박,대중음식점,카페,채널사인_개방형,옥외광고
옥외광고 0066,BLOCK PARTY,서비스,문화 및 공연,문화 및 공연 기타,흑인음악과 랩을소개하는 파티,채널사인_개방형,옥외광고
옥외광고 0067,BAGEL STREET,서비스,음식 및 숙박,대중음식점,카페,채널사인_개방형,옥외광고
옥외광고 0068,MCNULIYS,서비스,음식 및 숙박,주점,"음식점, 술집",채널사인_개방형,옥외광고
옥외광고 0069,헐리우드,유통,"소형, 소매유통",의류대리점,옷가게,채널사인_개방형,옥외광고
옥외광고 0070,SHINJUKU,서비스,음식 및 숙박,주점,일본식 포장마차,채널사인_개방형,옥외광고
옥외광고 0071,SHARK,서비스,음식 및 숙박,주점,술집,채널사인_개방형,옥외광고
옥외광고 0072,BOSTON,서비스,음식 및 숙박,주점,술집,채널사인_개방형,옥외광고
옥외광고 0073,호화반점,서비스,음식 및 숙박,대중음식점,음식점,채널사인_개방형,옥외광고
옥외광고 0074,황궁,서비스,음식 및 숙박,주점,카바레,채널사인_개방형,옥외광고
옥외광고 0075,C.F style,서비스,음식 및 숙박,대중음식점,,문자사인,옥외광고
옥외광고 0076,Freaks,패션,패션 기타,패션 기타,패션디자이너 김태훈의 가게,문자사인,옥외광고
옥외광고 0077,Grace Kelly,서비스,음식 및 숙박,대중음식점,,문자사인,옥외광고
옥외광고 0078,Ice Berg 1998,서비스,음식 및 숙박,대중음식점,음식점,문자사인,옥외광고
옥외광고 0079,라파엘,유통,"소형, 소매유통",가구대리점,가구점,문자사인,옥외광고
옥외광고 0080,IZA-CAFE DINING SHU,서비스,음식 및 숙박,대중음식점,카페,문자사인,옥외광고
옥외광고 0081,IYAKI,서비스,음식 및 숙박,대중음식점,,문자사인,옥외광고
옥외광고 0082,ELLIPIA,서비스,음식 및 숙박,대중음식점,카페,문자사인,옥외광고
옥외광고 0083,FERRAN,서비스,음식 및 숙박,대중음식점,,문자사인,옥외광고
옥외광고 0084,Lamp,서비스,음식 및 숙박,대중음식점,,문자사인,옥외광고
옥외광고 0085,theres,그룹 및 기업광고,그룹광고,그룹PR,,문자사인,옥외광고
옥외광고 0086,동족,그룹 및 기업광고,기타광고,기타광고 기타,,문자사인,옥외광고
옥외광고 0087,Take Urban,서비스,음식 및 숙박,기타 프랜차이즈점,커피전문점,문자사인,옥외광고
옥외광고 0088,MACKIES of Scotland,서비스,음식 및 숙박,대중음식점,음식점,문자사인,옥외광고
옥외광고 0089,Cli Roll,서비스,음식 및 숙박,대중음식점,음식점,문자사인,옥외광고
옥외광고 0090,INTRO,서비스,음식 및 숙박,대중음식점,카페,문자사인,옥외광고
옥외광고 0091,RUDUS,서비스,음식 및 숙박,대중음식점,카페,문자사인,옥외광고
옥외광고 0092,디마떼오,서비스,음식 및 숙박,대중음식점,음식점,문자사인,옥외광고
옥외광고 0093,EXODUS,서비스,음식 및 숙박,주점,술집,문자사인,옥외광고
옥외광고 0094,LOBBY,서비스,음식 및 숙박,주점,술집,문자사인,옥외광고
옥외광고 0095,오늘은 빵굽는 날,유통,"소형, 소매유통","소형, 소매유통 기타",빵집,문자사인,옥외광고
옥외광고 0096,NORI,서비스,음식 및 숙박,주점,술집,문자사인,옥외광고
옥외광고 0097,albero,서비스,음식 및 숙박,대중음식점,음식점,문자사인,옥외광고
옥외광고 0098,YES,서비스,스포츠 및 오락시설,스포츠 및 오락시설 기타,클럽,문자사인,옥외광고
옥외광고 0099,Wakoo,유통,"소형, 소매유통",의류대리점,옷가게,문자사인,옥외광고
옥외광고 0100,MAX pure,유통,"소형, 소매유통",의류대리점,옷가게,문자사인,옥외광고
옥외광고 0101,mans Nonno,유통,"소형, 소매유통",의류대리점,옷가게,문자사인,옥외광고
옥외광고 0102,아크로빌 스포츠센터,서비스,스포츠 및 오락시설,스포츠시설,운동클럽,문자사인,옥외광고
옥외광고 0103,Otr nuvote,유통,"소형, 소매유통",의류대리점,옷가게,문자사인,옥외광고
옥외광고 0104,SEOUL to SOUL,서비스,음식 및 숙박,대중음식점,음식점,문자사인,옥외광고
옥외광고 0105,양광,유통,대형유통,의류테마점,패션잡화명품점,문자사인,옥외광고
옥외광고 0106,French Ville,서비스,음식 및 숙박,대중음식점,케익가게,문자사인,옥외광고
옥외광고 0107,Rahm,그룹 및 기업광고,기타광고,기타광고 기타,,문자사인,옥외광고
옥외광고 0108,애니메이션박물관,서비스,문화 및 공연,전시 및 박람회,애니메이션박물관,문자사인,옥외광고
옥외광고 0109,포에버스,서비스,음식 및 숙박,주점,"음식점, 술집",문자사인,옥외광고
옥외광고 0110,Oddbins,유통,"소형, 소매유통","소형, 소매유통 기타",와인가게,문자사인,옥외광고
옥외광고 0111,WONs SHOP,"건설, 건재 및 부동산",건설,건축설비 및 마무리,인테리어전문점,문자사인,옥외광고
옥외광고 0112,The Olds Monk,서비스,음식 및 숙박,대중음식점,카페,문자사인,옥외광고
옥외광고 0113,DAKZANG,서비스,음식 및 숙박,대중음식점,치킨전문점,문자사인,옥외광고
옥외광고 0114,NIKITA,유통,"소형, 소매유통",의류대리점,옷가게,문자사인,옥외광고
옥외광고 0115,한희철 ESTHETICA,서비스,개인서비스,이용 및 미용,에스테틱-미용전문점,문자사인,옥외광고
옥외광고 0116,열린교회,그룹 및 기업광고,기타광고,기타광고 기타,교회,문자사인,옥외광고
옥외광고 0117,NIN JING,서비스,음식 및 숙박,대중음식점,음식점,문자사인,옥외광고
옥외광고 0118,tov tov,유통,"소형, 소매유통","소형, 소매유통 기타",애견샵,문자사인,옥외광고
옥외광고 0119,가유,서비스,음식 및 숙박,대중음식점,중화요리집,문자사인,옥외광고
옥외광고 0120,NIKO NIKO,서비스,음식 및 숙박,대중음식점,일식집,문자사인,옥외광고
옥외광고 0121,I love DOG,유통,"소형, 소매유통","소형, 소매유통 기타",애견샵,문자사인,옥외광고
옥외광고 0122,군화,서비스,음식 및 숙박,대중음식점,중화요리집,문자사인,옥외광고
옥외광고 0123,계원조형예술대학,교육 및 복지후생,교육기관,대학대학원,학교,문자사인,옥외광고
옥외광고 0124,GIO,서비스,음식 및 숙박,주점,카페 겸 술집,문자사인,옥외광고
옥외광고 0125,BBang,그룹 및 기업광고,기타광고,기타광고 기타,,문자사인,옥외광고
옥외광고 0126,가루비누,유통,"소형, 소매유통",슈퍼 및 연쇄점,잡화점,문자사인,옥외광고
옥외광고 0127,GANS STAR,서비스,스포츠 및 오락시설,스포츠 및 오락시설 기타,클럽,문자사인,옥외광고
옥외광고 0128,FLOWER,유통,"소형, 소매유통","소형, 소매유통 기타",꽃가게,문자사인,옥외광고
옥외광고 0129,Max-Han,유통,"소형, 소매유통",의류대리점,옷가게,문자사인,옥외광고
옥외광고 0130,코디박스,유통,"소형, 소매유통",의류대리점,옷가게,문자사인,옥외광고
옥외광고 0131,cappuccino Exhibition,서비스,음식 및 숙박,기타 프랜차이즈점,커피전문점,문자사인,옥외광고
옥외광고 0132,신숙 영 사,서비스,음식 및 숙박,대중음식점,일식집,조각사인,옥외광고
옥외광고 0133,파차이,서비스,음식 및 숙박,대중음식점,중화요리집,조각사인,옥외광고
옥외광고 0134,홀 5,서비스,스포츠 및 오락시설,스포츠시설,골프코스 안내문,조각사인,옥외광고
옥외광고 0135,붉은못 허브팜,서비스,음식 및 숙박,대중음식점,찻집,조각사인,옥외광고
옥외광고 0136,티틀,서비스,음식 및 숙박,대중음식점,식당,조각사인,옥외광고
옥외광고 0137,maison vin,서비스,음식 및 숙박,주점,술집,조각사인,옥외광고
옥외광고 0138,인사동식구들,서비스,음식 및 숙박,대중음식점,차음식번영회,조각사인,옥외광고
옥외광고 0139,만리반점,서비스,음식 및 숙박,대중음식점,중화요리집,조각사인,옥외광고
옥외광고 0140,미상,서비스,서비스 기타,서비스 기타,관람시간 안내문,조각사인,옥외광고
옥외광고 0141,OBs CABIN,서비스,음식 및 숙박,주점,술집,조각사인,옥외광고
옥외광고 0142,하버드사관학교,교육 및 복지후생,교육기관,진학입시학원,학교,조각사인,옥외광고
옥외광고 0143,WORK8,유통,"소형, 소매유통","소형, 소매유통 기타",모자가게,조각사인,옥외광고
옥외광고 0144,포에버21코리아리테일(유),서비스,음식 및 숙박,대중음식점,찻집,조각사인,옥외광고
옥외광고 0145,미상,서비스,음식 및 숙박,대중음식점,피자전문점,조각사인,옥외광고
옥외광고 0146,RaKu,서비스,음식 및 숙박,주점,술집,조각사인,옥외광고
옥외광고 0147,툇마루집,서비스,음식 및 숙박,대중음식점,음식점,조각사인,옥외광고
옥외광고 0148,escenjoy,유통,"소형, 소매유통","소형, 소매유통 기타",아로마테라피전문업체,조각사인,옥외광고
옥외광고 0149,(주)한화갤러리아,서비스,음식 및 숙박,대중음식점,음식점,조각사인,옥외광고
옥외광고 0150,아소산,서비스,음식 및 숙박,대중음식점,일식집,조각사인,옥외광고
옥외광고 0151,한국맥도날드(유),서비스,음식 및 숙박,패스트푸드점,패스트푸드전문점-맥도널드,조각사인,옥외광고
옥외광고 0152,풍림산업(주),"건설, 건재 및 부동산",건설,건설,아파트,조각사인,옥외광고
옥외광고 0153,작가폐업,서비스,음식 및 숙박,대중음식점,카페,조각사인,옥외광고
옥외광고 0154,ItaLia,서비스,음식 및 숙박,대중음식점,찻집,조각사인,옥외광고
옥외광고 0155,TOWER C,"건설, 건재 및 부동산","건설, 건재 및 부동산 기타","건설, 건재 및 부동산 기타",빌라,조각사인,옥외광고
옥외광고 0156,다이너스티,서비스,서비스 기타,서비스 기타,안내사인,조각사인,옥외광고
옥외광고 0157,Monte Cario,서비스,음식 및 숙박,대중음식점,찻집,조각사인,옥외광고
옥외광고 0158,SIGN,서비스,전문서비스,전문서비스 기타,컴퓨터 라우팅 조각집,조각사인,옥외광고
옥외광고 0159,밀리오레,서비스,스포츠 및 오락시설,스포츠 및 오락시설 기타,클럽,성형사인,옥외광고
옥외광고 0160,교촌 에프앤비(주),서비스,음식 및 숙박,대중음식점,치킨전문점,성형사인,옥외광고
옥외광고 0161,(주)대우,그룹 및 기업광고,그룹광고,그룹PR,대우기업,성형사인,옥외광고
옥외광고 0162,굿모닝증권,"금융, 보험 및 증권",주식 및 유가증권,주식증권,굿모닝증권,성형사인,옥외광고
옥외광고 0163,K. BANK,"금융, 보험 및 증권",금융 및 보험,은행,국민은행,성형사인,옥외광고
옥외광고 0164,(주)케이티프리텔,컴퓨터 및 정보통신,통신망,이동통신,KTF,성형사인,옥외광고
옥외광고 0165,S SEOUL,서비스,음식 및 숙박,주점,술집,성형사인,옥외광고
옥외광고 0166,교보생명보험(주),"금융, 보험 및 증권",금융 및 보험,생명보험,교보보험,성형사인,옥외광고
옥외광고 0167,한국토요타자동차(주),수송기기,수입자동차,수입승용차,도요타자동차판매,성형사인,옥외광고
옥외광고 0168,TSUTAYA,서비스,물품임대,물품임대 기타,영상대여업체,성형사인,옥외광고
옥외광고 0169,삼성전자(주),유통,대형유통,전자테마점,전자제품판매점,성형사인,옥외광고
옥외광고 0170,daily,서비스,음식 및 숙박,대중음식점,음식점,성형사인,옥외광고
옥외광고 0171,Pizza Mall,서비스,음식 및 숙박,대중음식점,피자전문점,성형사인,옥외광고
옥외광고 0172,(주)지에스리테일,유통,"소형, 소매유통",편의점,편의점,성형사인,옥외광고
옥외광고 0173,Car A+ Audio,서비스,전문서비스,전문서비스 기타,차튜닝점,성형사인,옥외광고
옥외광고 0174,(주)롯데리아,서비스,음식 및 숙박,패스트푸드점,패스트푸드점,성형사인,옥외광고
옥외광고 0175,HAPPY DAY,유통,"소형, 소매유통",편의점,편의점,성형사인,옥외광고
옥외광고 0176,ampm,서비스,음식 및 숙박,대중음식점,음식점,성형사인,옥외광고
옥외광고 0177,한국코닥(주),서비스,개인서비스,사진현상 및 인화,필름-사진관,성형사인,옥외광고
옥외광고 0178,일식집,서비스,음식 및 숙박,대중음식점,일식집,성형사인,옥외광고
옥외광고 0179,GIANT BIG MAN CLUB,서비스,음식 및 숙박,대중음식점,,성형사인,옥외광고
옥외광고 0180,TUROK,서비스,스포츠 및 오락시설,스포츠 및 오락시설 기타,클럽,성형사인,옥외광고
옥외광고 0181,스폰 노래연습장,서비스,서비스 기타,서비스 기타,노래방,성형사인,옥외광고
옥외광고 0182,고구령,서비스,음식 및 숙박,주점,주점,성형사인,옥외광고
옥외광고 0183,VENEZIA,서비스,음식 및 숙박,대중음식점,음식점,성형사인,옥외광고
옥외광고 0184,BaLeNO,서비스,음식 및 숙박,대중음식점,카페,성형사인,옥외광고
옥외광고 0185,테디베어뮤지엄,서비스,문화 및 공연,전시 및 박람회,안내조형물,조형물,옥외광고
옥외광고 0186,BVILD-A-BEAR WORKSHOP,유통,"소형, 소매유통","소형, 소매유통 기타",인형가게,조형물,옥외광고
옥외광고 0187,뿔 메자닌,서비스,음식 및 숙박,주점,술집,조형물,옥외광고
옥외광고 0188,미상,서비스,문화 및 공연,전시 및 박람회,인형조형물,조형물,옥외광고
옥외광고 0189,NBA,서비스,스포츠 및 오락시설,스포츠구단,농구대,조형물,옥외광고
옥외광고 0190,꽃게요리전문점,서비스,음식 및 숙박,대중음식점,식당,조형물,옥외광고
옥외광고 0191,Pizza Leag,서비스,음식 및 숙박,대중음식점,피자전문점 인형조형물,조형물,옥외광고
옥외광고 0192,씨제이 푸드빌(주),서비스,음식 및 숙박,제과점,빵집 인형조형물,조형물,옥외광고
옥외광고 0193,PIETRO PIZZA,서비스,음식 및 숙박,대중음식점,피자전문점 인형조형물,조형물,옥외광고
옥외광고 0194,튀는 I,그룹 및 기업광고,기타광고,기타광고 기타,,조형물,옥외광고
옥외광고 0195,미상,그룹 및 기업광고,기타광고,기타광고 기타,캐릭터 인형조형물,조형물,옥외광고
옥외광고 0196,미상,그룹 및 기업광고,기타광고,기타광고 기타,,조형물,옥외광고
옥외광고 0197,브랙아웃,서비스,물품임대,운송장비 임대,오토바이 대여점,조형물,옥외광고
옥외광고 0198,1004,서비스,스포츠 및 오락시설,스포츠 및 오락시설 기타,클럽,조형물,옥외광고
옥외광고 0199,미상,서비스,서비스 기타,서비스 기타,안내 조형물,조형물,옥외광고
옥외광고 0201,춘천시,관공서 및 단체,중앙 및 지방 관공서,중앙관공서,안내조형물,조형물,옥외광고
옥외광고 0202,함평군,그룹 및 기업광고,기타광고,기타광고 기타,안내조형물,조형물,옥외광고
옥외광고 0203,삼성전자(주),그룹 및 기업광고,그룹광고,그룹PR,,조형물,옥외광고
옥외광고 0204,모토로라코리아(주),컴퓨터 및 정보통신,통신기기,휴대폰,,조형물,옥외광고
옥외광고 0205,디자인스쿨,교육 및 복지후생,교육기관,기술 및 자격학원,학원,조형물,옥외광고
옥외광고 0206,리베로,수송기기,트럭,소형트럭,,조형물,옥외광고
옥외광고 0207,잉어조형물,그룹 및 기업광고,기타광고,기타광고 기타,,조형물,옥외광고
옥외광고 0208,SNOOPY PLACE,유통,"소형, 소매유통",팬시점,캐릭터팬시점,조형물,옥외광고
옥외광고 0209,미상,유통,"소형, 소매유통",의류대리점,옷가게,조형물,옥외광고
옥외광고 0210,미상,서비스,음식 및 숙박,대중음식점,일식집,조형물,옥외광고
옥외광고 0211,미상,서비스,스포츠 및 오락시설,스포츠 및 오락시설 기타,앨비스프레슬리 조형물,조형물,옥외광고
옥외광고 0212,Little Princess,유통,"소형, 소매유통",의류대리점,옷가게,조형물,옥외광고
옥외광고 0213,테디베어뮤지엄,그룹 및 기업광고,기타광고,기타광고 기타,,조형물,옥외광고
옥외광고 0214,동물병원(의사들 모임),관공서 및 단체,단체,민간단체,..대학교 수의과대학 임상동문회,조형물,옥외광고
옥외광고 0215,"요리사메뉴판, 신호등",서비스,음식 및 숙박,주점,술집,조형물,옥외광고
옥외광고 0216,예산시,관공서 및 단체,중앙 및 지방 관공서,중앙관공서,안내조형물,조형물,옥외광고
옥외광고 0217,오비맥주(주),음료 및 기호식품,알콜음료,맥주,맥주,조형물,옥외광고
옥외광고 0218,CASTINGNARA,서비스,개인서비스,사진현상 및 인화,사진촬영서비스업체,조형물,옥외광고
옥외광고 0219,세진참치전문점,서비스,음식 및 숙박,대중음식점,음식점,조형물,옥외광고
옥외광고 0220,BELLAMONTE,서비스,음식 및 숙박,대중음식점,"피자전문점, 음식점",조형물,옥외광고
옥외광고 0221,KAHUNAVILLE,서비스,음식 및 숙박,대중음식점,음식점(열대테마),조형물,옥외광고
옥외광고 0222,RNICKS,서비스,음식 및 숙박,대중음식점,"음식점, 당구장",조형물,옥외광고
옥외광고 0223,FARMEY,서비스,스포츠 및 오락시설,공원 및 테마파크,롯데월드 인형조형물,조형물,옥외광고
옥외광고 0224,공룡인형조형물,서비스,문화 및 공연,전시 및 박람회,공룡인형조형물,조형물,옥외광고
옥외광고 0225,체스터후라이드치킨,식품,축산품,치킨가공품,닭인형조형물,조형물,옥외광고
옥외광고 0226,어린이치과의원,제약 및 의료,의료 및 보건기관,개인병원,쥐인형조형물,조형물,옥외광고
옥외광고 0227,펭귄인형조형물,그룹 및 기업광고,기타광고,기타광고 기타,펭귄인형조형물,조형물,옥외광고
옥외광고 0228,SNOOPY PLACE,유통,"소형, 소매유통",팬시점,캐릭터팬시점,조형물,옥외광고
옥외광고 0229,파라오인형조형물,서비스,문화 및 공연,전시 및 박람회,전시회,조형물,옥외광고
옥외광고 0230,단코,서비스,서비스 기타,서비스 기타,악마조형물,조형물,옥외광고
옥외광고 0231,마네,서비스,음식 및 숙박,기타 프랜차이즈점,커피전문점,조형물,옥외광고
옥외광고 0232,쿵가콩가,서비스,음식 및 숙박,대중음식점,음식점,조형물,옥외광고
옥외광고 0233,미상,서비스,문화 및 공연,전시 및 박람회,농구하는 사람조형물,조형물,옥외광고
옥외광고 0234,ASA,그룹 및 기업광고,기타광고,기타광고 기타,삐에로 조형물,조형물,옥외광고
옥외광고 0235,더 스페이스,서비스,스포츠 및 오락시설,스포츠 및 오락시설 기타,클럽,조형물,옥외광고
옥외광고 0236,MACARENA,그룹 및 기업광고,기타광고,기타광고 기타,,조형물,옥외광고
옥외광고 0237,고릴라조형물,서비스,문화 및 공연,전시 및 박람회,고릴라조형물,조형물,옥외광고
옥외광고 0238,미상,서비스,문화 및 공연,전시 및 박람회,태권V조형물,조형물,옥외광고
옥외광고 0239,HARLEY,서비스,스포츠 및 오락시설,스포츠 및 오락시설 기타,클럽,조형물,옥외광고
옥외광고 0240,인천광역시,관공서 및 단체,중앙 및 지방 관공서,중앙관공서,안내조형물,조형물,옥외광고
옥외광고 0241,살기좋은 강동,관공서 및 단체,중앙 및 지방 관공서,중앙관공서,안내조형물,조형물,옥외광고
옥외광고 0242,통속으로,서비스,음식 및 숙박,주점,술집,조형물,옥외광고
옥외광고 0243,미상,서비스,스포츠 및 오락시설,스포츠 및 오락시설 기타,클럽,조형물,옥외광고
옥외광고 0244,,그룹 및 기업광고,기타광고,기타광고 기타,,시계탑,옥외광고
옥외광고 0245,(사)새마을금고연합회,"금융, 보험 및 증권",금융 및 보험,신용금고,금융권,시계탑,옥외광고
옥외광고 0246,제일생명,"금융, 보험 및 증권",금융 및 보험,생명보험,보험,시계탑,옥외광고
옥외광고 0247,미상,관공서 및 단체,단체,공공단체,안내,시계탑,옥외광고
옥외광고 0248,에드윈시계,그룹 및 기업광고,기타광고,기타기업 기타,2000년 카운트다운,시계탑,옥외광고
옥외광고 0249,POLLARA,그룹 및 기업광고,기타광고,기타광고 기타,,시계탑,옥외광고
옥외광고 0250,(주)교보문고,그룹 및 기업광고,기타광고,기타기업PR,,사인시스템_종합안내,옥외광고
옥외광고 0251,패션아울렛,유통,대형유통,의류테마점,매장안내,"사인시스템_시설, 장소 유도",옥외광고
옥외광고 0252,베이글 카페,서비스,음식 및 숙박,대중음식점,카페,플렉스사인_문자중심,옥외광고
옥외광고 0253,(주)국민은행,"금융, 보험 및 증권",금융 및 보험,은행,국민은행,플렉스사인_문자중심,옥외광고
옥외광고 0254,열린교회,그룹 및 기업광고,기타광고,기타광고 기타,교회,플렉스사인_문자중심,옥외광고
옥외광고 0255,PLUSBANK,그룹 및 기업광고,그룹광고,그룹PR,주식회사 플러스뱅크,플렉스사인_문자중심,옥외광고
옥외광고 0256,무교동낙지,서비스,음식 및 숙박,대중음식점,음식점,플렉스사인_문자중심,옥외광고
옥외광고 0257,OLIVE YOUNG,유통,"소형, 소매유통",슈퍼 및 연쇄점,잡화점,플렉스사인_문자중심,옥외광고
옥외광고 0258,로즈버드,서비스,음식 및 숙박,기타 프랜차이즈점,커피전문점,플렉스사인_문자중심,옥외광고
옥외광고 0259,얌,유통,"소형, 소매유통",의류대리점,옷가게,플렉스사인_문자중심,옥외광고
옥외광고 0260,우리들의 약국,유통,"소형, 소매유통",약국,약국,플렉스사인_문자중심,옥외광고
옥외광고 0261,Bubble,서비스,음식 및 숙박,대중음식점,찻집,플렉스사인_문자중심,옥외광고
옥외광고 0262,VERTE,서비스,음식 및 숙박,기타 프랜차이즈점,커피전문점,플렉스사인_문자중심,옥외광고
옥외광고 0263,툇마루집,서비스,음식 및 숙박,대중음식점,음식점,플렉스사인_문자중심,옥외광고
옥외광고 0264,퓨전스타,서비스,음식 및 숙박,대중음식점,음식점,플렉스사인_문자중심,옥외광고
옥외광고 0265,레드망고,서비스,음식 및 숙박,아이스크림 체인점,아이스크림가게,플렉스사인_문자중심,옥외광고
옥외광고 0266,돈카,서비스,음식 및 숙박,대중음식점,일식집,플렉스사인_문자중심,옥외광고
옥외광고 0267,PARIS BAGUETTE,유통,"소형, 소매유통","소형, 소매유통 기타",빵집,플렉스사인_문자중심,옥외광고
옥외광고 0268,금문도,서비스,음식 및 숙박,대중음식점,중화요리집,플렉스사인_문자중심,옥외광고
옥외광고 0269,PALOALTO,서비스,음식 및 숙박,대중음식점,이탈리아요리점,플렉스사인_문자중심,옥외광고
옥외광고 0270,The Roll,서비스,음식 및 숙박,대중음식점,음식점,플렉스사인_문자중심,옥외광고
옥외광고 0271,에스케이텔레콤(주),컴퓨터 및 정보통신,통신망,이동통신,대리점,플렉스사인_문자중심,옥외광고
옥외광고 0272,Rebis,서비스,음식 및 숙박,주점,주점,플렉스사인_문자중심,옥외광고
옥외광고 0273,면빨평정 강호라면,서비스,음식 및 숙박,대중음식점,음식점,플렉스사인_그래픽첨가,옥외광고
옥외광고 0274,얌얌치차,서비스,음식 및 숙박,대중음식점,음식점,플렉스사인_그래픽첨가,옥외광고
옥외광고 0275,LAMOKKE,유통,"소형, 소매유통",슈퍼 및 연쇄점,잡화점,플렉스사인_그래픽첨가,옥외광고
옥외광고 0276,PLANET PET,유통,"소형, 소매유통","소형, 소매유통 기타",애견용품판매점,플렉스사인_그래픽첨가,옥외광고
옥외광고 0277,먹을래 싸갈래,서비스,음식 및 숙박,대중음식점,중화요리집,플렉스사인_그래픽첨가,옥외광고
옥외광고 0278,돈돈발리,서비스,음식 및 숙박,대중음식점,음식점,플렉스사인_그래픽첨가,옥외광고
옥외광고 0279,해피타임,유통,"소형, 소매유통",의류대리점,옷가게,플렉스사인_그래픽첨가,옥외광고
옥외광고 0280,이강순 실비집,서비스,음식 및 숙박,대중음식점,음식점,플렉스사인_그래픽첨가,옥외광고
옥외광고 0281,,서비스,음식 및 숙박,대중음식점,음식점,플렉스사인_그래픽첨가,옥외광고
옥외광고 0282,Lete,서비스,음식 및 숙박,주점,카페 겸 술집,플렉스사인_그래픽첨가,옥외광고
옥외광고 0283,옵티마약국,유통,"소형, 소매유통",약국,약국,플렉스사인_그래픽첨가,옥외광고
옥외광고 0284,Pasta Vanita,서비스,음식 및 숙박,대중음식점,음식점,플렉스사인_그래픽첨가,옥외광고
옥외광고 0285,킴준플라워부띠끄,유통,"소형, 소매유통","소형, 소매유통 기타",꽃집,플렉스사인_그래픽첨가,옥외광고
옥외광고 0286,문안경,유통,"소형, 소매유통","소형, 소매유통 기타",안경집,플렉스사인_그래픽첨가,옥외광고
옥외광고 0287,예삐꽃방,유통,"소형, 소매유통","소형, 소매유통 기타",꽃집,플렉스사인_그래픽첨가,옥외광고
옥외광고 0288,고구령,서비스,음식 및 숙박,주점,주점,플렉스사인_그래픽첨가,옥외광고
옥외광고 0289,드라곤하우스,서비스,음식 및 숙박,주점,술집,플렉스사인_그래픽첨가,옥외광고
옥외광고 0290,문구팬시누리,유통,"소형, 소매유통",팬시점,문구팬시점,플렉스사인_그래픽첨가,옥외광고
옥외광고 0291,포구회집,서비스,음식 및 숙박,대중음식점,음식점,플렉스사인_그래픽첨가,옥외광고
옥외광고 0292,낙지가 오징어를 만났을때,서비스,음식 및 숙박,대중음식점,음식점,플렉스사인_그래픽첨가,옥외광고
옥외광고 0293,대박해물,서비스,음식 및 숙박,대중음식점,음식점,플렉스사인_그래픽첨가,옥외광고
옥외광고 0294,꽃이 있는 풍경,유통,"소형, 소매유통","소형, 소매유통 기타",꽃집,플렉스사인_그래픽첨가,옥외광고
옥외광고 0295,Mekcato,서비스,음식 및 숙박,대중음식점,음식점,어닝사인_접이식,옥외광고
옥외광고 0296,SWIMSUIT,유통,"소형, 소매유통","소형, 소매유통 기타",수영복판매점,어닝사인_접이식,옥외광고
옥외광고 0297,네스카페,서비스,음식 및 숙박,기타 프랜차이즈점,커피전문점,어닝사인_접이식,옥외광고
옥외광고 0298,까펠로,서비스,음식 및 숙박,대중음식점,피자전문점,어닝사인_접이식,옥외광고
옥외광고 0299,꽃,유통,"소형, 소매유통","소형, 소매유통 기타",꽃집,어닝사인_접이식,옥외광고
옥외광고 0300,CRAZY HOUSE,서비스,음식 및 숙박,대중음식점,,어닝사인_접이식,옥외광고
옥외광고 0301,PETTY BATEAD,유통,"소형, 소매유통",의류대리점,옷가게,어닝사인_접이식,옥외광고
옥외광고 0302,씨제이 푸드빌(주),서비스,음식 및 숙박,대중음식점,음식점,어닝사인_접이식,옥외광고
옥외광고 0303,Madu Pasta,서비스,음식 및 숙박,대중음식점,음식점,어닝사인_접이식,옥외광고
옥외광고 0304,POPOLARE,서비스,음식 및 숙박,대중음식점,이탈리아요리점,어닝사인_접이식,옥외광고
옥외광고 0305,PINK,유통,"소형, 소매유통",의류대리점,옷가게,어닝사인_접이식,옥외광고
옥외광고 0306,켄치베네치아,서비스,음식 및 숙박,대중음식점,음식점,어닝사인_스퀘어,옥외광고
옥외광고 0307,주식회사푸드스타,서비스,음식 및 숙박,훼미리레스토랑,음식점,어닝사인_스퀘어,옥외광고
옥외광고 0309,소까몽,서비스,음식 및 숙박,대중음식점,음식점,어닝사인_스퀘어,옥외광고
옥외광고 0310,딤섬,서비스,음식 및 숙박,대중음식점,음식점,어닝사인_스퀘어,옥외광고
옥외광고 0311,우리들의 이야기,서비스,음식 및 숙박,대중음식점,한식전문식당,어닝사인_스퀘어,옥외광고
옥외광고 0312,BIRRG,서비스,음식 및 숙박,대중음식점,카페,어닝사인_스퀘어,옥외광고
옥외광고 0313,XO,서비스,음식 및 숙박,주점,카페 겸 술집,어닝사인_스퀘어,옥외광고
옥외광고 0314,Remys,서비스,음식 및 숙박,대중음식점,카페,어닝사인_스퀘어,옥외광고
옥외광고 0315,AQUA,서비스,음식 및 숙박,주점,주점,어닝사인_스퀘어,옥외광고
옥외광고 0316,THE PRIVATE,유통,"소형, 소매유통",의류대리점,옷가게,어닝사인_스퀘어,옥외광고
옥외광고 0317,Cafexpress,서비스,음식 및 숙박,대중음식점,카페,어닝사인_스퀘어,옥외광고
옥외광고 0318,Sketches,서비스,음식 및 숙박,대중음식점,음식점,어닝사인_스퀘어,옥외광고
옥외광고 0319,델리,서비스,음식 및 숙박,대중음식점,음식점,어닝사인_스퀘어,옥외광고
옥외광고 0320,멜팅치즈,서비스,음식 및 숙박,대중음식점,음식점,어닝사인_스퀘어,옥외광고
옥외광고 0321,나이스암,서비스,음식 및 숙박,대중음식점,피자전문점,어닝사인_스퀘어,옥외광고
옥외광고 0322,스바로,서비스,음식 및 숙박,대중음식점,피자전문점,어닝사인_스퀘어,옥외광고
옥외광고 0323,Tony Auns,서비스,음식 및 숙박,대중음식점,음식점,어닝사인_스퀘어,옥외광고
옥외광고 0324,천하일품,서비스,음식 및 숙박,주점,주점,어닝사인_스퀘어,옥외광고
옥외광고 0325,미니마니,서비스,음식 및 숙박,대중음식점,음식점,어닝사인_스퀘어,옥외광고
옥외광고 0326,Little Lady,서비스,음식 및 숙박,대중음식점,음식점,어닝사인_스퀘어,옥외광고
옥외광고 0327,Jinny & Honey,유통,"소형, 소매유통",슈퍼 및 연쇄점,잡화점,어닝사인_스퀘어,옥외광고
옥외광고 0328,피자베니스,서비스,음식 및 숙박,대중음식점,피자전문점,어닝사인_스퀘어,옥외광고
옥외광고 0329,피자&스파게티,서비스,음식 및 숙박,대중음식점,음식점,어닝사인_스퀘어,옥외광고
옥외광고 0330,신포우리만두,서비스,음식 및 숙박,대중음식점,음식점,어닝사인_스퀘어,옥외광고
옥외광고 0331,숯불갈비,서비스,음식 및 숙박,대중음식점,음식점,어닝사인_스퀘어,옥외광고
옥외광고 0332,참새방앗간,서비스,음식 및 숙박,대중음식점,음식점,어닝사인_스퀘어,옥외광고
옥외광고 0333,잡화점,유통,"소형, 소매유통",슈퍼 및 연쇄점,잡화점,윈도사인_문자중심,옥외광고
옥외광고 0334,TIFFANY & Co.,패션,패션 기타,패션 기업PR,명품브랜드,윈도사인_문자중심,옥외광고
옥외광고 0335,불가리,패션,패션 기타,패션 기업PR,명품브랜드,윈도사인_문자중심,옥외광고
옥외광고 0336,KUNSTBE,서비스,음식 및 숙박,대중음식점,음식점,윈도사인_문자중심,옥외광고
옥외광고 0337,BERKELEY,서비스,음식 및 숙박,주점,카페 겸 술집,윈도사인_문자중심,옥외광고
옥외광고 0338,Cali Roll,서비스,음식 및 숙박,대중음식점,음식점,윈도사인_문자중심,옥외광고
옥외광고 0339,샤넬,패션,패션 기타,패션 기업PR,명품브랜드,윈도사인_문자중심,옥외광고
옥외광고 0340,에스프레소커피,서비스,음식 및 숙박,기타 프랜차이즈점,커피전문점,윈도사인_문자중심,옥외광고
옥외광고 0341,MISSONI,유통,"소형, 소매유통",의류대리점,옷가게,윈도사인_문자중심,옥외광고
옥외광고 0342,TOOL PUB,서비스,음식 및 숙박,주점,술집,윈도사인_문자중심,옥외광고
옥외광고 0343,ART,서비스,문화 및 공연,전시 및 박람회,전시회,윈도사인_문자중심,옥외광고
옥외광고 0344,capppellini,유통,"소형, 소매유통",팬시점,디자인가구점,윈도사인_문자중심,옥외광고
옥외광고 0345,틈새라면,서비스,음식 및 숙박,대중음식점,음식점,윈도사인_문자중심,옥외광고
옥외광고 0346,Medi Green,유통,"소형, 소매유통",약국,약국,윈도사인_문자중심,옥외광고
옥외광고 0347,쉬갈,서비스,음식 및 숙박,대중음식점,음식점,윈도사인_문자중심,옥외광고
옥외광고 0348,우리집에 잘오셨군요,그룹 및 기업광고,기타광고,기타광고 기타,,윈도사인_문자중심,옥외광고
옥외광고 0349,애비뉴,서비스,음식 및 숙박,기타 프랜차이즈점,커피전문점,윈도사인_문자중심,옥외광고
옥외광고 0350,하마 알련만 날기 어이 더딘고,유통,"소형, 소매유통",슈퍼 및 연쇄점,잡화점,윈도사인_문자중심,옥외광고
옥외광고 0351,Jessicas Pizzeria,서비스,음식 및 숙박,대중음식점,피자전문점,윈도사인_그래픽중심,옥외광고
옥외광고 0352,Akbs,유통,"소형, 소매유통","소형, 소매유통 기타",안경집,윈도사인_그래픽중심,옥외광고
옥외광고 0353,해그림,서비스,음식 및 숙박,대중음식점,음식점,윈도사인_그래픽중심,옥외광고
옥외광고 0354,월트디즈니컴패니코리아(주),서비스,문화 및 공연,영화,영화광고,윈도사인_그래픽중심,옥외광고
옥외광고 0355,앙띰천사,패션,유아복,의류테마점,아기옷집,윈도사인_그래픽중심,옥외광고
옥외광고 0356,헬로키티,유통,"소형, 소매유통",팬시점,헬로키티매장,윈도사인_그래픽중심,옥외광고
옥외광고 0357,101 DALMATIANS,유통,"소형, 소매유통",슈퍼 및 연쇄점,잡화점,윈도사인_그래픽중심,옥외광고
옥외광고 0358,Pcgga League,서비스,음식 및 숙박,대중음식점,피자전문점,윈도사인_그래픽중심,옥외광고
옥외광고 0359,미상,서비스,음식 및 숙박,주점,술집,윈도사인_그래픽중심,옥외광고
옥외광고 0360,레고코리아(주),유통,"소형, 소매유통","소형, 소매유통 기타",장난감가게,윈도사인_그래픽중심,옥외광고
옥외광고 0361,LUCAS,서비스,음식 및 숙박,대중음식점,카페,윈도사인_그래픽중심,옥외광고
옥외광고 0362,FAMILY KIMBAP,서비스,음식 및 숙박,대중음식점,음식점,윈도사인_그래픽중심,옥외광고
옥외광고 0363,딱,서비스,음식 및 숙박,대중음식점,치킨전문점,윈도사인_그래픽중심,옥외광고
옥외광고 0364,뉴질랜드 내츄럴 아이스크림,서비스,음식 및 숙박,아이스크림 체인점,아이스크림가게,윈도사인_그래픽중심,옥외광고
옥외광고 0365,햇님미용실,서비스,개인서비스,이용 및 미용,미용실,윈도사인_그래픽중심,옥외광고
옥외광고 0366,(주)나이키스포츠,유통,"소형, 소매유통","소형, 소매유통 기타",스포츠용품판매점,윈도사인_그래픽중심,옥외광고
옥외광고 0367,우동 돈까스 전문점,서비스,음식 및 숙박,대중음식점,음식점,윈도사인_그래픽중심,옥외광고
옥외광고 0368,낙찌오찌,서비스,음식 및 숙박,대중음식점,음식점,윈도사인_그래픽중심,옥외광고
옥외광고 0369,미상,유통,"소형, 소매유통",의류대리점,옷가게,윈도사인_그래픽중심,옥외광고
옥외광고 0370,외국여성그림,유통,"소형, 소매유통",의류대리점,옷가게,윈도사인_그래픽중심,옥외광고
옥외광고 0371,SYSTEM,유통,"소형, 소매유통",의류대리점,옷가게,윈도사인_그래픽중심,옥외광고
옥외광고 0372,(주)엘지상사엘지패션,패션,정장의류,정장의류 제품종합,옷소개,"현수막_돌출, 지주이용형",옥외광고
옥외광고 0373,at,서비스,문화 및 공연,전시 및 박람회,전시안내,"현수막_돌출, 지주이용형",옥외광고
옥외광고 0374,BRENNERS,서비스,음식 및 숙박,대중음식점,장식. 닭집,"현수막_돌출, 지주이용형",옥외광고
옥외광고 0375,라페스타,유통,대형유통,백화점,매장소개,"현수막_돌출, 지주이용형",옥외광고
옥외광고 0376,(주)삼성건설,"건설, 건재 및 부동산",건설,건설,아파트소개,"현수막_돌출, 지주이용형",옥외광고
옥외광고 0377,조계사,그룹 및 기업광고,기타광고,기타광고 기타,특정 날(일시)소개,"현수막_돌출, 지주이용형",옥외광고
옥외광고 0378,완전자동 SK셀프주유기 탄생,산업기기,상업 및 공업용 기기,상업 및 공업용 기기 기타,새로운 메뉴 안내,"현수막_돌출, 지주이용형",옥외광고
옥외광고 0379,인천광역시청,관공서 및 단체,중앙 및 지방 관공서,중앙관공서,도시의 특정이미지 소개,"현수막_돌출, 지주이용형",옥외광고
옥외광고 0380,(주)동아일보사,서비스,문화 및 공연,전시 및 박람회,(유행에 따른)기업이미지 전략,현수막_벽면이용형,옥외광고
옥외광고 0381,365일 따뜻한 세상,컴퓨터 및 정보통신,방송,공중파TV,특정프로그램 소개,현수막_벽면이용형,옥외광고
옥외광고 0382,㈜메가박스,서비스,스포츠 및 오락시설,스포츠 및 오락시설 기타,영화관,현수막_벽면이용형,옥외광고
옥외광고 0383,Digitall temptation,가정용 전기전자,가정용 전기전자 기타,가정용 전기전자 제품종합,삼성제품소개,현수막_벽면이용형,옥외광고
옥외광고 0384,FENDI,패션,패션 기타,패션 기업PR,브랜드소개,현수막_벽면이용형,옥외광고
옥외광고 0385,슈퍼빌,"건설, 건재 및 부동산",건설,건설 기타,모델하우스,현수막_벽면이용형,옥외광고
옥외광고 0386,새천년민주당,관공서 및 단체,단체,정당,특정정치모임소개,현수막_벽면이용형,옥외광고
옥외광고 0387,이광희,그룹 및 기업광고,기타광고,기타광고 기타,패션디자이너소개,현수막_벽면이용형,옥외광고
옥외광고 0388,(주)케이티프리텔,컴퓨터 및 정보통신,통신기기,휴대폰,세상을 놀라게 할 수 없다면 들려주지도 마라,현수막_벽면이용형,옥외광고
옥외광고 0389,현대상선(주),서비스,여행,여행알선,금강산온천장개장,현수막_벽면이용형,옥외광고
옥외광고 0390,누존,컴퓨터 및 정보통신,방송,방송제품 종합,특정TV채널 소개,현수막_벽면이용형,옥외광고
옥외광고 0391,(주)현대백화점,유통,대형유통,백화점,"노을속에 나의 감성이 잠들때, 이 가을의 향기를 부른다",현수막_벽면이용형,옥외광고
옥외광고 0392,딸기,유통,"소형, 소매유통",팬시점,캐릭터팬시점,현수막_벽면이용형,옥외광고
옥외광고 0393,(주)삼익악기,유통,"소형, 소매유통","소형, 소매유통 기타",쉿,현수막_벽면이용형,옥외광고
옥외광고 0394,Quick Service,서비스,운송,육상화물운송,오토바이 배송업체,현수막_벽면이용형,옥외광고
옥외광고 0395,sk에너지(주),가정용 전기전자,가정용 전기전자 기타,가정용 전기전자 기타,내가 참여하는만큼 바뀌는 세상,현수막_벽면이용형,옥외광고
옥외광고 0396,헬로키티,유통,"소형, 소매유통",팬시점,캐릭터소개,현수막_벽면이용형,옥외광고
옥외광고 0397,보나세라와 앙상블의 만남,서비스,문화 및 공연,전시 및 박람회,전시회,현수막_벽면이용형,옥외광고
옥외광고 0398,(주)전자랜드,유통,대형유통,전자테마점,가전제품판매,현수막_벽면이용형,옥외광고
옥외광고 0399,월드건설(주),"건설, 건재 및 부동산",건설,건설,건설사,현수막_벽면이용형,옥외광고
옥외광고 0400,RIANG HAIR,서비스,개인서비스,이용 및 미용,미용실,현수막_벽면이용형,옥외광고
옥외광고 0401,(주)대한매일신보사,출판,신문,중앙신문,신문사,현수막_벽면이용형,옥외광고
옥외광고 0402,신들이름과 조각상,그룹 및 기업광고,기타광고,기타광고 기타,,배너게시대,옥외광고
옥외광고 0403,로또,"금융, 보험 및 증권","금융, 보험 및 증권기타","금융, 보험 및 증권 기타",복권,배너게시대,옥외광고
옥외광고 0404,(주)엘지텔레콤,컴퓨터 및 정보통신,통신기기,휴대폰,휴대폰선전,배너게시대,옥외광고
옥외광고 0405,LevIs ROCK CONCERT,서비스,문화 및 공연,공연,콘서트 행사안내,배너게시대,옥외광고
옥외광고 0406,대한투자신탁증권,"금융, 보험 및 증권",금융 및 보험,투자신탁,상품소개,배너게시대,옥외광고
옥외광고 0407,허수아비,서비스,음식 및 숙박,대중음식점,음식점,배너게시대,옥외광고
옥외광고 0408,올리브영,그룹 및 기업광고,그룹광고,그룹PR,행사안내,배너게시대,옥외광고
옥외광고 0409,무지개,유통,"소형, 소매유통","소형, 소매유통 기타",안경점-행사안내,배너게시대,옥외광고
옥외광고 0410,한국도로공사,그룹 및 기업광고,그룹광고,그룹PR,즐거운고향길,배너게시대,옥외광고
옥외광고 0411,현대증권(주),"금융, 보험 및 증권",주식 및 유가증권,주식증권,기업홍보,배너게시대,옥외광고
옥외광고 0412,삼성전자(주),유통,대형유통,전자테마점,가전제품판매,배너게시대,옥외광고
옥외광고 0413,시그너스,"건설, 건재 및 부동산","건설, 건재 및 부동산 기타","건설, 건재 및 부동산 기타",빌딩이름,배너게시대,옥외광고
옥외광고 0414,닭익는마을,서비스,음식 및 숙박,대중음식점,치킨전문점,배너게시대,옥외광고
옥외광고 0415,엘지전자(주),가정용 전기전자,가정용 전기전자 기타,가정용 전기전자 제품종합,상품소개-CANON,배너게시대,옥외광고
옥외광고 0416,로얄토토,유통,"소형, 소매유통","소형, 소매유통 기타",복권판매,배너게시대,옥외광고
옥외광고 0417,김삿갓,서비스,음식 및 숙박,대중음식점,음식점,배너게시대,옥외광고
옥외광고 0418,COZYNEST,유통,"소형, 소매유통",가구대리점,가구점,배너게시대,옥외광고
옥외광고 0419,(주)하이트맥주,음료 및 기호식품,알콜음료,맥주,맥주광고,배너게시대,옥외광고
옥외광고 0420,현대자동차(주),그룹 및 기업광고,그룹광고,그룹PR,현대 기업광고,배너게시대,옥외광고
옥외광고 0421,POLO Pizza,서비스,음식 및 숙박,대중음식점,피자전문점,실사간판_전면실사,옥외광고
옥외광고 0422,Castle Praha,서비스,음식 및 숙박,주점,맥주전문점,실사간판_전면실사,옥외광고
옥외광고 0423,Bausta CAFFE,서비스,음식 및 숙박,대중음식점,카페,실사간판_전면실사,옥외광고
옥외광고 0424,Always for Your Nail,서비스,개인서비스,이용 및 미용,네일샵,실사간판_전면실사,옥외광고
옥외광고 0425,Unde Toms Cabin ,서비스,음식 및 숙박,주점,술집,실사간판_전면실사,옥외광고
옥외광고 0426,Jagermeifter,서비스,음식 및 숙박,주점,술집,실사간판_전면실사,옥외광고
옥외광고 0427,bene,서비스,음식 및 숙박,대중음식점,카페,실사간판_전면실사,옥외광고
옥외광고 0428,Roll#,서비스,음식 및 숙박,대중음식점,음식점,실사간판_전면실사,옥외광고
옥외광고 0429,아구아,서비스,음식 및 숙박,주점,주점,실사간판_전면실사,옥외광고
옥외광고 0430,오 마이 퍼피,유통,"소형, 소매유통","소형, 소매유통 기타",애견편의점,실사간판_전면실사,옥외광고
옥외광고 0431,AX.,서비스,음식 및 숙박,주점,술집,실사간판_전면실사,옥외광고
옥외광고 0432,꽃미남과 꽁짜다방,서비스,음식 및 숙박,대중음식점,카페,실사간판_전면실사,옥외광고
옥외광고 0433,TOKI TOCI,서비스,음식 및 숙박,주점,술집,실사간판_전면실사,옥외광고
옥외광고 0434,LERBOLARIO,화장품 및 보건용품,여성 기초화장품,여성 일반기초화장품,천연화장품전문점,실사간판_전면실사,옥외광고
옥외광고 0435,갈비생각,서비스,음식 및 숙박,대중음식점,음식점,실사간판_전면실사,옥외광고
옥외광고 0436,CELLO,유통,"소형, 소매유통","소형, 소매유통 기타",보석점,실사간판_전면실사,옥외광고
옥외광고 0437,BEANIE HOUSE,유통,"소형, 소매유통","소형, 소매유통 기타",수집인형판매점,실사간판_전면실사,옥외광고
옥외광고 0438,DAMI CYCLE,서비스,스포츠 및 오락시설,스포츠 및 오락시설 기타,경륜게임-오락실,실사간판_전면실사,옥외광고
옥외광고 0439,유객주,서비스,음식 및 숙박,주점,주점,실사간판_전면실사,옥외광고
옥외광고 0440,RED EARTH,유통,"소형, 소매유통","소형, 소매유통 기타",화장품판매점,실사간판_전면실사,옥외광고
옥외광고 0441,HOF BEER,서비스,음식 및 숙박,주점,술집,실사간판_전면실사,옥외광고
옥외광고 0442,바다이야기,서비스,음식 및 숙박,대중음식점,횟집,실사간판_전면실사,옥외광고
옥외광고 0443,서울해장국,서비스,음식 및 숙박,대중음식점,음식점,실사간판_전면실사,옥외광고
옥외광고 0444,BBAL RANG,서비스,음식 및 숙박,패스트푸드점,패스트푸드점,실사간판_전면실사,옥외광고
옥외광고 0445,올리브,서비스,음식 및 숙박,대중음식점,카페,실사간판_전면실사,옥외광고
옥외광고 0446,Star Shot,서비스,스포츠 및 오락시설,스포츠 및 오락시설 기타,오락실,실사간판_전면실사,옥외광고
옥외광고 0447,미스터스시,서비스,음식 및 숙박,대중음식점,음식점,실사간판_전면실사,옥외광고
옥외광고 0448,복사골요시,서비스,음식 및 숙박,대중음식점,음식점,실사간판_전면실사,옥외광고
옥외광고 0449,메르세데스벤츠코리아(주),수송기기,수입자동차,수입승용차,자동차판매점,실사간판_전면실사,옥외광고
옥외광고 0450,케나라,유통,"소형, 소매유통","소형, 소매유통 기타",빵집,실사간판_전면실사,옥외광고
옥외광고 0451,포세이돈하우스,서비스,음식 및 숙박,대중음식점,횟집,실사간판_전면실사,옥외광고
옥외광고 0452,우리가,유통,대형유통,농축수산물테마점,식육도매점,실사간판_전면실사,옥외광고
옥외광고 0453,일 미술학원,교육 및 복지후생,교육기관,진학입시학원,학원,실사간판_전면실사,옥외광고
옥외광고 0454,버팔로,서비스,음식 및 숙박,대중음식점,음식점,실사간판_부분실사,옥외광고
옥외광고 0455,만나분식 옛날짜장,서비스,음식 및 숙박,대중음식점,음식점,실사간판_부분실사,옥외광고
옥외광고 0456,선비밥,서비스,음식 및 숙박,대중음식점,음식점,실사간판_부분실사,옥외광고
옥외광고 0457,갈비방,서비스,음식 및 숙박,대중음식점,음식점,실사간판_부분실사,옥외광고
옥외광고 0458,MIJO,서비스,개인서비스,이용 및 미용,네일샵,실사간판_부분실사,옥외광고
옥외광고 0459,버섯생불고기,서비스,음식 및 숙박,대중음식점,음식점,실사간판_부분실사,옥외광고
옥외광고 0460,Jewelry hall,유통,"소형, 소매유통","소형, 소매유통 기타",보석점,실사간판_부분실사,옥외광고
옥외광고 0461,MadDogs,서비스,음식 및 숙박,대중음식점,라이브카페,실사간판_부분실사,옥외광고
옥외광고 0462,Yamito-go,그룹 및 기업광고,기타광고,기타광고 기타,,실사간판_부분실사,옥외광고
옥외광고 0463,TOMMY,유통,"소형, 소매유통",의류대리점,옷가게,실사간판_부분실사,옥외광고
옥외광고 0464,OLC,서비스,스포츠 및 오락시설,스포츠 및 오락시설 기타,보드방,실사간판_부분실사,옥외광고
옥외광고 0465,간사이오뎅,서비스,음식 및 숙박,대중음식점,음식점,실사간판_부분실사,옥외광고
옥외광고 0466,벌교,서비스,음식 및 숙박,대중음식점,횟집,실사간판_부분실사,옥외광고
옥외광고 0467,러브리 하우스,유통,"소형, 소매유통","소형, 소매유통 기타",애견용품판매점,실사간판_부분실사,옥외광고
옥외광고 0468,케익카페,서비스,음식 및 숙박,대중음식점,카페,실사간판_부분실사,옥외광고
옥외광고 0469,씨실과 날실,패션,정장의류,한복,한복집,실사간판_부분실사,옥외광고
옥외광고 0470,PINE,서비스,음식 및 숙박,대중음식점,케익가게,실사간판_부분실사,옥외광고
옥외광고 0471,Coffex,서비스,음식 및 숙박,대중음식점,커피와스무디판매점,실사간판_부분실사,옥외광고
옥외광고 0472,ZEN,서비스,음식 및 숙박,대중음식점,음식점,실사간판_부분실사,옥외광고
옥외광고 0473,앤조이치킨,서비스,음식 및 숙박,대중음식점,치킨전문점,실사간판_부분실사,옥외광고
옥외광고 0474,박희정 헤어샵,서비스,개인서비스,이용 및 미용,미용실,실사간판_부분실사,옥외광고
옥외광고 0475,FRESHNESS BURGER,서비스,음식 및 숙박,패스트푸드점,패스트푸드점,실사간판_부분실사,옥외광고
옥외광고 0476,도도클럽,유통,"소형, 소매유통",슈퍼 및 연쇄점,잡화점,실사간판_부분실사,옥외광고
옥외광고 0478,한국도시개발(주),관공서 및 단체,중앙 및 지방 관공서,중앙 및 지방 관공서 기타,,공사장 펜스,옥외광고
옥외광고 0479,고양세계꽃박람회 WFEK2003,서비스,문화 및 공연,전시 및 박람회,,공사장 펜스,옥외광고
옥외광고 0480,백두산천지,그룹 및 기업광고,기타광고,기타광고 기타,,공사장 펜스,옥외광고
옥외광고 0481,롯데쇼핑(주),그룹 및 기업광고,그룹광고,그룹PR,기업홍보,공사장 펜스,옥외광고
옥외광고 0482,호텔프리머,서비스,음식 및 숙박,호텔,호텔,공사장 펜스,옥외광고
옥외광고 0483,에스케이네트웍스(주)패션사업본부,패션,캐주얼의류,캐주얼웨어,옷,공사장 펜스,옥외광고
옥외광고 0484,KAZEN,기초재,"석탄, 석유 및 가스",연료유,주유소,공사장 펜스,옥외광고
옥외광고 0485,엘지화재해상보헙(주),그룹 및 기업광고,그룹광고,그룹공고,,공사장 펜스,옥외광고
옥외광고 0486,B.J Membered Hold,"건설, 건재 및 부동산",건설,건설,건물,공사장 펜스,옥외광고
옥외광고 0487,B.J Membered Hold,"건설, 건재 및 부동산",건설,건설,건물,공사장 펜스,옥외광고
옥외광고 0488,Halle 20,가정용 전기전자,가정용 전기전자 기타,가정용 전기전자 제품종합,삼성제품소개,공사장 펜스,옥외광고
옥외광고 0489,ZOOOOZ,그룹 및 기업광고,기타광고,기타광고 기타,"강제규필름, 동아수출공사, 양진석디자인",공사장 펜스,옥외광고
옥외광고 0490,제일제당,그룹 및 기업광고,그룹광고,그룹PR,기업브랜드,공사장 펜스,옥외광고
옥외광고 0491,엔프라니,화장품 및 보건용품,여성 기초화장품,여성 기초화장품 제품종합,화장품브랜드,공사장 펜스,옥외광고
옥외광고 0492,서울중앙우체국,관공서 및 단체,중앙 및 지방 관공서,중앙 및 지방 관공서 기타,우체국,공사장 펜스,옥외광고
옥외광고 0493,우리는 꿈에 날개가 있다,그룹 및 기업광고,기타광고,기타광고 기타,,공사장 펜스,옥외광고
옥외광고 0494,(주)포스코,그룹 및 기업광고,그룹광고,그룹PR,,벽면광고,옥외광고
옥외광고 0495,미래에셋증권(주),"금융, 보험 및 증권",주식 및 유가증권,주식증권,,벽면광고,옥외광고
옥외광고 0496,(주)삼성건설,컴퓨터 및 정보통신,통신정보서비스,인터넷서비스,,벽면광고,옥외광고
옥외광고 0497,(주)케이티,그룹 및 기업광고,그룹광고,그룹PR,기업홍보,벽면광고,옥외광고
옥외광고 0498,이티,서비스,음식 및 숙박,대중음식점,,벽면광고,옥외광고
옥외광고 0499,(주)블랙박스,출판,중고생용 교재,중고생용 학습지,행사소개,벽면광고,옥외광고
옥외광고 0500,(주)국민은행,"금융, 보험 및 증권",금융 및 보험,은행,,벽면광고,옥외광고
옥외광고 0501,헬로에이피엠,유통,대형유통,의류테마점,,벽면광고,옥외광고
옥외광고 0502,크롬바커,음료 및 기호식품,알콜음료,맥주,맥주광고,"차량광고_택시, 승용차, 탑차",옥외광고
옥외광고 0503,롯데제과(주),식품,제과,껌,껌광고,"차량광고_택시, 승용차, 탑차",옥외광고
옥외광고 0504,한국펩시콜라(주),음료 및 기호식품,비알콜음료,콜라,콜라광고,"차량광고_택시, 승용차, 탑차",옥외광고
옥외광고 0505,(주)엘지생활건강,화장품 및 보건용품,모발 및 목욕용제,"샴푸, 린스",샴푸광고,"차량광고_택시, 승용차, 탑차",옥외광고
옥외광고 0506,(주)케이티,그룹 및 기업광고,그룹광고,그룹PR,기업홍보,차량광고_버스,옥외광고
옥외광고 0507,kiki,출판,잡지,여성잡지,잡지소개,차량광고_버스,옥외광고
옥외광고 0508,(주)한국마이크로소프트,컴퓨터 및 정보통신,컴퓨터S/W,OS용 S/W,프로그램광고,차량광고_버스,옥외광고
옥외광고 0509,산요,컴퓨터 및 정보통신,통신기기,휴대폰,핸드폰광고,차량광고_버스,옥외광고
옥외광고 0510,미상,서비스,문화 및 공연,영화,영화광고,차량광고_버스,옥외광고
옥외광고 0511,365일 따뜻한 세상,컴퓨터 및 정보통신,방송,공중파TV,TV프로그램소개,차량광고_버스,옥외광고
옥외광고 0512,(주)문화방송,컴퓨터 및 정보통신,방송,방송제품 종합,TV프로그램소개,차량광고_버스,옥외광고
옥외광고 0513,남양유업(주),유통,"소형, 소매유통","소형, 소매유통 기타",물판매,이벤트,옥외광고
옥외광고 0514,두리마트,유통,"소형, 소매유통",슈퍼 및 연쇄점,가게,이벤트,옥외광고
옥외광고 0515,Only you,유통,"소형, 소매유통","소형, 소매유통 기타",꽃집,이벤트,옥외광고
옥외광고 0516,소림도예,서비스,문화 및 공연,전시 및 박람회,전시회,이벤트,옥외광고
옥외광고 0517,(주)엘지상사,가정용 전기전자,영상기기,카메라,제품소개,이벤트,옥외광고
옥외광고 0518,로또,"금융, 보험 및 증권","금융, 보험 및 증권기타","금융, 보험 및 증권 기타",복권,이벤트,옥외광고
옥외광고 0519,고양세계꽃박람회 WFEK2003,서비스,문화 및 공연,전시 및 박람회,꽃박람회,이벤트,옥외광고
옥외광고 0520,미상,서비스,문화 및 공연,영화,영화소개,P.O.P,옥외광고
옥외광고 0521,로얄토토,"금융, 보험 및 증권","금융, 보험 및 증권기타","금융, 보험 및 증권 기타",복권,P.O.P,옥외광고
옥외광고 0522,스페셜 런치타임,서비스,음식 및 숙박,대중음식점,음식점,P.O.P,옥외광고
옥외광고 0523,에스케이텔레콤(주),컴퓨터 및 정보통신,통신기기,휴대폰,제품소개,P.O.P,옥외광고
옥외광고 0524,슈퍼라이트,음료 및 기호식품,기호식품,담배,담배소개,P.O.P,옥외광고
옥외광고 0525,(주)크라운제과,그룹 및 기업광고,그룹광고,그룹PR,과자-기업홍보,P.O.P,옥외광고
옥외광고 0526,삼성전자(주),컴퓨터 및 정보통신,통신기기,휴대폰,이벤트홍보,P.O.P,옥외광고
옥외광고 0527,(주)오리온,식품,제과,비스켓 및 쿠키,과자홍보,P.O.P,옥외광고
옥외광고 0528,햇마늘쫑,식품,농산품,농산품 기타,가격안내,P.O.P,옥외광고
옥외광고 0529,미상,서비스,문화 및 공연,영화,DVD홍보,P.O.P,옥외광고
옥외광고 0530,(주)엘지생활건강,화장품 및 보건용품,여성 기초화장품,여성 기초화장품 제품종합,화장품홍보,P.O.P,옥외광고
옥외광고 0531,린나이코리아(주),가정용 전기전자,주방용 전기전자,주방용 전기전자 기타,제품소개,P.O.P,옥외광고
옥외광고 0532,미상,그룹 및 기업광고,기타광고,기타광고 기타,갈비탕만드는법 소개,P.O.P,옥외광고
옥외광고 0533,나라사랑 SPECIAL,그룹 및 기업광고,기타광고,기타광고 기타,가격안내,P.O.P,옥외광고
옥외광고 0534,수박,식품,농산품,과실류원산,수박가격과 설명,P.O.P,옥외광고
옥외광고 0535,에스케이텔레콤(주),컴퓨터 및 정보통신,통신망,이동통신,업무안내,P.O.P,옥외광고
옥외광고 0536,바나나,식품,농산품,과실류원산,가격안내,P.O.P,옥외광고
옥외광고 0537,(주)엘지텔레콤,컴퓨터 및 정보통신,통신망,이동통신,요금상품소개,P.O.P,옥외광고
옥외광고 0538,미,컴퓨터 및 정보통신,방송,방송제품 종합,상품소개,P.O.P,옥외광고
옥외광고 0539,에스케이텔레콤(주),컴퓨터 및 정보통신,통신망,이동통신,상품소개,P.O.P,옥외광고
옥외광고 0540,로또,"금융, 보험 및 증권","금융, 보험 및 증권기타","금융, 보험 및 증권 기타",복권,P.O.P,옥외광고
옥외광고 0541,디아망,식품,유제품,우유,우유소개,P.O.P,옥외광고
옥외광고 0542,(주)우리은행,"금융, 보험 및 증권",금융 및 보험,은행,은행,P.O.P,옥외광고
옥외광고 0543,(주)엘지텔레콤,컴퓨터 및 정보통신,통신망,이동통신,상품소개,P.O.P,옥외광고
옥외광고 0544,로프리,기초재,"석탄, 석유 및 가스",연료유,기름소개,P.O.P,옥외광고
옥외광고 0545,미팅게임,그룹 및 기업광고,기타광고,기타광고 기타,게임소개,P.O.P,옥외광고
옥외광고 0546,(주)엘지,가정용 전기전자,주방용 전기전자,주방용 전기전자 기타,오븐제품판매,P.O.P,옥외광고
옥외광고 0547,로또,"금융, 보험 및 증권","금융, 보험 및 증권기타","금융, 보험 및 증권 기타",복권,P.O.P,옥외광고
옥외광고 0548,1300K,유통,"소형, 소매유통",팬시점,디자인샵,인테리어,옥외광고
옥외광고 0549,SNOOPY PLACE,유통,"소형, 소매유통",팬시점,캐릭터판매점,인테리어,옥외광고
옥외광고 0550,바다이야기,서비스,음식 및 숙박,주점,술집,일반 네온,옥외광고
옥외광고 0551,WAX,서비스,음식 및 숙박,주점,술집,일반 네온,옥외광고
옥외광고 0552,BULL DOG,서비스,음식 및 숙박,주점,술집,일반 네온,옥외광고
옥외광고 0553,하바나몽키,서비스,음식 및 숙박,주점,술집,일반 네온,옥외광고
옥외광고 0554,caffe giardino,서비스,음식 및 숙박,주점,술집,일반 네온,옥외광고
옥외광고 0555,(주)이랜드,유통,"소형, 소매유통",팬시점,캐릭터전문점,일반 네온,옥외광고
옥외광고 0556,LAPUTA,서비스,음식 및 숙박,주점,술집,일반 네온,옥외광고
옥외광고 0557,오리지날카푸치노,서비스,음식 및 숙박,기타 프랜차이즈점,커피전문점,일반 네온,옥외광고
옥외광고 0558,Ami,서비스,음식 및 숙박,주점,술집,P.O.P. 네온,옥외광고
옥외광고 0559,17분 FUJIFILM,화학공업,화학제품,필름,사진관,P.O.P. 네온,옥외광고
옥외광고 0560,GELATERIA-FRULLATI-CAFFETTERIA,서비스,음식 및 숙박,대중음식점,음식점,P.O.P. 네온,옥외광고
옥외광고 0561,꽃바구니,유통,"소형, 소매유통","소형, 소매유통 기타",꽃집,P.O.P. 네온,옥외광고
옥외광고 0562,샐러드부페 공짜,서비스,음식 및 숙박,대중음식점,음식점,P.O.P. 네온,옥외광고
옥외광고 0563,미상,서비스,음식 및 숙박,대중음식점,음식점,P.O.P. 네온,옥외광고
옥외광고 0564,미상,서비스,음식 및 숙박,주점,카페 겸 주점,P.O.P. 네온,옥외광고
옥외광고 0565,현대카드(주),"금융, 보험 및 증권",금융 및 보험,신용카드,상품홍보,전광판,옥외광고
옥외광고 0566,국군방송,그룹 및 기업광고,그룹광고,그룹PR,기업홍보,전광판,옥외광고
옥외광고 0567,(주)조선일보사,출판,신문,중앙신문,HP광고,전광판,옥외광고
옥외광고 0568,숙명여자대학교,교육 및 복지후생,교육기관,대학대학원,SBS의 명성은 끝난 게 아니었습니다,전광판,옥외광고
옥외광고 0569,삼성전자(주),컴퓨터 및 정보통신,통신기기,휴대폰,제품홍보,전광판,옥외광고
옥외광고 0571,장수연탄갈비,서비스,음식 및 숙박,대중음식점,음식점,전광판,옥외광고
옥외광고 0572,(주)대한매일신보사,출판,신문,중앙신문,복권광고,전광판,옥외광고
옥외광고 0573,지리 15000,그룹 및 기업광고,기타광고,기타광고 기타,가격안내,전광판,옥외광고
옥외광고 0574,삼대보쌈,서비스,음식 및 숙박,대중음식점,인사말,전광판,옥외광고
옥외광고 0575,순두부탕,서비스,음식 및 숙박,대중음식점,메뉴안내,전광판,옥외광고
옥외광고 0576,(주)나이키스포츠,패션,스포츠 전문복,스포츠 전문복 제품종합,제품광고,라이트패널,옥외광고
옥외광고 0577,(주)롯데리아,그룹 및 기업광고,기타광고,기타광고 기타,제품판매,라이트패널,옥외광고
옥외광고 0578,TANDY,패션,신발류,신발류 제품종합,신발브랜드광고,라이트패널,옥외광고
옥외광고 0579,유회현 산부인과,제약 및 의료,의료 및 보건기관,개인병원,병원,라이트패널,옥외광고
옥외광고 0580,서울종합렌탈,서비스,물품임대,운송장비 임대,렌탈서비스,라이트패널,옥외광고
옥외광고 0581,엘지전자(주),컴퓨터 및 정보통신,통신기기,휴대폰,핸드폰,라이트패널,옥외광고
옥외광고 0582,헬로에이피엠,유통,대형유통,의류테마점,판매매장,조명장식,옥외광고
옥외광고 0583,밀리오레,유통,대형유통,의류테마점,쇼핑몰,조명장식,옥외광고
옥외광고 0584,원조불닭,서비스,음식 및 숙박,대중음식점,음식점,조명장식,옥외광고
옥외광고 0585,이경민 foret,서비스,개인서비스,이용 및 미용,,조명장식,옥외광고
옥외광고 0586,콩날,서비스,음식 및 숙박,주점,포장마차,조명장식,옥외광고
옥외광고 0587,허리우드 당구크럽,서비스,스포츠 및 오락시설,스포츠 및 오락시설 기타,당구장,조명장식,옥외광고
옥외광고 0588,CJ CGV(씨제이 씨지브이)(주),서비스,스포츠 및 오락시설,스포츠 및 오락시설 기타,영화관,조명장식,옥외광고
옥외광고 0589,ITALY,서비스,음식 및 숙박,대중음식점,이탈리아요리점,입간판,옥외광고
옥외광고 0590,자바커피,서비스,음식 및 숙박,기타 프랜차이즈점,커피전문점,입간판,옥외광고
옥외광고 0591,SMOKING,서비스,음식 및 숙박,대중음식점,카페,입간판,옥외광고
옥외광고 0592,이노조명,가정용 전기전자,조명 및 전기소품,조명기구,조명,입간판,옥외광고
옥외광고 0593,미상,서비스,문화 및 공연,영화,영화안내,입간판,옥외광고
옥외광고 0594,한국공예관,서비스,문화 및 공연,전시 및 박람회,박물관소개,입간판,옥외광고
옥외광고 0595,초가집,그룹 및 기업광고,기타광고,기타광고 기타,,입간판,옥외광고
옥외광고 0596,환타지,서비스,음식 및 숙박,주점,술집,입간판,옥외광고
옥외광고 0597,김지태와 386의 꿈,서비스,음식 및 숙박,대중음식점,문화카페,입간판,옥외광고
옥외광고 0598,사랑채,서비스,음식 및 숙박,대중음식점,음식점,입간판,옥외광고
옥외광고 0599,I AM SINGER,서비스,음식 및 숙박,주점,노래주점,입간판,옥외광고
옥외광고 0600,두리안,서비스,음식 및 숙박,대중음식점,음식점,입간판,옥외광고
옥외광고 0601,옛골,서비스,음식 및 숙박,대중음식점,음식점,입간판,옥외광고
옥외광고 0602,신세계부동산,"건설, 건재 및 부동산",부동산 임대 및 매매,부동산 임대 및 매매 제품종합,부동산,입간판,옥외광고
옥외광고 0603,행복한 장어숯불구이,서비스,음식 및 숙박,대중음식점,음식점,에어라이트,옥외광고
옥외광고 0604,각종바다회,서비스,음식 및 숙박,대중음식점,횟집,에어라이트,옥외광고
옥외광고 0605,삼원,서비스,음식 및 숙박,대중음식점,복요리전문점,에어라이트,옥외광고
옥외광고 0606,미상,유통,"소형, 소매유통","소형, 소매유통 기타",,에어라이트,옥외광고
옥외광고 0607,호프광장,서비스,음식 및 숙박,주점,술집,에어라이트,옥외광고
옥외광고 0608,헤어팡팡,서비스,개인서비스,이용 및 미용,미용실,에어라이트,옥외광고
옥외광고 0609,하늘노래타운,서비스,서비스 기타,서비스 기타,노래방,에어라이트,옥외광고
옥외광고 0610,화이트하우스,서비스,음식 및 숙박,주점,술집,에어라이트,옥외광고
옥외광고 0611,신나라레코드,유통,대형유통,대형유통 기타,음반할인점 ,에어라이트,옥외광고
옥외광고 0612,돼지클럽,서비스,음식 및 숙박,주점,술집,에어라이트,옥외광고
옥외광고 0613,언덕위에집,서비스,음식 및 숙박,대중음식점,음식점,에어라이트,옥외광고
옥외광고 0614,양념소갈비,서비스,음식 및 숙박,대중음식점,음식점,에어라이트,옥외광고
옥외광고 0615,멍석참숯갈비,서비스,음식 및 숙박,대중음식점,음식점,에어라이트,옥외광고
옥외광고 0616,영창노래방,서비스,서비스 기타,서비스 기타,노래방,에어라이트,옥외광고
옥외광고 0617,치킨쥼,서비스,음식 및 숙박,대중음식점,치킨전문점,에어라이트,옥외광고
옥외광고 0618,안성찬 GMK,서비스,전문서비스,전문서비스 기타,자동차수리점,에어라이트,옥외광고
옥외광고 0619,미상,서비스,음식 및 숙박,주점,술집,에어라이트,옥외광고
옥외광고 0620,배터지는 회,서비스,음식 및 숙박,대중음식점,횟집,에어라이트,옥외광고
옥외광고 0621,숯불 꼼장어구이,서비스,음식 및 숙박,대중음식점,음식점,에어라이트,옥외광고
옥외광고 0622,불타는 꿀돼지,서비스,음식 및 숙박,대중음식점,음식점,에어라이트,옥외광고
옥외광고 0623,K3 PC방,서비스,서비스 기타,서비스 기타,PC방,에어라이트,옥외광고
옥외광고 0624,왕골 감자탕,서비스,음식 및 숙박,대중음식점,음식점,에어라이트,옥외광고
옥외광고 0625,조개구이호프,서비스,음식 및 숙박,주점,술집,에어라이트,옥외광고
옥외광고 0626,오즈 PC방,서비스,서비스 기타,서비스 기타,PC방,에어라이트,옥외광고
옥외광고 0627,(주)둘둘치킨,서비스,음식 및 숙박,대중음식점,치킨전문점,에어라이트,옥외광고
옥외광고 2 (0),에스케이텔레콤(주),컴퓨터 및 정보통신,통신망,이동통신,"준,여기꼼짝말고있어",차량광고,옥외광고
옥외광고 2 (10),(주)엘지화학,"건설, 건재 및 부동산",건재,도벽 및 바닥재,바닥평정,지하철광고,옥외광고
옥외광고 2 (100),아씨방,서비스,개인서비스,개인서비스 기타,웨딩샵,의류 매장광고,옥외광고
옥외광고 2 (101),미래,서비스,개인서비스,개인서비스 기타,웨딩샵,의류 매장광고,옥외광고
옥외광고 2 (102),ezio,서비스,음식 및 숙박,기타 프랜차이즈점,카페,조형물,옥외광고
옥외광고 2 (103),이광건 스튜디오,서비스,개인서비스,사진현상 및 인화,웨딩스튜디오,사진관 광고,옥외광고
옥외광고 2 (104),로레알,화장품 및 보건용품,모발 및 목욕용제,정발료 및 헤어스타일링,컨셉 스토어,컨셉 스토어,옥외광고
옥외광고 2 (105),(주)한국인삼공사,제약 및 의료,대사성의약,대사성의약 기타,정관장,매장광고,옥외광고
옥외광고 2 (107),썬로그(주),음료 및 기호식품,비알콜음료,기타과실음료,100%열대과일쥬스,버스광고,옥외광고
옥외광고 2 (108),토미,패션,캐주얼의류,캐주얼웨어,토미,버스광고,옥외광고
옥외광고 2 (109),저농약 고추농장,그룹 및 기업광고,그룹광고,그룹PR,저농약 고추농장,조형물,옥외광고
옥외광고 2 (11),우동한그릇,서비스,음식 및 숙박,대중음식점,우동한그릇,음식점 매장광고,옥외광고
옥외광고 2 (110),오리 쌀농장,그룹 및 기업광고,그룹광고,그룹PR,오리 쌀농장,조형물,옥외광고
옥외광고 2 (111),부래미 동물나라,그룹 및 기업광고,그룹광고,그룹PR,부래미 동물나라,조형물,옥외광고
옥외광고 2 (112),부래미 사슴농장,그룹 및 기업광고,그룹광고,그룹PR,부래미 사슴농장,조형물,옥외광고
옥외광고 2 (114),(주)대우건설,"건설, 건재 및 부동산","건설, 건재 및 부동산 기타","건설,건재 및 부동산 기업PR",푸르지오아파트,외벽광고,옥외광고
옥외광고 2 (115),에센셜엔시아,"건설, 건재 및 부동산","건설, 건재 및 부동산 기타","건설,건재 및 부동산 기업PR",엔시아,,옥외광고
옥외광고 2 (116),벽산건설(주),"건설, 건재 및 부동산","건설, 건재 및 부동산 기타","건설,건재 및 부동산 기업PR",벽산아파트,외벽광고,옥외광고
옥외광고 2 (117),금강종합건설(주),"건설, 건재 및 부동산","건설, 건재 및 부동산 기타","건설,건재 및 부동산 기업PR",금강종합건설,외벽광고,옥외광고
옥외광고 2 (118),고려산업개발,"건설, 건재 및 부동산","건설, 건재 및 부동산 기타","건설,건재 및 부동산 기업PR",고려산업개발,외벽광고,옥외광고
옥외광고 2 (119),충남식당,서비스,음식 및 숙박,대중음식점,충남식당,음식점 매장광고,옥외광고
옥외광고 2 (12),우리그릇,가정용품,주방용품,유리 및 자기그릇,서울시 좋은간판상 - 은상,매장광고,옥외광고
옥외광고 2 (120),삼성전자(주),컴퓨터 및 정보통신,통신기기,휴대폰,2003 대한민국광고대상 금상,조형물,옥외광고
옥외광고 2 (121),네이버컴(주)한게임본부,컴퓨터 및 정보통신,통신정보서비스,인터넷서비스,판큰 타짜맞고로 갈아타셨습니다,지하철광고,옥외광고
옥외광고 2 (122),금강제화,"금융, 보험 및 증권",주식 및 유가증권,상품권,금강제화상품권,돌출간판,옥외광고
옥외광고 2 (123),(주)나이키스포츠,패션,패션 기타,패션 기업PR,나이키 레핑광고,지하철광고,옥외광고
옥외광고 2 (125),에스케이텔레콤(주),컴퓨터 및 정보통신,통신망,이동통신,TTL,이동통신 광고,옥외광고
옥외광고 2 (126),행복한 약국,유통,"소형, 소매유통",약국,행복한 약국,매장광고,옥외광고
옥외광고 2 (127),,그룹 및 기업광고,기타광고,기타기업 기타,보아,POP,옥외광고
옥외광고 2 (128),(주)두산건설,"건설, 건재 및 부동산","건설, 건재 및 부동산 기타","건설,건재 및 부동산 기업PR",두산위브,공사장 펜스,옥외광고
옥외광고 2 (129),코오롱건설(주),"건설, 건재 및 부동산","건설, 건재 및 부동산 기타","건설,건재 및 부동산 기업PR",하늘채,외벽광고,옥외광고
옥외광고 2 (13),주식회사한국주택은행,"금융, 보험 및 증권",금융 및 보험,은행,복권은 역시,옥상광고,옥외광고
옥외광고 2 (130),이수건설(주),"건설, 건재 및 부동산","건설, 건재 및 부동산 기타","건설,건재 및 부동산 기업PR",브라운스톤,공사장 펜스,옥외광고
옥외광고 2 (131),(주)케이티앤지,그룹 및 기업광고,그룹광고,그룹PR,,조형물,옥외광고
옥외광고 2 (132),(주)케이티앤지,그룹 및 기업광고,그룹광고,그룹PR,,지하철광고,옥외광고
옥외광고 2 (133),(주)케이티앤지,그룹 및 기업광고,그룹광고,그룹PR,상상예찬,지하철광고,옥외광고
옥외광고 2 (135),(주)케이티앤지,그룹 및 기업광고,그룹광고,그룹PR,상상예찬,지하철광고,옥외광고
옥외광고 2 (136),소니코리아(주),가정용 전기전자,영상기기,카메라,사이버샷,에어리어광고기법 이용,옥외광고
옥외광고 2 (137),소니코리아(주),가정용 전기전자,영상기기,카메라,사이버샷,지하철광고,옥외광고
옥외광고 2 (138),명인제약(주),제약 및 의료,"이비인후,치과 및 안과용제",구내염용제,잇몸병,택시광고,옥외광고
옥외광고 2 (139),스킬,산업기기,기계부품 및 공구,기계부품 및 공구,가정용 DIY공구,택시광고,옥외광고
옥외광고 2 (14),한화종합화학,"건설, 건재 및 부동산",건재,도벽 및 바닥재,참숯나라,옥상광고,옥외광고
옥외광고 2 (140),(재)한국원자력문화재단,관공서 및 단체,단체,공공단체,행복에너지,옥상광고,옥외광고
옥외광고 2 (141),(주)미켈란젤로,패션,캐주얼의류,캐주얼웨어,㈜미켈란젤로,차량광고,옥외광고
옥외광고 2 (142),아디다스코리아(주),패션,스포츠 전문복,스포츠웨어,지단,기둥광고,옥외광고
옥외광고 2 (143),(주)나이키스포츠,패션,스포츠 전문복,스포츠웨어,2003 대한민국광고대상 동상,지하철광고,옥외광고
옥외광고 2 (144),,서비스,문화 및 공연,영화,스캔들 영화홍보,버스광고,옥외광고
옥외광고 2 (145),모건,패션,캐주얼의류,캐주얼웨어,유투존 내부의 와이드컬러광고,이미지 광고,옥외광고
옥외광고 2 (146),유투존,그룹 및 기업광고,그룹광고,그룹PR,세일광고,배너광고,옥외광고
옥외광고 2 (147),엘지전자(주),가정용 전기전자,냉방 및 공기청정기,에어컨,2003 대한민국광고대상 우수상,야립광고,옥외광고
옥외광고 2 (148),(주)대우일렉트로닉스,그룹 및 기업광고,그룹광고,그룹PR,기업광고,야립광고,옥외광고
옥외광고 2 (15),(주)제너시스,서비스,음식 및 숙박,기타 프랜차이즈점,세상에서 가장 맛있는 치킨,옥상광고,옥외광고
옥외광고 2 (150),교보생명보험(주),그룹 및 기업광고,그룹광고,그룹PR,교보생명,성형사인,옥외광고
옥외광고 2 (152),(주)포스코건설,"건설, 건재 및 부동산","건설, 건재 및 부동산 기타","건설,건재 및 부동산 기업PR",더 샵 피에스타,차량래핑광고,옥외광고
옥외광고 2 (155),(주)나이키스포츠,패션,패션 기타,패션 기업PR,굴절버스 와이드광고,버스광고,옥외광고
옥외광고 2 (156),MIKIMOTO,패션,패션 기타,패션 기업PR,MIKIMOTO,현수막,옥외광고
옥외광고 2 (157),삼성전자(주),가정용 전기전자,가사용 전기전자,청소기,삼성 쎈청소기,버스광고,옥외광고
옥외광고 2 (158),(주)팬택,컴퓨터 및 정보통신,통신기기,휴대폰,스카이,옥상광고,옥외광고
옥외광고 2 (16),태평양지퍼,그룹 및 기업광고,그룹광고,그룹PR,세계인이 함께하는,옥상광고,옥외광고
옥외광고 2 (160),나무사이로,패션,패션 기타,패션 기업PR,서울시 2003 좋은간판상 금상,의류 매장광고,옥외광고
옥외광고 2 (161),스파게띠아,서비스,음식 및 숙박,대중음식점,서울시 2003 좋은간판상 은상,음식점 매장광고,옥외광고
옥외광고 2 (162),옥동,서비스,음식 및 숙박,대중음식점,서울시 2003 좋은간판상 은상,음식점 매장광고,옥외광고
옥외광고 2 (163),보리수,그룹 및 기업광고,그룹광고,그룹PR,서울시 2003 좋은간판상 동상,매장광고,옥외광고
옥외광고 2 (164),강아지세상,제약 및 의료,제약 및 의료 기타,제약 및 의료 기업PR,서울시 2003 좋은간판상 동상,애견센터광고,옥외광고
옥외광고 2 (165),아회,그룹 및 기업광고,그룹광고,그룹PR,서울시 2003 좋은간판상 동상,매장광고,옥외광고
옥외광고 2 (166),(주)엘지,그룹 및 기업광고,그룹광고,그룹PR,그룹 이미지광고,야립광고,옥외광고
옥외광고 2 (167),삼성전자(주),컴퓨터 및 정보통신,컴퓨터,노트북PC,센스 노트북,야립광고,옥외광고
옥외광고 2 (169),보건복지부,관공서 및 단체,단체,공공단체,희망2004이웃돕기 캠페인,야립광고,옥외광고
옥외광고 2 (17),(주)국민은행,"금융, 보험 및 증권",금융 및 보험,신용카드,고객의 MAIN카드,택시광고,옥외광고
옥외광고 2 (171),한국휴렛팩커드(유),컴퓨터 및 정보통신,컴퓨터 및 정보통신 기타,컴퓨터 및 정보통신 기업PR,프린터광고,,옥외광고
옥외광고 2 (172),LG건설,"건설, 건재 및 부동산","건설, 건재 및 부동산 기타","건설,건재 및 부동산 기업PR",LG양주 자이 아파트,차량광고,옥외광고
옥외광고 2 (173),동아오츠카주식회사,음료 및 기호식품,비알콜음료,비알콜음료 기타,포카리스웨트,야립광고,옥외광고
옥외광고 2 (174),(주)그라비티,그룹 및 기업광고,그룹광고,그룹PR,라그나로크 게임광고,버스광고,옥외광고
옥외광고 2 (175),(주)그라비티,그룹 및 기업광고,그룹광고,그룹PR,라그나로크 게임광고,버스광고,옥외광고
옥외광고 2 (177),메르세데스벤츠코리아(주),수송기기,수송기기 기타,수송기기 기업PR,벤츠,옥상광고,옥외광고
옥외광고 2 (178),(주)더페이스샵,화장품 및 보건용품,화장품 및 보건용품 기타,화장품 및 보건용품 기업PR,더 페이스샵,화장품 매장광고,옥외광고
옥외광고 2 (179),플레너스시네마서비스,서비스,문화 및 공연,영화,실미도 영화홍보,버스광고,옥외광고
옥외광고 2 (18),한국코카콜라보틀링,그룹 및 기업광고,그룹광고,그룹PR,코카콜라,자가용광고,옥외광고
옥외광고 2 (180),서울신문사,출판,신문,중앙신문,서울신문,택시광고,옥외광고
옥외광고 2 (181),국민일보주식회사,출판,신문,중앙신문,국민일보,버스광고,옥외광고
옥외광고 2 (182),증권거래소,그룹 및 기업광고,그룹광고,그룹PR,기업 이미지광고,공사장 펜스,옥외광고
옥외광고 2 (184),올림푸스한국(주),그룹 및 기업광고,그룹광고,그룹PR,올림푸스,전광판,옥외광고
옥외광고 2 (185),한국후지필름(주),그룹 및 기업광고,그룹광고,그룹PR,후지필름,옥상광고,옥외광고
옥외광고 2 (186),한국후지필름(주),가정용 전기전자,영상기기,카메라,파인픽스 카메라,옥상광고,옥외광고
옥외광고 2 (187),어깨동무,서비스,문화 및 공연,영화,영화홍보,버스광고,옥외광고
옥외광고 2 (188),(주)나이키스포츠,패션,패션 기타,패션 기업PR,나이키,지하철광고,옥외광고
옥외광고 2 (189),(주)나이키스포츠,패션,패션 기타,패션 기업PR,나이키,택시 쉘터광고,옥외광고
옥외광고 2 (19),에스케이텔레콤(주),그룹 및 기업광고,그룹광고,그룹PR,대한민국을 새롭게 하는 힘,LED광고,옥외광고
옥외광고 2 (192),제일모직(주),패션,캐주얼의류,캐주얼웨어,빈폴,의류 매장광고,옥외광고
옥외광고 2 (193),금강제화,패션,패션 기타,패션 기업PR,금강제화,매장광고,옥외광고
옥외광고 2 (194),동부건설(주),"건설, 건재 및 부동산","건설, 건재 및 부동산 기타","건설,건재 및 부동산 기업PR",센트레빌,외벽광고,옥외광고
옥외광고 2 (195),(주)두산건설,"건설, 건재 및 부동산","건설, 건재 및 부동산 기타","건설,건재 및 부동산 기업PR",두산 베어스타워,외벽광고,옥외광고
옥외광고 2 (196),롯데건설(주),"건설, 건재 및 부동산","건설, 건재 및 부동산 기타","건설,건재 및 부동산 기업PR",롯데캐슬,현수막,옥외광고
옥외광고 2 (197),한국 마스타푸드,식품,제과,초콜릿,도브초콜릿,베너거치대,옥외광고
옥외광고 2 (198),(주)두루넷,컴퓨터 및 정보통신,통신정보서비스,인터넷서비스,줘도 못 받냐,버스광고,옥외광고
옥외광고 2 (199),재미인터랙티브 ,컴퓨터 및 정보통신,컴퓨터S/W,컴퓨터 게임용S/W,인터넷게임 홍보,버스광고,옥외광고
옥외광고 2 (20),엠튜브,그룹 및 기업광고,기타광고,기타기업 기타,,지하철광고,옥외광고
옥외광고 2 (200),삼성전자(주),가정용 전기전자,냉방 및 공기청정기,공기 청정기,삼성 공기청정기,버스광고,옥외광고
옥외광고 2 (201),서울특별시,관공서 및 단체,중앙 및 지방 관공서,중앙관공서,꼭 투표합시다,에드벌룬,옥외광고
옥외광고 2 (202),,관공서 및 단체,단체,단체 기타,선거 홍보용 ,조형물,옥외광고
옥외광고 2 (203),,관공서 및 단체,단체,단체 기타,선거 홍보용 ,차량광고,옥외광고
옥외광고 2 (204),,관공서 및 단체,단체,단체 기타,선거 홍보용 ,차량광고,옥외광고
옥외광고 2 (205),,관공서 및 단체,단체,단체 기타,선거 홍보용 ,차량광고,옥외광고
옥외광고 2 (206),㈜예신피제이,패션,캐주얼의류,캐주얼웨어,회전식 기둥광고,지하철광고,옥외광고
옥외광고 2 (207),(주)두산타워사업부,유통,대형유통,의류테마점,,벽면 광고,옥외광고
옥외광고 2 (208),키즈포토,서비스,개인서비스,사진현상 및 인화,어린이 전용 스튜디오,사진관 광고,옥외광고
옥외광고 2 (21),미상,그룹 및 기업광고,기타광고,기타기업 기타,,지하철광고,옥외광고
옥외광고 2 (210),엘지전자(주),가정용 전기전자,주방용 전기전자,냉장고,디오스냉장고,서울역 천정배너광고,옥외광고
옥외광고 2 (211),(주)아모레퍼시픽,화장품 및 보건용품,여성 색조화장품,눈 및 입술 색조화장품,매끄러운 실크입술,지하철광고,옥외광고
옥외광고 2 (212),삼성전자(주),컴퓨터 및 정보통신,통신기기,휴대폰,애니콜,서울역 천정배너광고,옥외광고
옥외광고 2 (213),(주)케이티프리텔,그룹 및 기업광고,그룹광고,그룹PR,HAVE A GOOD TIME,옥상광고,옥외광고
옥외광고 2 (214),소니코리아(주),가정용 전기전자,영상기기,카메라,스파이더맨2 홍보,벽면광고,옥외광고
옥외광고 2 (215),소니코리아(주),가정용 전기전자,영상기기,카메라,스파이더맨2 홍보,벽면광고,옥외광고
옥외광고 2 (216),엘지칼텍스정유(주)여,기초재,"석탄,석유 및 가스",연료유,LG정유,주유소 광고,옥외광고
옥외광고 2 (217),야후코리아(주),컴퓨터 및 정보통신,통신정보서비스,인터넷서비스,야후,버스광고,옥외광고
옥외광고 2 (218),,서비스,문화 및 공연,영화,마이너리티리포트 영화홍보,버스래핑광고,옥외광고
옥외광고 2 (219),대덕건설(주),"건설, 건재 및 부동산","건설, 건재 및 부동산 기타","건설,건재 및 부동산 기업PR",기업PR,공사장 펜스,옥외광고
옥외광고 2 (220),PRETTY HOUSE,제약 및 의료,제약 및 의료 기타,제약 및 의료 기업PR,애견전문점,애견센터광고,옥외광고
옥외광고 2 (221),이윤희 치과,제약 및 의료,의료 및 보건기관,개인병원,이윤희 치과,병원광고,옥외광고
옥외광고 2 (223),뚜르뒤뱅,그룹 및 기업광고,그룹광고,그룹PR,와인전문점,동출간판,옥외광고
옥외광고 2 (224),텐두텐,그룹 및 기업광고,그룹광고,그룹PR,와인 치즈 전문점,음식점 매장광고,옥외광고
옥외광고 2 (225),비니위니,서비스,음식 및 숙박,제과점,제과점,제과점 매장광고,옥외광고
옥외광고 2 (226),(주)파리크라상,서비스,음식 및 숙박,기타 프랜차이즈점,,제과점 매장광고,옥외광고
옥외광고 2 (227),크라제버거,서비스,음식 및 숙박,패스트푸드점,유기농 햄버거 전문점,패스트푸드점 매장광고,옥외광고
옥외광고 2 (228),블루밍 가든,서비스,개인서비스,개인서비스 기타,화원,꽃집광고,옥외광고
옥외광고 2 (229),카페 몽마르뜨,서비스,음식 및 숙박,기타 프랜차이즈점,카페 몽마르뜨,매장광고,옥외광고
옥외광고 2 (23),동덕여자대학교,교육 및 복지후생,교육기관,대학대학원,동덕여대 다녀요,버스광고,옥외광고
옥외광고 2 (230),삼성화재해상보험(주),"금융, 보험 및 증권",금융 및 보험,손해보험,삼성애니카,야립광고,옥외광고
옥외광고 2 (231),파란,컴퓨터 및 정보통신,통신정보서비스,인터넷서비스,파란,버스,옥외광고
옥외광고 2 (232),청호나이스(주),가정용품,주방용품,정수기,2004 대한민국 광고대상 SP부문 금상,마네킹광고,옥외광고
옥외광고 2 (233),(주)나이키스포츠,패션,패션 기타,패션 기업PR,스피드캠페인 2탄,지하철광고,옥외광고
옥외광고 2 (234),(주)나이키스포츠,패션,패션 기타,패션 기업PR,스피드캠페인 2탄 - 2004 대한민국 광고대상 SP부문 은상,지하철광고,옥외광고
옥외광고 2 (235),한국코카콜라보틀링,음료 및 기호식품,비알콜음료,스포츠음료,파워에이드,버스쉘터광고,옥외광고
옥외광고 2 (237),롯데쇼핑(주)롯데시네마,그룹 및 기업광고,그룹광고,그룹PR,입점 홍보,공사장 펜스,옥외광고
옥외광고 2 (239),수크,패션,정장의류,숙녀정장,여성의류,의류 매장광고,옥외광고
옥외광고 2 (24),동양자동차학원,교육 및 복지후생,교육기관,기술 및 자격학원,동양자동차학원,LED,옥외광고
옥외광고 2 (240),로데오샵,패션,정장의류,숙녀정장,여성의류,의류 매장광고,옥외광고
옥외광고 2 (241),메텔,패션,정장의류,숙녀정장,여성의류,의류 매장광고,옥외광고
옥외광고 2 (242),렘45,패션,정장의류,숙녀정장,여성의류,의류 매장광고,옥외광고
옥외광고 2 (243),구멍가게,패션,정장의류,숙녀정장,여성의류,의류 매장광고,옥외광고
옥외광고 2 (244),타로,그룹 및 기업광고,그룹광고,그룹PR,,매장광고,옥외광고
옥외광고 2 (245),5펜스,패션,정장의류,숙녀정장,여성의류,의류 매장광고,옥외광고
옥외광고 2 (246),PRGR,패션,스포츠 전문복,골프복,골프웨어,의류 매장광고,옥외광고
옥외광고 2 (247),쪼끼쪼끼,서비스,음식 및 숙박,주점,호프,주점 매장광고,옥외광고
옥외광고 2 (248),(주)롯데닷컴,유통,"소형, 소매유통",편의점,세븐일레븐 편의점,편의점 매장광고,옥외광고
옥외광고 2 (249),메르세데스벤츠코리아(주),그룹 및 기업광고,그룹광고,그룹PR,벤츠이미지광고,자동차 매장광고,옥외광고
옥외광고 2 (25),에스케이텔레콤(주),그룹 및 기업광고,그룹광고,그룹PR,SK텔레콤,옥상광고,옥외광고
옥외광고 2 (250),불가리,화장품 및 보건용품,방향 화장품,성인용 향수,향수광고,배너거치대,옥외광고
옥외광고 2 (251),한국코카콜라보틀링,음료 및 기호식품,비알콜음료,스포츠음료,파워에이드,버스광고,옥외광고
옥외광고 2 (252),현대카드(주),"금융, 보험 및 증권",금융 및 보험,신용카드,현대카드M,버스광고,옥외광고
옥외광고 2 (253),삼성케녹스,가정용 전기전자,영상기기,카메라,카메라,기둥광고,옥외광고
옥외광고 2 (254),삼성케녹스,그룹 및 기업광고,그룹광고,그룹PR,,베너광고,옥외광고
옥외광고 2 (255),한국방송미술진흥원,그룹 및 기업광고,그룹광고,그룹PR,이미지광고,외벽광고,옥외광고
옥외광고 2 (256),엘지전자(주),그룹 및 기업광고,그룹광고,그룹PR,인천공항 조형물,조형물,옥외광고
옥외광고 2 (257),(주)신한은행,그룹 및 기업광고,그룹광고,그룹PR,코엑스몰 바닥광고,바닥광고,옥외광고
옥외광고 2 (258),엠파스 ,컴퓨터 및 정보통신,통신정보서비스,인터넷서비스,강호동 신맞고 홍보,버스광고,옥외광고
옥외광고 2 (259),,그룹 및 기업광고,그룹광고,그룹PR,가장 행복하고 특별한날~,음식점 매장광고,옥외광고
옥외광고 2 (26),더 플레어,그룹 및 기업광고,그룹광고,그룹PR,Bar,주점 매장광고,옥외광고
옥외광고 2 (260),허수아비,서비스,음식 및 숙박,대중음식점,돈까스전문점,음식점 매장광고,옥외광고
옥외광고 2 (261),나니와,서비스,음식 및 숙박,대중음식점,일본우동 전문점,베너실사출력,옥외광고
옥외광고 2 (262),파리바게뜨,서비스,음식 및 숙박,제과점,제과점,제과점 매장광고,옥외광고
옥외광고 2 (263),(주)크라운베이커리,서비스,음식 및 숙박,제과점,제과점,제과점 매장광고,옥외광고
옥외광고 2 (264),씨제이 푸드빌(주),서비스,음식 및 숙박,제과점,뚜레주르 제과점,제과점 매장광고,옥외광고
옥외광고 2 (265),삼성전자(주),그룹 및 기업광고,그룹광고,그룹PR,에니콜 조형물,조형물,옥외광고
옥외광고 2 (266),서울특별시,관공서 및 단체,중앙 및 지방 관공서,지방자치단체,대중교통이용 - 에너지절약홍보,버스광고,옥외광고
옥외광고 2 (267),행복한날개,그룹 및 기업광고,그룹광고,그룹PR,웨딩샵 - 경북 제9회 광고물대상 공모전 대상,조형물,옥외광고
옥외광고 2 (268),(주)케이티앤지,그룹 및 기업광고,그룹광고,그룹PR,브랜드스테이션광고 - 2004 대한민국 광고대상 SP부문 동상,지하철광고,옥외광고
옥외광고 2 (269),씨제이 푸드빌(주),서비스,음식 및 숙박,기타 프랜차이즈점,투썸플레이스 사인디자인,매장광고,옥외광고
옥외광고 2 (27),씨스페이스,유통,"소형, 소매유통",편의점,편의점,편의점 매장광고,옥외광고
옥외광고 2 (270),(주)대림건설,"건설, 건재 및 부동산","건설, 건재 및 부동산 기타","건설,건재 및 부동산 기업PR",e-편한세상,버스광고,옥외광고
옥외광고 2 (271),(주)금호건설,"건설, 건재 및 부동산","건설, 건재 및 부동산 기타","건설,건재 및 부동산 기업PR", 2004 대한민국 광고대상 SP부문 우수상(행자부장관상),조형물,옥외광고
옥외광고 2 (272),포천시,관공서 및 단체,중앙 및 지방 관공서,지방자치단체, 송우가구거리 상징조형물 - 2004 대한민국 광고대상 SP부문 우수상(행자부장관상),광고탑,옥외광고
옥외광고 2 (273),캔디메이크업,그룹 및 기업광고,그룹광고,그룹PR, 2004 대한민국 광고대상 SP부문 우수상(행자부장관상),매장광고,옥외광고
옥외광고 2 (274),김천시,관공서 및 단체,중앙 및 지방 관공서,지방자치단체,직지문화공원 안내사인 -  2004 대한민국 광고대상 SP부문 우수상(행자부장관상),안내사인,옥외광고
옥외광고 2 (275),영덕군,관공서 및 단체,중앙 및 지방 관공서,지방자치단체,2004 대한민국 광고대상 SP부문 우수상(행자부장관상),일출상징탑 ,옥외광고
옥외광고 2 (276),(주)우리홈쇼핑,유통,특수유통,홈쇼핑,서울역 KTX광장 내 광고탑,광고탑,옥외광고
옥외광고 2 (277),국립중앙박물관,그룹 및 기업광고,그룹광고,그룹PR,용산 이전 홍보,현수막,옥외광고
옥외광고 2 (278),삼성전자(주),가정용 전기전자,영상기기,TV,파브,,옥외광고
옥외광고 2 (279),코엑스 면세점,그룹 및 기업광고,그룹광고,그룹PR,국내최초 라운드형 대형 전광판,옥상광고,옥외광고
옥외광고 2 (28),뉴질랜드 내츄럴 아이스크림,서비스,음식 및 숙박,아이스크림 체인점,아이스크림가게,플렉스,옥외광고
옥외광고 2 (280),삼성전자(주),컴퓨터 및 정보통신,통신기기,휴대폰,애니콜,지하철광고,옥외광고
옥외광고 2 (281),삼성전자(주),컴퓨터 및 정보통신,컴퓨터,데스크탑PC,싱크마스터,버스광고,옥외광고
옥외광고 2 (282),시네마OK,그룹 및 기업광고,그룹광고,그룹PR, 2004 대한민국 광고대상 SP부문 우수상(행자부장관상),영화홍보,옥외광고
옥외광고 2 (284),(주)엘지생활건강,화장품 및 보건용품,모발 및 목욕용제,"샴푸, 린스",더블리치,옥상광고,옥외광고
옥외광고 2 (285),(주)케이티,그룹 및 기업광고,그룹광고,그룹PR,Let s KT,공사장 펜스,옥외광고
옥외광고 2 (286),(주)케이티,그룹 및 기업광고,그룹광고,그룹PR,"KT, KTRD",공사장 펜스,옥외광고
옥외광고 2 (288),휠라코리아(주),패션,스포츠 전문복,스포츠웨어,필라매장,톨출사인,옥외광고
옥외광고 2 (289),티니위니,패션,캐주얼의류,캐주얼웨어,,캐릭터 성형사인,옥외광고
옥외광고 2 (29),에리어식스,유통,대형유통,의류테마점,의류종합상가,채널사인,옥외광고
옥외광고 2 (290),(주)연승어패럴,패션,캐주얼의류,캐주얼웨어,,의류 매장광고,옥외광고
옥외광고 2 (291),리바이스트라우스코리아(주),패션,캐주얼의류,진웨어,,의류 매장광고,옥외광고
옥외광고 2 (292),폴프랭크,패션,캐주얼의류,캐주얼웨어,통유리 파사드에 내부 플렉스 간판 설치,의류 매장광고,옥외광고
옥외광고 2 (293),DOHC,패션,캐주얼의류,캐주얼웨어,통유리 파사드,의류 매장광고,옥외광고
옥외광고 2 (294),게스,패션,캐주얼의류,캐주얼웨어,,의류 매장광고,옥외광고
옥외광고 2 (295),엘록,패션,캐주얼의류,캐주얼웨어,,의류 매장광고,옥외광고
옥외광고 2 (296),립톤,음료 및 기호식품,기호식품,기호식품 기타,커피로도 녹차로도,코엑스몰 바닥광고,옥외광고
옥외광고 2 (298),미샤,화장품 및 보건용품,여성 기초화장품,여성 일반기초화장품,,지하철광고,옥외광고
옥외광고 2 (299),(주)쇼박스,서비스,문화 및 공연,영화,말아톤 영화홍보,버스광고,옥외광고
옥외광고 2 (3),SK(주),"금융, 보험 및 증권",금융 및 보험,신용카드,앤트랙카드,버스광고,옥외광고
옥외광고 2 (30),엘지화재해상보헙(주),"금융, 보험 및 증권",금융 및 보험,손해보험,자동차보험,택시광고,옥외광고
옥외광고 2 (300),켈빈클라인,패션,캐주얼의류,캐주얼웨어,,의류 매장광고,옥외광고
옥외광고 2 (301),마루,패션,캐주얼의류,캐주얼웨어,,의류 매장광고,옥외광고
옥외광고 2 (302),카파,패션,캐주얼의류,캐주얼웨어,투명시트지 사용,의류 매장광고,옥외광고
옥외광고 2 (303),크리스피도넛,서비스,음식 및 숙박,제과점,신촌 아시아1호점,네온사인,옥외광고
옥외광고 2 (304),함평군,관공서 및 단체,중앙 및 지방 관공서,지방자치단체,"2008 나비, 곤충엑스포 홍보",차량래핑광고,옥외광고
옥외광고 2 (305),(주)아모레퍼시픽,화장품 및 보건용품,화장품 및 보건용품 기타,화장품 및 보건용품 기업PR,라네즈 코엑스몰 , 기둥광고,옥외광고
옥외광고 2 (306),EA SPORTS,컴퓨터 및 정보통신,컴퓨터S/W,컴퓨터 게임용S/W,반지의제왕 게임홍보,POP,옥외광고
옥외광고 2 (307),(주)오리온,식품,제과,스낵,제품홍보,POP,옥외광고
옥외광고 2 (308),월트디즈니컴패니코리아(주),출판,여가용 S/W,영화용 S/W,알라딘 DVD홍보,POP,옥외광고
옥외광고 2 (309),미상,서비스,문화 및 공연,영화,영화홍보용 스탠디,영화홍보용 스탠디,옥외광고
옥외광고 2 (31),한진택배,서비스,운송,특급운송서비스,한진택배,지하철광고,옥외광고
옥외광고 2 (310),플레너스시네마서비스,서비스,문화 및 공연,영화,실미도 영화홍보용 스탠디,영화홍보용 스탠디,옥외광고
옥외광고 2 (311),에스케이텔레콤(주),그룹 및 기업광고,그룹광고,그룹PR,모바일게임 홍보,모형광고,옥외광고
옥외광고 2 (312),엔프라니(주),화장품 및 보건용품,남성 화장품,남성 기초화장품,"문대성,한판붙자",현수막,옥외광고
옥외광고 2 (313),(주)엘지생활건강,화장품 및 보건용품,모발 및 목욕용제,"샴푸, 린스",엘라스틴광고,엘리베이터 래핑광고,옥외광고
옥외광고 2 (314),(주)엘지생활건강,화장품 및 보건용품,모발 및 목욕용제,"샴푸, 린스",엘라스틴광고,벽면래핑광고,옥외광고
옥외광고 2 (319),(주)성창에프엔디,그룹 및 기업광고,그룹광고,그룹PR,밀리오레 건물외벽의 메인 현수막,현수막,옥외광고
옥외광고 2 (32),BMW,그룹 및 기업광고,그룹광고,그룹PR,BMW,배너게시대,옥외광고
옥외광고 2 (320),(주)두산타워사업부,그룹 및 기업광고,그룹광고,그룹PR,두타 외벽광고,실사출력,옥외광고
옥외광고 2 (321),(주)성창에프엔디,그룹 및 기업광고,그룹광고,그룹PR,밀리오레 가로등 배너광고,배너광고,옥외광고
옥외광고 2 (322),(주)두산타워사업부,그룹 및 기업광고,그룹광고,그룹PR,외벽 대형 현수막 광고,현수막,옥외광고
옥외광고 2 (323),(주)두산타워사업부,그룹 및 기업광고,그룹광고,그룹PR,가로등 배너광고,배너광고,옥외광고
옥외광고 2 (324),(주)케이티프리텔,그룹 및 기업광고,그룹광고,그룹PR,신규가입은 KTF로,현수막,옥외광고
옥외광고 2 (325),(주)엘지텔레콤,그룹 및 기업광고,그룹광고,그룹PR,Phone&fun 매장,매장광고,옥외광고
옥외광고 2 (326),소니코리아(주),그룹 및 기업광고,그룹광고,그룹PR,PSP광고,지하철광고,옥외광고
옥외광고 2 (327),씨제이(주),식품,대용식품,즉석밥 및 즉석죽,햇반,옥상광고,옥외광고
옥외광고 2 (328),에스케이텔레콤(주),컴퓨터 및 정보통신,통신망,이동통신,TU,지하철광고,옥외광고
옥외광고 2 (329),에스케이텔레콤(주),컴퓨터 및 정보통신,통신망,이동통신,구로CGV TU광고,래핑광고,옥외광고
옥외광고 2 (33),에스케이텔레콤(주),컴퓨터 및 정보통신,통신망,이동통신,ting,에드벌룬,옥외광고
옥외광고 2 (330),에스케이텔레콤(주),컴퓨터 및 정보통신,통신망,이동통신,TU,버스광고,옥외광고
옥외광고 2 (331),에스케이텔레콤(주),컴퓨터 및 정보통신,통신망,이동통신,상암CGV TU광고,래핑광고,옥외광고
옥외광고 2 (332),에스케이텔레콤(주),컴퓨터 및 정보통신,통신망,이동통신,,버스쉘터광고,옥외광고
옥외광고 2 (334),(주)제일은행,"금융, 보험 및 증권",금융 및 보험,은행,CI변경전 간판,은행 광고,옥외광고
옥외광고 2 (335),(주)우리은행,"금융, 보험 및 증권",금융 및 보험,은행,365 OK코너,은행 광고,옥외광고
옥외광고 2 (336),에스케이건설(주),"건설, 건재 및 부동산","건설, 건재 및 부동산 기타","건설,건재 및 부동산 기업PR",VIEW,외벽광고,옥외광고
옥외광고 2 (337),(주)롯데리아,서비스,음식 및 숙박,패스트푸드점,롯데리아 명일 드라이브점,유리창 광고,옥외광고
옥외광고 2 (338),다인,서비스,개인서비스,개인서비스 기타,전통찻집,찻집광고,옥외광고
옥외광고 2 (339),판,그룹 및 기업광고,그룹광고,그룹PR,레코드점,음반매장광고,옥외광고
옥외광고 2 (34),(주)현대오토넷지점,그룹 및 기업광고,그룹광고,그룹PR,현대오토넷,경기장광고,옥외광고
옥외광고 2 (340),돌대,서비스,음식 및 숙박,대중음식점,음식점,음식점 매장광고,옥외광고
옥외광고 2 (341),너비집,서비스,음식 및 숙박,대중음식점,음식점,음식점 매장광고,옥외광고
옥외광고 2 (342),그린로즈,서비스,개인서비스,개인서비스 기타,네일아트,매장광고,옥외광고
옥외광고 2 (343),새벽포차,서비스,음식 및 숙박,주점,실내포장마차,주점 매장광고,옥외광고
옥외광고 2 (344),응접실,그룹 및 기업광고,그룹광고,그룹PR,응접실,기업광고,옥외광고
옥외광고 2 (345),곰솥집,서비스,음식 및 숙박,대중음식점,곰솥집,음식점 매장광고,옥외광고
옥외광고 2 (346),안경만들기,정밀기기 및 사무기기,이광학기기,안경 및 콘택트렌즈,,조형물,옥외광고
옥외광고 2 (347),풍동연탄갈비,서비스,음식 및 숙박,대중음식점,음식점,음식점 매장광고,옥외광고
옥외광고 2 (348),(주)오리온,식품,제과,스낵,포카칩 - 동대문운동장역 래핑광고,지하철광고,옥외광고
옥외광고 2 (349),서울특별시,그룹 및 기업광고,그룹광고,그룹PR,서울숲 홍보,기둥광고,옥외광고
옥외광고 2 (35),삼성전자(주),그룹 및 기업광고,그룹광고,그룹PR,애니콜,경기장광고,옥외광고
옥외광고 2 (350),농협협동조합중앙회,"금융, 보험 및 증권",금융 및 보험,은행,,은행 광고,옥외광고
옥외광고 2 (351),기아자동차(주),수송기기,승용자동차,지프,카이런 홍보,애드벌룬,옥외광고
옥외광고 2 (352),한국화이자제약(주),제약 및 의료,근육 및 신경통제,근육통제,벨로택시 래핑광고,볼타렌광고,옥외광고
옥외광고 2 (353),유한킴벌리(주),화장품 및 보건용품,가정 및 보건용 제지,생리대,화이트광고 ,오토바이광고,옥외광고
옥외광고 2 (354),인토외식산업,서비스,음식 및 숙박,대중음식점,화로연,음식점 매장광고,옥외광고
옥외광고 2 (355),원앤원(주),서비스,음식 및 숙박,대중음식점,퐁립,음식점 매장광고,옥외광고
옥외광고 2 (356),화사랑,서비스,음식 및 숙박,음식 및 숙박 기타,전통찻집,찻집광고,옥외광고
옥외광고 2 (357),RMG,패션,캐주얼의류,캐주얼웨어,여성의류,의류 매장광고,옥외광고
옥외광고 2 (358),Kings Road,패션,캐주얼의류,캐주얼웨어,여성의류,의류 매장광고,옥외광고
옥외광고 2 (359),Opt Jeans,패션,캐주얼의류,진웨어,캐쥬얼웨어,의류 매장광고,옥외광고
옥외광고 2 (36),로또,그룹 및 기업광고,그룹광고,그룹PR,로또 6/45,옥상광고,옥외광고
옥외광고 2 (360),Coin,서비스,음식 및 숙박,음식 및 숙박 기타,까페,돌출사인,옥외광고
옥외광고 2 (361),번버스터,그룹 및 기업광고,그룹광고,그룹PR,의류매장,의류 매장광고,옥외광고
옥외광고 2 (362),연수상회,그룹 및 기업광고,그룹광고,그룹PR,학교종이 땡땡땡 - 이색체험전시회,기업광고,옥외광고
옥외광고 2 (363),해태,그룹 및 기업광고,그룹광고,그룹PR,학교종이 땡땡땡 - 이색체험전시회,돌출사인,옥외광고
옥외광고 2 (364),(주)미원,식품,조미향신료,조미료,학교종이 땡땡땡 - 이색체험전시회,POP,옥외광고
옥외광고 2 (365),주일집,서비스,음식 및 숙박,대중음식점,학교종이 땡땡땡 - 이색체험전시회,기업광고,옥외광고
옥외광고 2 (366),미상,관공서 및 단체,관공서 및 단체 기타,관공서 및 단체 기업PR,학교종이 땡땡땡 - 이색체험전시회,기업광고,옥외광고
옥외광고 2 (367),형제상회,그룹 및 기업광고,그룹광고,그룹PR,학교종이 땡땡땡 - 이색체험전시회,기업광고,옥외광고
옥외광고 2 (368),영진 만화가게,그룹 및 기업광고,그룹광고,그룹PR,학교종이 땡땡땡 - 이색체험전시회,기업광고,옥외광고
옥외광고 2 (369),(주)예지미인,화장품 및 보건용품,가정 및 보건용 제지,생리대,예지미인,지하철광고,옥외광고
옥외광고 2 (37),미상,서비스,문화 및 공연,영화,클래식,지하철광고,옥외광고
옥외광고 2 (370),대림산업(주),수송기기,오토바이,소형오토바이,혼다 스쿠터,버스광고,옥외광고
옥외광고 2 (371),하이얼전자판매(주),가정용 전기정자,냉방 및 공기청정기,에어컨,하이얼 에어컨,버스광고,옥외광고
옥외광고 2 (372),스파이,그룹 및 기업광고,그룹광고,그룹PR,신발매장,매장광고,옥외광고
옥외광고 2 (373),if studio,서비스,개인서비스,사진현상 및 인화,사진관,사진관 광고,옥외광고
옥외광고 2 (374),City,그룹 및 기업광고,그룹광고,그룹PR,악기점,음반매장광고,옥외광고
옥외광고 2 (377),달마을,그룹 및 기업광고,그룹광고,그룹PR,주점,주점 매장광고,옥외광고
옥외광고 2 (378),굴뚝집,서비스,음식 및 숙박,대중음식점,음식점,음식점 매장광고,옥외광고
옥외광고 2 (379),인디안,그룹 및 기업광고,그룹광고,그룹PR,가죽공방,의류 매장광고,옥외광고
옥외광고 2 (38),제이엠의원,제약 및 의료,의료 및 보건기관,개인병원,제이엠의원,지하철광고,옥외광고
옥외광고 2 (380),flora,그룹 및 기업광고,그룹광고,그룹PR,,매장광고,옥외광고
옥외광고 2 (381),BEANIEBABIES,그룹 및 기업광고,그룹광고,그룹PR,팬시점,매장광고,옥외광고
옥외광고 2 (382),야단,서비스,음식 및 숙박,주점,주점,주점 매장광고,옥외광고
옥외광고 2 (383),신떡,서비스,음식 및 숙박,대중음식점,떡뽁이집,음식점 매장광고,옥외광고
옥외광고 2 (384),(주)두산버거킹사업부,서비스,음식 및 숙박,패스트푸드점,,돌출사인,옥외광고
옥외광고 2 (385),푸마,패션,스포츠 전문복,스포츠웨어,,의류 매장광고,옥외광고
옥외광고 2 (386),OCEAN PARADISE,그룹 및 기업광고,그룹광고,그룹PR,성인오락실,매장광고,옥외광고
옥외광고 2 (387),아로아치킨,서비스,음식 및 숙박,대중음식점,치킨점,매장광고,옥외광고
옥외광고 2 (388),캘빈클라인,패션,캐주얼의류,진웨어,CGV강변 내부광고,벽면래핑광고,옥외광고
옥외광고 2 (389),(주)한국스탠다드차타드제일은행,"금융, 보험 및 증권",금융 및 보험,은행,출범 홍보,실사출력,옥외광고
옥외광고 2 (39),(주)케이티프리텔,그룹 및 기업광고,그룹광고,그룹PR,KTF,건물외벽래핑,옥외광고
옥외광고 2 (390),미니골드,패션,패션 기타,패션 기업PR,악세사리점,쥬얼리 매장광고,옥외광고
옥외광고 2 (391),쿠아,패션,정장의류,숙녀정장,의류매장,의류 매장광고,옥외광고
옥외광고 2 (392),(주)한국스탠다드차타드제일은행,"금융, 보험 및 증권",금융 및 보험,은행,,외벽광고,옥외광고
옥외광고 2 (393),파리바게뜨,서비스,음식 및 숙박,제과점,김삼순 모형광고,POP,옥외광고
옥외광고 2 (394),sk에너지(주),그룹 및 기업광고,그룹광고,그룹PR,,버스광고,옥외광고
옥외광고 2 (395),돈까스 참 잘하는 집,서비스,음식 및 숙박,대중음식점,식당,음식점 매장광고,옥외광고
옥외광고 2 (396),의류나라 의류천국,패션,캐주얼의류,캐주얼웨어,의류매장,의류 매장광고,옥외광고
옥외광고 2 (397),낙지대학떡볶기과,서비스,음식 및 숙박,대중음식점,분식점,음식점 매장광고,옥외광고
옥외광고 2 (398),로즈버드,서비스,음식 및 숙박,음식 및 숙박 기타,커피,찻집광고,옥외광고
옥외광고 2 (399),신촌영양센터,서비스,음식 및 숙박,대중음식점,음식점,음식점 매장광고,옥외광고
옥외광고 2 (4),(주)엘지화학,"건설, 건재 및 부동산",건재,도벽 및 바닥재,LG 나무와 돌,지하철광고,옥외광고
옥외광고 2 (40),에스에프클리닉,제약 및 의료,의료 및 보건기관,개인병원,성형외과,포스터,옥외광고
옥외광고 2 (401),태풍,서비스,문화 및 공연,영화,영화홍보,버스광고,옥외광고
옥외광고 2 (402),대우증권(주),"금융, 보험 및 증권","금융, 보험 및 증권기타","금융,보험 및 증권 기업PR",CI변경 후 간판,기업광고,옥외광고
옥외광고 2 (403),OMELETTO,서비스,음식 및 숙박,대중음식점,음식점,음식점 매장광고,옥외광고
옥외광고 2 (404),해피테이블,서비스,음식 및 숙박,대중음식점,음식점,음식점 매장광고,옥외광고
옥외광고 2 (405),양파주머니,패션,캐주얼의류,캐주얼웨어,의류매장,의류 매장광고,옥외광고
옥외광고 2 (406),SWISS PURE,화장품 및 보건용품,여성 기초화장품,여성 일반기초화장품,,화장품 매장광고,옥외광고
옥외광고 2 (407),(주)더베이직하우스,패션,캐주얼의류,캐주얼웨어,의류매장,의류 매장광고,옥외광고
옥외광고 2 (408),무,서비스,음식 및 숙박,주점,주점,조형간판,옥외광고
옥외광고 2 (409),OMK자전거,수송기기,자전거,자전거,자전거 판매업소,조형간판,옥외광고
옥외광고 2 (41),평창군,관공서 및 단체,중앙 및 지방 관공서,지방자치단체,동계올림픽유치홍보,옥상광고,옥외광고
옥외광고 2 (410),OLD&NEW,서비스,음식 및 숙박,주점,BAR,조형간판,옥외광고
옥외광고 2 (411),방앗간,정밀기기 및 사무기기,정밀기기 및 사무기기 기타,정밀기기 및 사무기기 기업PR,패션소품,조형간판,옥외광고
옥외광고 2 (412),버팔로,서비스,음식 및 숙박,대중음식점,음식점,조형간판,옥외광고
옥외광고 2 (413),RISING,패션,캐주얼의류,캐주얼웨어,의류매장,조형간판,옥외광고
옥외광고 2 (414),vitamin Factory,그룹 및 기업광고,그룹광고,그룹PR,까페,조형간판,옥외광고
옥외광고 2 (415),캔버스,패션,패션 기타,패션 기업PR,신발가게,매장광고,옥외광고
옥외광고 2 (416),아디다스코리아(주),패션,패션 기타,패션 기업PR,스포츠웨어,매장광고,옥외광고
옥외광고 2 (417),(주)아모레퍼시픽,화장품 및 보건용품,화장품 및 보건용품 기타,화장품 및 보건용품 기업PR,THE ETUDE HOUSE,화장품 매장광고,옥외광고
옥외광고 2 (418),금천구,관공서 및 단체,중앙 및 지방 관공서,지방자치단체,공공기관 최초의 래핑광고,버스래핑광고,옥외광고
옥외광고 2 (419),한국코카콜라보틀링,음료 및 기호식품,비알콜음료,콜라,북극곰,벽면 래핑광고,옥외광고
옥외광고 2 (42),평창군,관공서 및 단체,중앙 및 지방 관공서,지방자치단체,동계올림픽유치홍보,입간판,옥외광고
옥외광고 2 (420),삼성생명보험(주),그룹 및 기업광고,그룹광고,그룹PR,국내최대 네온 빌보드,옥상광고,옥외광고
옥외광고 2 (421),사과반쪽,패션,정장의류,숙녀정장,2005 서울시 좋은간판 금상,조형간판,옥외광고
옥외광고 2 (422),꽃밭에서,그룹 및 기업광고,그룹광고,그룹PR,2005 서울시 좋은간판 장려상,매장광고,옥외광고
옥외광고 2 (423),(주)민들레영토,서비스,음식 및 숙박,대중음식점,2005 서울시 좋은간판 장려상,음식점 매장광고,옥외광고
옥외광고 2 (424),서울종묘농약,그룹 및 기업광고,그룹광고,그룹PR,2005 서울시 좋은간판 장려상,돌출광고,옥외광고
옥외광고 2 (425),윤 우리옷,패션,정장의류,한복,2005 서울시 좋은간판 장려상,의류 매장광고,옥외광고
옥외광고 2 (426),영원한 미소,교육 및 복지후생,교육기관,취미 및 레저학원,2005 서울시 좋은간판 장려상,학원광고,옥외광고
옥외광고 2 (427),"허브,감탄",서비스,음식 및 숙박,대중음식점,2005 서울시 좋은간판 동상,음식점 매장광고,옥외광고
옥외광고 2 (428),하늘이슬,그룹 및 기업광고,그룹광고,그룹PR,2005 서울시 좋은간판 동상,돌출간판,옥외광고
옥외광고 2 (429),김미자 우리옷,패션,정장의류,한복,2005 서울시 좋은간판 동상,의류 매장광고,옥외광고
옥외광고 2 (43),산업자원부,관공서 및 단체,단체,공공단체,에너지절약,옥상광고,옥외광고
옥외광고 2 (430),가야랑,서비스,음식 및 숙박,대중음식점,2005 서울시 좋은간판 은상,음식점 매장광고,옥외광고
옥외광고 2 (431),장식가게고리,가정용품,가구류,가정용 가구,2005 서울시 좋은간판 은상,가구 매장광고,옥외광고
옥외광고 2 (433),삼성전자(주),그룹 및 기업광고,그룹광고,그룹PR,애니콜,이동통신 광고,옥외광고
옥외광고 2 (434),보성군청,관공서 및 단체,중앙 및 지방 관공서,지방자치단체,도민체전개최 홍보,조형물,옥외광고
옥외광고 2 (435),잡부산,그룹 및 기업광고,그룹광고,그룹PR,계단 래핑광고,지하철광고,옥외광고
옥외광고 2 (436),SK(주),그룹 및 기업광고,그룹광고,그룹PR,이미지월,기업광고,옥외광고
옥외광고 2 (437),sk에너지(주),그룹 및 기업광고,그룹광고,그룹PR,주유소광고,캐노피,옥외광고
옥외광고 2 (438),코오롱건설(주),"건설, 건재 및 부동산","건설, 건재 및 부동산 기타","건설,건재 및 부동산 기업PR",코오롱 하늘채,지하철광고,옥외광고
옥외광고 2 (439),에스케이텔레콤(주),그룹 및 기업광고,그룹광고,그룹PR,,돌출간판 외곽의 LED전광판,옥외광고
옥외광고 2 (44),SK농구단,그룹 및 기업광고,그룹광고,그룹PR,SK BIGS,경기장 바닥광고,옥외광고
옥외광고 2 (440),(사)한국농구연맹,그룹 및 기업광고,그룹광고,그룹PR,프로농구,옥상광고,옥외광고
옥외광고 2 (441),롯데제과(주),식품,제과,껌,자일리톨 홍보,POP,옥외광고
옥외광고 2 (442),동원산업(주),식품,대용식품,즉석밥 및 즉석죽,밤단팥죽 홍보,POP,옥외광고
옥외광고 2 (443),(주)롯데햄,식품,축산품,햄 및 소시지,키스틱 홍보,POP,옥외광고
옥외광고 2 (444),이십세기폭스코리아(주),서비스,문화 및 공연,영화,스타워즈3 홍보,POP,옥외광고
옥외광고 2 (445),한국존슨(주),제약 및 의료,"백신,구충 및 살충제",살충제 및 방충제,에프킬라 홍보,POP,옥외광고
옥외광고 2 (446),엘지전자(주),컴퓨터 및 정보통신,통신기기,휴대폰,싸이언 조형물,조형물,옥외광고
옥외광고 2 (447),삼성전자(주),컴퓨터 및 정보통신,컴퓨터,데스크탑PC,X NOTE,지하철광고,옥외광고
옥외광고 2 (448),(주)한국마이크로소프트,그룹 및 기업광고,그룹광고,그룹PR,WINDOWS XP,지하철광고,옥외광고
옥외광고 2 (449),광명돔경륜장,그룹 및 기업광고,그룹광고,그룹PR,대한민국NO.1돔,지하철 래핑광고,옥외광고
옥외광고 2 (45),농협협동조합중앙회,"금융, 보험 및 증권","금융, 보험 및 증권기타","금융,보험 및 증권 기업PR",외환거래 농협과 함께 하세요,지하철광고,옥외광고
옥외광고 2 (450),광명돔경륜장,그룹 및 기업광고,그룹광고,그룹PR,기업PR,차량래핑광고,옥외광고
옥외광고 2 (451),광명돔경륜장,그룹 및 기업광고,그룹광고,그룹PR,기업PR,지하철 래핑광고,옥외광고
옥외광고 2 (452),소니코리아(주),그룹 및 기업광고,그룹광고,그룹PR,기업PR,브라비아 지하철래핑광고,옥외광고
옥외광고 2 (453),에스케이텔레콤(주),그룹 및 기업광고,그룹광고,그룹PR,SK텔레콤 매장,LED디스플레이 광고,옥외광고
옥외광고 2 (454),이벤트케익,서비스,음식 및 숙박,제과점,,조형간판,옥외광고
옥외광고 2 (455),소니코리아(주),그룹 및 기업광고,그룹광고,그룹PR,대리점 간판,매장광고,옥외광고
옥외광고 2 (456),애플코리아(주),유통,"소형, 소매유통",전자대리점,코엑스몰,전자제품 매장광고,옥외광고
옥외광고 2 (457),(주)아이리버,유통,"소형, 소매유통",전자대리점,코엑스몰,전자제품 매장광고,옥외광고
옥외광고 2 (458),삼성전자(주),서비스,개인서비스,개인서비스 기타,복합멀티체험관 M ZONE,매장광고,옥외광고
옥외광고 2 (459),아디다스코리아(주),패션,스포츠 전문복,스포츠웨어,코엑스몰,의류 매장광고,옥외광고
옥외광고 2 (46),(주)케이티,그룹 및 기업광고,그룹광고,그룹PR,Dream with KT,건물외벽래핑,옥외광고
옥외광고 2 (460),제일모직(주),패션,캐주얼의류,캐주얼웨어,의류매장,의류광고,옥외광고
옥외광고 2 (461),삼성전자(주),가정용 전기전자,영상기기,TV,파브 ,건물외벽 래핑광고,옥외광고
옥외광고 2 (462),냄비근성,서비스,음식 및 숙박,대중음식점,음식점,음식점 매장광고,옥외광고
옥외광고 2 (463),금호아시아나그룹,그룹 및 기업광고,그룹광고,그룹PR,사명 변경후 간판,기업광고,옥외광고
옥외광고 2 (465),(주)넥슨,컴퓨터 및 정보통신,컴퓨터S/W,컴퓨터 게임용S/W,게임홍보 조형물,조형물,옥외광고
옥외광고 2 (466),유니레버코리아(주)서울지점,화장품 및 보건용품,여성 기초화장품,클린징,폰즈,체험포토존,옥외광고
옥외광고 2 (467),서대문구청장 후보 문석진,관공서 및 단체,단체,단체 기타,지방선거 홍보용 ,외벽 현수막,옥외광고
옥외광고 2 (468),(주)세정,패션,캐주얼의류,캐주얼웨어,NII,지하철광고,옥외광고
옥외광고 2 (469),(주)세정,패션,캐주얼의류,캐주얼웨어,센터폴,지하철광고,옥외광고
옥외광고 2 (47),로또,"금융, 보험 및 증권",금융 및 보험,은행,동영상광고,지하철광고,옥외광고
옥외광고 2 (470),리바이스트라우스코리아(주),패션,패션 기타,패션 기업PR,시그니쳐 홍보용 티저광고,차량래핑광고,옥외광고
옥외광고 2 (471),돌실나이,패션,정장의류,한복,한복점,의류,옥외광고
옥외광고 2 (472),(주)한화갤러리아,유통,대형유통,백화점,,백화점광고,옥외광고
옥외광고 2 (473),(주)신세계,유통,유통 기타,유통 기업PR,월드컵응원광고,현수막,옥외광고
옥외광고 2 (474),휠라코리아(주),패션,패션 기타,패션 기업PR,월드컵응원광고,차량래핑광고,옥외광고
옥외광고 2 (476),(주)나이키스포츠,패션,패션 기타,패션 기업PR,월드컵응원광고-투혼,외벽광고,옥외광고
옥외광고 2 (477),한국와이어스(주),제약 및 의료,대사성의약,성인 종합영양제,센트룸 ,기둥광고,옥외광고
옥외광고 2 (478),(주)나이키스포츠,패션,패션 기타,패션 기업PR,월드컵응원광고-투혼,외벽광고,옥외광고
옥외광고 2 (479),더 뷰,패션,캐주얼의류,캐주얼웨어,패션잡화,의류 매장광고,옥외광고
옥외광고 2 (48),강릉시,관공서 및 단체,중앙 및 지방 관공서,지방자치단체,교통표지판 뒷면활용,야립광고,옥외광고
옥외광고 2 (481),에스케이텔레콤(주),그룹 및 기업광고,그룹광고,그룹PR,월드컵응원광고,지하철,옥외광고
옥외광고 2 (483),YES,패션,내의류,남녀 기초의류,여성속옷매장,의류 매장광고,옥외광고
옥외광고 2 (484),(주)나이키스포츠,패션,스포츠 전문복,스포츠웨어,쇼케이스 형태의 이색광고판,의류 매장광고,옥외광고
옥외광고 2 (486),안단테,그룹 및 기업광고,그룹광고,그룹PR,갤러리,기업광고,옥외광고
옥외광고 2 (487),비에스케이 코퍼레이션㈜,화장품 및 보건용품,화장품 및 보건용품 기타,화장품 및 보건용품 기업PR,화장품매장 이미지광고,매장광고,옥외광고
옥외광고 2 (488),(주)나이키스포츠,패션,스포츠 전문복,스포츠웨어,애어맥스 360광고,지하철광고,옥외광고
옥외광고 2 (489),sk에너지(주),기초재,"석탄,석유 및 가스",연료유,주유소광고,캐노피,옥외광고
옥외광고 2 (49),에스케이텔레콤(주),그룹 및 기업광고,그룹광고,그룹PR,TTL,옥상광고,옥외광고
옥외광고 2 (490),아이스베리,서비스,음식 및 숙박,아이스크림 체인점,,매장광고,옥외광고
옥외광고 2 (491),바닐라 아이스비,서비스,음식 및 숙박,아이스크림 체인점,아이스크림 전문점,매장광고,옥외광고
옥외광고 2 (492),뷰티플랙스,유통,"소형, 소매유통","소형, 소매유통 기타",뷰티플랙스,매장광고,옥외광고
옥외광고 2 (493),CLUE,유통,"소형, 소매유통","소형, 소매유통 기타",,쥬얼리 매장광고,옥외광고
옥외광고 2 (494),(주)케이티프리텔,컴퓨터 및 정보통신,통신망,이동통신,,버스광고,옥외광고
옥외광고 2 (495),토다코사,유통,"소형, 소매유통","소형, 소매유통 기타",화장품매장,채널사인,옥외광고
옥외광고 2 (496),(주)로이드,유통,"소형, 소매유통","소형, 소매유통 기타",액세서리 전문점,채널사인,옥외광고
옥외광고 2 (497),7그램,패션,캐주얼의류,캐주얼웨어,프리미엄진 편집샵,채널사인,옥외광고
옥외광고 2 (498),젤라토,서비스,음식 및 숙박,아이스크림 체인점,아이스크림 전문점,채널사인,옥외광고
옥외광고 2 (499),보건복지부,관공서 및 단체,단체,공공단체,2006대한민국광고대상 SP부문 금상,계단래핑광고,옥외광고
옥외광고 2 (5),(주)엘지화학,"건설, 건재 및 부동산",건재,도벽 및 바닥재,LG우드라인,지하철광고,옥외광고
옥외광고 2 (50),동서식품(주),음료 및 기호식품,기호식품,커피 및 커피믹스,테이스터스 초이스,옥상광고,옥외광고
옥외광고 2 (500),(주)엘지텔레콤,컴퓨터 및 정보통신,컴퓨터 및 정보통신 기타,컴퓨터 및 정보통신 기업PR,2006대한민국광고대상 SP부문 우수상,외벽광고,옥외광고
옥외광고 2 (501),가챠숍,그룹 및 기업광고,그룹광고,그룹PR,,매장광고,옥외광고
옥외광고 2 (502),(주)한국외환은행,"금융, 보험 및 증권",금융 및 보험,은행,,외벽광고,옥외광고
옥외광고 2 (503),(주)한국외환은행,"금융, 보험 및 증권",금융 및 보험,은행,,외벽광고,옥외광고
옥외광고 2 (504),(주)쌈지,패션,캐주얼의류,캐주얼웨어,쌈지마켓 패션잡화,의류 매장광고,옥외광고
옥외광고 2 (505),(주)한국외환은행,"금융, 보험 및 증권",금융 및 보험,은행,,차량래핑광고,옥외광고
옥외광고 2 (508),나비왈츠,서비스,개인서비스,개인서비스 기타,화원,매장광고,옥외광고
옥외광고 2 (509),돈워리 비해피,서비스,음식 및 숙박,대중음식점,삼겹살집,음식점 매장광고,옥외광고
옥외광고 2 (51),하나로통신,컴퓨터 및 정보통신,통신망,인터넷통신망,하나포스,버스광고,옥외광고
옥외광고 2 (510),비알코리아(주),서비스,음식 및 숙박,제과점,던킨도너츠 ,외부조형물광고,옥외광고
옥외광고 2 (511),투미,패션,정장의류,숙녀정장,여성의류매장,의류 매장광고,옥외광고
옥외광고 2 (512),바닐라코,유통,"소형, 소매유통","소형, 소매유통 기타",화장품 브랜드숍,조형물,옥외광고
옥외광고 2 (513),삼성전자(주),컴퓨터 및 정보통신,통신기기,휴대폰,애니콜 - 김포공항 조형물,조형물,옥외광고
옥외광고 2 (514),삼성패션,유통,대형유통,의류테마점,비쥬얼광고,의류광고,옥외광고
옥외광고 2 (515),한국피자헛 유한회사,서비스,음식 및 숙박,훼미리레스토랑,제품 이미지광고,음식점 매장광고,옥외광고
옥외광고 2 (516),파스쿠치,유통,"소형, 소매유통","소형, 소매유통 기타",,이미지간판,옥외광고
옥외광고 2 (517),(주)더페이스샵,유통,"소형, 소매유통","소형, 소매유통 기타","하게,탱탱하게,촉촉하게",이미지광고,옥외광고
옥외광고 2 (519),(주)한화,그룹 및 기업광고,그룹광고,그룹PR,기업PR,외벽 LED광고,옥외광고
옥외광고 2 (52),동문건설(주),"건설, 건재 및 부동산","건설, 건재 및 부동산 기타","건설,건재 및 부동산 기업PR",동문 굿모닝힐,야립광고,옥외광고
옥외광고 2 (520),OCEAN STAR,서비스,음식 및 숙박,훼미리레스토랑,씨푸드 전문점,음식점 매장광고,옥외광고
옥외광고 2 (521),나뚜르,서비스,음식 및 숙박,아이스크림 체인점,아이스크림 전문점,매장광고,옥외광고
옥외광고 2 (522),자바커피,유통,"소형, 소매유통","소형, 소매유통 기타",커피전문점,찻집 매장광고,옥외광고
옥외광고 2 (523),엔지리너스커피,유통,"소형, 소매유통","소형, 소매유통 기타",커피전문점,찻집 매장광고,옥외광고
옥외광고 2 (524),할리스커피,유통,"소형, 소매유통","소형, 소매유통 기타",커피전문점,찻집 매장광고,옥외광고
옥외광고 2 (525),(주)커피빈코리아,유통,"소형, 소매유통","소형, 소매유통 기타",커피전문점,찻집 매장광고,옥외광고
옥외광고 2 (527),(주)세븐스프링스 디엔씨,서비스,음식 및 숙박,훼미리레스토랑,패밀리레스토랑,음식점 매장광고,옥외광고
옥외광고 2 (528),캐논코리아컨슈머이미징(주),그룹 및 기업광고,그룹광고,그룹PR,,매장광고,옥외광고
옥외광고 2 (529),(주)리치몬트코리아,서비스,음식 및 숙박,제과점,,매장광고,옥외광고
옥외광고 2 (53),(주)서해종합건설,"건설, 건재 및 부동산","건설, 건재 및 부동산 기타","건설,건재 및 부동산 기업PR",서해그랑블,야립광고,옥외광고
옥외광고 2 (530),비단,패션,정장의류,숙녀정장,여성의류,의류 매장광고,옥외광고
옥외광고 2 (532),모조에스핀,패션,정장의류,숙녀정장,의류매장,백페인트글라스,옥외광고
옥외광고 2 (533),파티볼,서비스,음식 및 숙박,대중음식점,음식점,백페인트글라스,옥외광고
옥외광고 2 (534),미스트 밥,서비스,음식 및 숙박,대중음식점,음식점,음식점 매장광고,옥외광고
옥외광고 2 (535),로즈네일,서비스,개인서비스,개인서비스 기타,네일숍,서비스 매장광고,옥외광고
옥외광고 2 (536),이엑스알코리아주식회사,패션,스포츠 전문복,스포츠웨어,,신개념 광고트럭 EXR캐포츠 쇼윙카,옥외광고
옥외광고 2 (537),룩,패션,정장의류,숙녀정장,여성의류,의류 매장광고,옥외광고
옥외광고 2 (538),CF,패션,정장의류,숙녀정장,여성의류,의류 매장광고,옥외광고
옥외광고 2 (539),엠핀,패션,정장의류,숙녀정장,여성의류,의류 매장광고,옥외광고
옥외광고 2 (54),(주)대원,"건설, 건재 및 부동산","건설, 건재 및 부동산 기타","건설,건재 및 부동산 기업PR",대원 칸타빌,야립광고,옥외광고
옥외광고 2 (540),뷰티크레디트,유통,"소형, 소매유통","소형, 소매유통 기타",화장품전문점,매장광고,옥외광고
옥외광고 2 (541),우동천,서비스,음식 및 숙박,대중음식점,음식점,음식점 매장광고,옥외광고
옥외광고 2 (542),닷엠,패션,정장의류,신사정장,남성의류 전문점,의류 매장광고,옥외광고
옥외광고 2 (543),지오지아,패션,정장의류,신사정장,남성의류 전문점,의류 매장광고,옥외광고
옥외광고 2 (544),앤드류스타이,패션,정장의류,신사정장,넥타인 전문점,의류 매장광고,옥외광고
옥외광고 2 (545),셔츠스튜디오,패션,정장의류,신사정장,남성의류 전문점,의류 매장광고,옥외광고
옥외광고 2 (546),구찌,패션,패션 기타,패션 기업PR,,의류 매장광고,옥외광고
옥외광고 2 (547),알마니,패션,패션 기타,패션 기업PR,,의류 매장광고,옥외광고
옥외광고 2 (548),이엑스알코리아주식회사,패션,스포츠 전문복,스포츠웨어,,신개념 광고트럭 EXR캐포츠 쇼윙카,옥외광고
옥외광고 2 (549),에스케이텔레콤(주),컴퓨터 및 정보통신,통신망,이동통신,3G+ 라이브온,래핑열차,옥외광고
옥외광고 2 (55),쿨텍,가정용 전기전자,냉방 및 공기청정기,에어컨,쿨텍에어컨,지하철광고,옥외광고
옥외광고 2 (550),에스케이텔레콤(주),컴퓨터 및 정보통신,통신망,이동통신,3G+ 라이브온 ,버스쉘터광고,옥외광고
옥외광고 2 (551),(주)씨제이홈쇼핑,그룹 및 기업광고,그룹광고,그룹PR,쇼핑의 지혜,벽면래핑광고,옥외광고
옥외광고 2 (552),닥스(DAKS),패션,패션 기타,패션 기업PR,,LED도트형 채널사인,옥외광고
옥외광고 2 (553),GGPX,패션,캐주얼의류,캐주얼웨어,,LED도트형 채널사인,옥외광고
옥외광고 2 (554),(주)연승어패럴,패션,캐주얼의류,캐주얼웨어,,LED도트형 채널사인,옥외광고
옥외광고 2 (555),올리브나인,서비스,문화 및 공연,영화,영화홍보,벽면래핑광고,옥외광고
옥외광고 2 (556),다인,서비스,개인서비스,개인서비스 기타,전통찻집,찻집 매장광고,옥외광고
옥외광고 2 (557),(주)다음커뮤니케이션,컴퓨터 및 정보통신,통신정보서비스,인터넷서비스,UCC세상,지하철광고,옥외광고
옥외광고 2 (558),해태음료(주),음료 및 기호식품,비알콜음료,기타과실음료,"레몬에이드, 자몽에이드",지하철광고,옥외광고
옥외광고 2 (559),㈜미디어윌,출판,잡지,남성용 패션잡지,남자를 세운다,지하철광고,옥외광고
옥외광고 2 (561),보람제약,제약 및 의료,두피 및 피부용제,피부연고제,흉터치료제 스카벡스,택시광고,옥외광고
옥외광고 2 (562),동국제약(주),제약 및 의료,두피 및 피부용제,피부연고제,복합 마데카솔,지하철광고,옥외광고
옥외광고 2 (565),궁,서비스,음식 및 숙박,주점,술의나라,주점 매장광고,옥외광고
옥외광고 2 (566),진선북카페,서비스,개인서비스,개인서비스 기타,,찻집 매장광고,옥외광고
옥외광고 2 (567),스시앤롤,서비스,음식 및 숙박,대중음식점,일본음식점,음식점 매장광고,옥외광고
옥외광고 2 (568),폴리,패션,신발류,신사숙녀화,숙녀화,신발 매장광고,옥외광고
옥외광고 2 (569),(주)아모레퍼시픽,서비스,개인서비스,개인서비스 기타,매장광고,계단 LED전광판광고,옥외광고
옥외광고 2 (57),밀레니엄프라자,유통,대형유통,의류테마점,쇼핑센터,기둥광고,옥외광고
옥외광고 2 (571),명가 순대곱창볶음,서비스,음식 및 숙박,대중음식점,우리맛을 이어온집,음식점 매장광고,옥외광고
옥외광고 2 (572),야시꼴레리,패션,캐주얼의류,캐주얼웨어,의류매장,의류 매장광고,옥외광고
옥외광고 2 (573),시크,패션,캐주얼의류,캐주얼웨어,의류매장,의류 매장광고,옥외광고
옥외광고 2 (574),노랑머리,서비스,개인서비스,이용 및 미용,미용실,미용실 매장광고,옥외광고
옥외광고 2 (575),더블트리,패션,캐주얼의류,캐주얼웨어,의류매장,의류 매장광고,옥외광고
옥외광고 2 (576),마샬뷰티살롱,서비스,개인서비스,이용 및 미용,미용실,미용실 매장광고,옥외광고
옥외광고 2 (577),김선영 헤어살롱,서비스,개인서비스,이용 및 미용,미용실,돌출간판,옥외광고
옥외광고 2 (578),e-watch,서비스,개인서비스,개인서비스 기타,매장광고,시계 돌출간판,옥외광고
옥외광고 2 (579),the yellow 9900,그룹 및 기업광고,그룹광고,그룹PR,,매장광고,옥외광고
옥외광고 2 (58),경주대학교,교육 및 복지후생,교육기관,대학대학원,경주대학교,야립광고,옥외광고
옥외광고 2 (580),Bijou island,그룹 및 기업광고,그룹광고,그룹PR,,꽃잎모양의 돌출간판,옥외광고
옥외광고 2 (581),나뚜르,서비스,음식 및 숙박,아이스크림 체인점,아이스크림 전문점,아이스크림 매장광고,옥외광고
옥외광고 2 (582),구스띠모,서비스,음식 및 숙박,아이스크림 체인점,아이스크림 전문점,아이스크림 매장광고,옥외광고
옥외광고 2 (583),와치필드,서비스,개인서비스,개인서비스 기타,팬시점,돌출간판,옥외광고
옥외광고 2 (584),리바이스트라우스코리아(주),패션,캐주얼의류,진웨어,청바지,쇼케이스광고,옥외광고
옥외광고 2 (585),삼성전자(주),가정용 전기전자,가사용 전기전자,세탁기,하우젠 ,자동세차장광고,옥외광고
옥외광고 2 (586),LS네트웍스,패션,신발류,스포츠화,코엑스점 오픈 티저광고,조형물,옥외광고
옥외광고 2 (587),엔조,그룹 및 기업광고,그룹광고,그룹PR,음식점,음식점 매장광고,옥외광고
옥외광고 2 (588),이재모피자,서비스,음식 및 숙박,패스트푸드점,음식점,조형물광고,옥외광고
옥외광고 2 (589),세전조명,가정용 전기전자,조명 및 전기소품,조명기구,,매장광고,옥외광고
옥외광고 2 (59),삼성캐피탈(주),"금융, 보험 및 증권",금융 및 보험,"할부금융,캐피탈",삼성아하론패스,야립광고,옥외광고
옥외광고 2 (590),오리온칵테일,서비스,음식 및 숙박,주점,,이색돌출간판,옥외광고
옥외광고 2 (591),해물손칼국수,서비스,음식 및 숙박,대중음식점,,조형물 돌출광고,옥외광고
옥외광고 2 (593),디아트,서비스,개인서비스,개인서비스 기타,,조형물 돌출광고,옥외광고
옥외광고 2 (594),캘리포니아드림,서비스,음식 및 숙박,대중음식점,,조형물 돌출광고,옥외광고
옥외광고 2 (595),소풍,그룹 및 기업광고,그룹광고,그룹PR,부천 터밀널 쇼핑몰 ,외관 간판광고,옥외광고
옥외광고 2 (596),PAT,패션,정장의류,숙녀정장,,조형물,옥외광고
옥외광고 2 (6),(주)엘지화학,가정용품,가정용 인테리어,벽지,모젤벽지,지하철광고,옥외광고
옥외광고 2 (601),한불화장품(주),서비스,개인서비스,개인서비스 기타,매장광고,매장광고,옥외광고
옥외광고 2 (602),온트리,서비스,개인서비스,개인서비스 기타,화장품전문매장,조형물,옥외광고
옥외광고 2 (603),게스,패션,캐주얼의류,진웨어,여성의류,매장광고,옥외광고
옥외광고 2 (604),티니위니,패션,캐주얼의류,캐주얼웨어,프레피 캐릭터 브랜드,캐주얼 매장,옥외광고
옥외광고 2 (605),사보텐,서비스,음식 및 숙박,대중음식점,음식점,음식점 매장광고,옥외광고
옥외광고 2 (607),이든김밥,서비스,음식 및 숙박,대중음식점,분식점,음식점 매장광고,옥외광고
옥외광고 2 (608),산호약국,유통,"소형, 소매유통",약국,,기업광고,옥외광고
옥외광고 2 (609),1300K,서비스,개인서비스,개인서비스 기타,팬시점,유리창 광고,옥외광고
옥외광고 2 (61),(주)두산타워사업부,유통,대형유통,의류테마점,쇼핑센터 이미지광고,건물외벽 실사출력,옥외광고
옥외광고 2 (610),죽전문점,서비스,음식 및 숙박,대중음식점,슬로우 푸드점,음식점 매장광고,옥외광고
옥외광고 2 (611),갤러리 온 카페,서비스,개인서비스,개인서비스 기타,까페,찻집 매장광고,옥외광고
옥외광고 2 (612),디엔북스,그룹 및 기업광고,그룹광고,그룹PR,,조형물,옥외광고
옥외광고 2 (613),안,서비스,음식 및 숙박,주점,와인바,돌출광고,옥외광고
옥외광고 2 (616),국회,관공서 및 단체,중앙 및 지방 관공서,중앙관공서,국회의원선거 홍보 ,현수막,옥외광고
옥외광고 2 (617),한국맥도날드(유),서비스,음식 및 숙박,패스트푸드점,관할지자체의 규제로 무채도 걸러를 사용,패스트푸드 매장광고,옥외광고
옥외광고 2 (62),(주)두산타워사업부,유통,대형유통,의류테마점,쇼핑센터 이미지광고,건물외벽 실사출력,옥외광고
옥외광고 2 (620),티디스타일,패션,정장의류,신사정장,의류매장,의류 매장광고,옥외광고
옥외광고 2 (621),엔,서비스,개인서비스,개인서비스 기타,커피숍,찻집 매장광고,옥외광고
옥외광고 2 (622),모듬삼방,패션,캐주얼의류,캐주얼웨어,여성의류점,의류 매장광고,옥외광고
옥외광고 2 (628),(주)신한은행,"금융, 보험 및 증권",금융 및 보험,은행,신한은행,LED디스플레이 광고,옥외광고
옥외광고 2 (629),(주)엘지텔레콤,컴퓨터 및 정보통신,통신망,이동통신,OZ ,기둥광고,옥외광고
옥외광고 2 (630),(주)엘지텔레콤,컴퓨터 및 정보통신,통신망,이동통신,"네이버, OZ로 간다",POP,옥외광고
옥외광고 2 (631),강남구청,서비스,개인서비스,개인서비스 기타,개인광고,옥상광고,옥외광고
옥외광고 2 (632),강남구청,서비스,개인서비스,개인서비스 기타,개인광고,옥상광고,옥외광고
옥외광고 2 (633),스카치블루,음료 및 기호식품,알콜음료,위스키,플랫폼스크린도어광고,지하철광고,옥외광고
옥외광고 2 (634),(주)아모레퍼시픽,화장품 및 보건용품,화장품 및 보건용품 기타,화장품 및 보건용품 기업PR,에뛰드하우스 - 플랫폼스크린도어광고,지하철광고,옥외광고
옥외광고 2 (635),나인웨스트,화장품 및 보건용품,화장품 및 보건용품 기타,화장품 및 보건용품 기업PR,코스메틱,매장광고,옥외광고
옥외광고 2 (636),ad hoc,패션,캐주얼의류,캐주얼웨어,의류매장,매장광고,옥외광고
옥외광고 2 (637),CORD,패션,캐주얼의류,캐주얼웨어,의류매장,매장광고,옥외광고
옥외광고 2 (638),설록다원,서비스,음식 및 숙박,기타 프랜차이즈점,까페,매장광고,옥외광고
옥외광고 2 (639),더 레인보우,패션,캐주얼의류,캐주얼웨어,의류매장,매장광고,옥외광고
옥외광고 2 (64),대우자동차(주),수송기기,승용자동차,중형승용차,2003 대한민국광고대상 은상,지하철래핑광고,옥외광고
옥외광고 2 (640),베키앤폴,패션,캐주얼의류,캐주얼웨어,의류매장,벽면그림,옥외광고
옥외광고 2 (641),신선설농탕,서비스,음식 및 숙박,대중음식점,음식점,매장광고,옥외광고
옥외광고 2 (642),서울횟집,서비스,음식 및 숙박,대중음식점,음식점,매장광고,옥외광고
옥외광고 2 (643),SK네트웍스(주)스피드메이트사업부,서비스,개인서비스,카센타,차량정비소,서비스센터,옥외광고
옥외광고 2 (645),바이더웨이,유통,"소형, 소매유통",편의점,편의점,편의점 매장광고,옥외광고
옥외광고 2 (646),㈜릴레이인터내셔널,서비스,음식 및 숙박,아이스크림 체인점,레드망고 까페,아이스크림 매장광고,옥외광고
옥외광고 2 (647),한국일반여행업협회,서비스,여행,여행알선,여행정보센터,버스광고,옥외광고
옥외광고 2 (648),(주)제주항공,서비스,서비스 기타,서비스 기업PR,"내일,제주항공",버스광고,옥외광고
옥외광고 2 (649),전라남도청,관공서 및 단체,중앙 및 지방 관공서,지방자치단체,2012 여수세계박람회,버스광고,옥외광고
옥외광고 2 (65),일양약품(주),제약 및 의료,대사성의약,자양강장제,원비디,택시광고,옥외광고
옥외광고 2 (650),롯데면세점,유통,대형유통,면세점,신년맞이 페스티벌,버스광고,옥외광고
옥외광고 2 (652),(주)워커힐,서비스,스포츠 및 오락시설,스포츠 및 오락시설 기타,카지노광고,야립간판,옥외광고
옥외광고 2 (654),현대성우리조트,서비스,음식 및 숙박,콘도,리조트광고,고속도로 안내판광고,옥외광고
옥외광고 2 (655),HSBC,"금융, 보험 및 증권",금융 및 보험,은행,은행광고,야립간판,옥외광고
옥외광고 2 (656),교보생명보험(주),"금융, 보험 및 증권","금융, 보험 및 증권기타","금융,보험 및 증권 기업PR",교보생명 이미지광고,지하철광고,옥외광고
옥외광고 2 (657),(주)아모레퍼시픽,화장품 및 보건용품,모발 및 목욕용제,염모제,미장센 염색약광고,지하철광고,옥외광고
옥외광고 2 (658),동서식품(주),음료 및 기호식품,기호식품,커피 및 커피믹스,맥심커피,지하철광고,옥외광고
옥외광고 2 (659),언어교육학원,교육 및 복지후생,교육기관,어학학원,학원홍보,지하철광고,옥외광고
옥외광고 2 (66),와우패스,서비스,서비스 기타,서비스 기타,삼성전자서비스,,옥외광고
옥외광고 2 (660),삼성전자(주),"금융, 보험 및 증권","금융, 보험 및 증권기타","금융,보험 및 증권 기업PR",금융교육센터 오픈,지하철광고,옥외광고
옥외광고 2 (661),(주)엠씨케이퍼블리싱,출판,잡지,여성잡지,패션잡지 마리끌레르,지하철광고,옥외광고
옥외광고 2 (662),에스케이텔레콤(주),컴퓨터 및 정보통신,통신망,이동통신,모네타,지하철광고,옥외광고
옥외광고 2 (663),파나소닉코리아(주),가정용 전기전자,영상기기,영상기기 기타,PDP광고,지하철광고,옥외광고
옥외광고 2 (664),소르젠떼,그룹 및 기업광고,그룹광고,그룹PR,기업PR,지하철광고,옥외광고
옥외광고 2 (665),알리안츠생명보험(주),"금융, 보험 및 증권","금융, 보험 및 증권기타","금융,보험 및 증권 기업PR",기업PR,시계탑광고,옥외광고
옥외광고 2 (666),한국후지제록스(주),정밀기기 및 사무기기,사무기기,복사기,디지털복합기,지하철광고,옥외광고
옥외광고 2 (667),미고성형외과,제약 및 의료,의료 및 보건기관,개인병원,병원홍보,지하철광고,옥외광고
옥외광고 2 (668),,서비스,문화 및 공연,영화,바람계곡의 나우시카 영화홍보,지하철광고,옥외광고
옥외광고 2 (669),위니아만도(주),그룹 및 기업광고,그룹광고,그룹PR,브랜드홍보,카트래핑광고,옥외광고
옥외광고 2 (67),(주)케이티,화학공업,화학제품,페인트,,버스광고,옥외광고
옥외광고 2 (670),노루표,그룹 및 기업광고,그룹광고,그룹PR,국제전화001 홍보,카트래핑광고,옥외광고
옥외광고 2 (671),(주)케이티,그룹 및 기업광고,그룹광고,그룹PR,월드폰플러스카드,카트래핑광고,옥외광고
옥외광고 2 (672),위니아만도(주),그룹 및 기업광고,그룹광고,그룹PR,딤채,카트래핑광고,옥외광고
옥외광고 2 (673),(주)한국외환은행,"금융, 보험 및 증권",금융 및 보험,은행,브랜드홍보,카트래핑광고,옥외광고
옥외광고 2 (674),에스케이텔링크(주),그룹 및 기업광고,그룹광고,그룹PR,00700 국제전화홍보,공항간판광고,옥외광고
옥외광고 2 (675),청호나이스(주),가정용품,주방용품,정수기,정수기,지하철광고,옥외광고
옥외광고 2 (676),로또,"금융, 보험 및 증권",금융 및 보험,은행,인생역전,지하철광고,옥외광고
옥외광고 2 (677),투나,유통,대형유통,의류테마점,패션쇼핑몰,지하철광고,옥외광고
옥외광고 2 (678),(주)도시바,컴퓨터 및 정보통신,컴퓨터,노트북PC,노트북,지하철광고,옥외광고
옥외광고 2 (679),우체국,서비스,운송,특급운송서비스,우체국택배,지하철광고,옥외광고
옥외광고 2 (68),대구시청,관공서 및 단체,중앙 및 지방 관공서,지방자치단체,대구유니버시아드대회 홍보,물스크린광고,옥외광고
옥외광고 2 (69),(주)엘지화학,"건설, 건재 및 부동산",건재,창호,LG발코니창,전화부스광고,옥외광고
옥외광고 2 (7),(주)엘지화학,"건설, 건재 및 부동산",건재,도벽 및 바닥재,LG퍼스탑,지하철광고,옥외광고
옥외광고 2 (70),시네코아,그룹 및 기업광고,그룹광고,그룹PR,영화홍보,건물외벽 실사출력,옥외광고
옥외광고 2 (71),,서비스,문화 및 공연,영화,오해피데이,건물외벽 실사출력,옥외광고
옥외광고 2 (72),KIMs RACING TEAM,그룹 및 기업광고,그룹광고,그룹PR,KIMs RACING TEAM,경기장광고,옥외광고
옥외광고 2 (74),,그룹 및 기업광고,그룹광고,그룹PR,,시상대광고,옥외광고
옥외광고 2 (76),금호타이어주식회사,화학공업,고무 및 플라스틱,타이어,ECSTA,조형물,옥외광고
옥외광고 2 (8),(주)엘지화학,"건설, 건재 및 부동산",건재,도벽 및 바닥재,LG퍼스탑,지하철광고,옥외광고
옥외광고 2 (80),(주)엘지상사엘지패션,패션,정장의류,신사정장,마에스트로,전광판광고,옥외광고
옥외광고 2 (81),(주)하이트맥주,음료 및 기호식품,알콜음료,맥주,하이트프라임,POP,옥외광고
옥외광고 2 (82),서울신문스포츠서울에이앤비(주),그룹 및 기업광고,그룹광고,그룹PR,2002월드컵 홍보,건물외벽실사출력,옥외광고
옥외광고 2 (83),헬로에이피엠,유통,대형유통,의류테마점,헬로에이피엠,건물외벽래핑,옥외광고
옥외광고 2 (84),삼성증권(주),그룹 및 기업광고,그룹광고,그룹PR,삼성증권,간판,옥외광고
옥외광고 2 (85),(주)엘지상사엘지패션,그룹 및 기업광고,그룹광고,그룹PR,조명탑광고,경기장광고,옥외광고
옥외광고 2 (86),한성대학교,교육 및 복지후생,교육기관,대학대학원,한성대학교,경기장광고,옥외광고
옥외광고 2 (87),(주)두산버거킹사업부,그룹 및 기업광고,그룹광고,그룹PR,버거킹,파라솔광고,옥외광고
옥외광고 2 (88),에스케이텔레콤(주),컴퓨터 및 정보통신,통신망,이동통신,"SPEED 011, NATE",경기장광고,옥외광고
옥외광고 2 (89),크라운출판사,출판,출판 기타,출판 기업PR,크라운출판사,경기장광고,옥외광고
옥외광고 2 (9),(주)엘지화학,"건설, 건재 및 부동산",건재,도벽 및 바닥재,LG퍼스탑,지하철광고,옥외광고
옥외광고 2 (92),현진종합건설(주),"건설, 건재 및 부동산","건설, 건재 및 부동산 기타","건설,건재 및 부동산 기업PR",현진에버빌,야립광고,옥외광고
옥외광고 2 (93),(주)세계일보,출판,출판 기타,출판 기업PR,운동장 펜스광고,경기장광고,옥외광고
옥외광고 2 (94),(주)케이티앤지,그룹 및 기업광고,그룹광고,그룹PR,운동장 펜스광고,경기장광고,옥외광고
옥외광고 2 (95),피플스 제이,서비스,음식 및 숙박,기타 프랜차이즈점,피플스 제이,,옥외광고
옥외광고 2 (96),애체안경타운,정밀기기 및 사무기기,정밀기기 및 사무기기 기타,정밀기기 및 사무기기 기업PR,애체안경 콘택트,입간판,옥외광고
옥외광고 2 (97),엘지전자(주),가정용 전기전자,가정용 전기전자 기타,가정용 전기전자 기업PR,LG하우젠,야립광고,옥외광고
옥외광고 2 (98),어머니가 차려주는 식탁,서비스,음식 및 숙박,대중음식점,어머니가 차려주는 식탁,,옥외광고
옥외광고 2 (99),가구백화점,가정용품,가정용품 기타,가정용품 기업PR,GAGU,,옥외광고
