제작연도,고유번호,공익광고작품명,대분류,소분류,영상링크-코바코 홈페이지,영상링크-유튜브,핵심 키워드(관리자 직접 지정),썸네일 이미지,썸네일 이미지 이름
1981,1981_01,새해 새 희망,경제사회/기타,국민의식/나라사랑,https://www.kobaco.co.kr/site/main/archive/advertising/5/7?cp=1&pageSize=8&sortDirection=DESC&arcUse=true&arcCategory=5&metaCode1=broadcast&adtManufactureYear=1981&adtDefaultYear=false,,,O,1981_01.jpg
1981,1981_02,아끼세요,자연환경,에너지 절약,https://www.kobaco.co.kr/site/main/archive/advertising/5/10?cp=1&pageSize=8&sortDirection=DESC&arcUse=true&arcCategory=5&metaCode1=broadcast&adtManufactureYear=1981&adtDefaultYear=false,,,O,1981_02.jpg
1981,1981_03,우리는 모두 이웃,사회공동체,나눔/이웃,https://www.kobaco.co.kr/site/main/archive/advertising/5/9?cp=1&pageSize=8&sortDirection=DESC&arcUse=true&arcCategory=5&metaCode1=broadcast&adtManufactureYear=1981&adtDefaultYear=false,,,O,1981_03.jpg
1981,1981_04,풍요로운 내일,경제사회/기타,절약/소비,https://www.kobaco.co.kr/site/main/archive/advertising/5/11?cp=1&pageSize=8&sortDirection=DESC&arcUse=true&arcCategory=5&metaCode1=broadcast&adtManufactureYear=1981&adtDefaultYear=false,,,O,1981_04.jpg
1981,1981_05,의자,경제사회/기타,국가경제,https://www.kobaco.co.kr/site/main/archive/advertising/5/8?cp=1&pageSize=8&sortDirection=DESC&arcUse=true&arcCategory=5&metaCode1=broadcast&adtManufactureYear=1981&adtDefaultYear=false,,,O,1981_05.jpg
1982,1982_01,내일의 당신,가정/청소년,가족/대화,https://www.kobaco.co.kr/site/main/archive/advertising/5/13?cp=2&pageSize=8&sortDirection=DESC&arcUse=true&arcCategory=5&metaCode1=broadcast&adtManufactureYear=1982&adtDefaultYear=false,,,O,1982_01.jpg
1982,1982_02,대도약의 나래,경제사회/기타,국가경제,https://www.kobaco.co.kr/site/main/archive/advertising/5/12?cp=2&pageSize=8&sortDirection=DESC&arcUse=true&arcCategory=5&metaCode1=broadcast&adtManufactureYear=1982&adtDefaultYear=false,,,,
1982,1982_03,모두가 주인,경제사회/기타,국민의식/나라사랑,https://www.kobaco.co.kr/site/main/archive/advertising/5/23?cp=1&pageSize=8&sortDirection=DESC&arcUse=true&arcCategory=5&metaCode1=broadcast&adtManufactureYear=1982&adtDefaultYear=false,,,O,1982_03.jpg
1982,1982_04,물가안정,경제사회/기타,국가경제,https://www.kobaco.co.kr/site/main/archive/advertising/5/24?cp=1&pageSize=8&sortDirection=DESC&arcUse=true&arcCategory=5&metaCode1=broadcast&adtManufactureYear=1982&adtDefaultYear=false,,,O,1982_04.jpg
1982,1982_05,반칙,사회공동체,타인배려/공공매너,https://www.kobaco.co.kr/site/main/archive/advertising/5/20?cp=1&pageSize=8&sortDirection=DESC&arcUse=true&arcCategory=5&metaCode1=broadcast&adtManufactureYear=1982&adtDefaultYear=false,,,O,1982_05.jpg
1982,1982_06,부주의,자연환경,불조심,https://www.kobaco.co.kr/site/main/archive/advertising/5/15?cp=2&pageSize=8&sortDirection=DESC&arcUse=true&arcCategory=5&metaCode1=broadcast&adtManufactureYear=1982&adtDefaultYear=false,,,O,1982_06.jpg
1982,1982_07,셋이서 가요,가정/청소년,가족계획,https://www.kobaco.co.kr/site/main/archive/advertising/5/17?cp=1&pageSize=8&sortDirection=DESC&arcUse=true&arcCategory=5&metaCode1=broadcast&adtManufactureYear=1982&adtDefaultYear=false,,,O,1982_07.jpg
1982,1982_08,손잡기,경제사회/기타,국민의식/나라사랑,https://www.kobaco.co.kr/site/main/archive/advertising/5/19?cp=1&pageSize=8&sortDirection=DESC&arcUse=true&arcCategory=5&metaCode1=broadcast&adtManufactureYear=1982&adtDefaultYear=false,,,O,1982_08.jpg
1982,1982_09,어린이는 어른의 거울,사회공동체,타인배려/공공매너,https://www.kobaco.co.kr/site/main/archive/advertising/5/26?cp=1&pageSize=8&sortDirection=DESC&arcUse=true&arcCategory=5&metaCode1=broadcast&adtManufactureYear=1982&adtDefaultYear=false,,,O,1982_09.jpg
1982,1982_10,얼룩진 자국,사회공동체,부정부패,https://www.kobaco.co.kr/site/main/archive/advertising/5/18?cp=1&pageSize=8&sortDirection=DESC&arcUse=true&arcCategory=5&metaCode1=broadcast&adtManufactureYear=1982&adtDefaultYear=false,,,O,1982_10.jpg
1982,1982_11,우리는 한 배를 타고 있습니다,경제사회/기타,국민의식/나라사랑,https://www.kobaco.co.kr/site/main/archive/advertising/5/21?cp=1&pageSize=8&sortDirection=DESC&arcUse=true&arcCategory=5&metaCode1=broadcast&adtManufactureYear=1982&adtDefaultYear=false,,,O,1982_11.jpg
1982,1982_12,우리의 영원한 정원,자연환경,환경보전,https://www.kobaco.co.kr/site/main/archive/advertising/5/22?cp=1&pageSize=8&sortDirection=DESC&arcUse=true&arcCategory=5&metaCode1=broadcast&adtManufactureYear=1982&adtDefaultYear=false,,,O,1982_12.jpg
1982,1982_13,일석사조,경제사회/기타,국가경제,https://www.kobaco.co.kr/site/main/archive/advertising/5/25?cp=1&pageSize=8&sortDirection=DESC&arcUse=true&arcCategory=5&metaCode1=broadcast&adtManufactureYear=1982&adtDefaultYear=false,,,O,1982_13.jpg
1982,1982_14,통일로 가는 길,경제사회/기타,통일,https://www.kobaco.co.kr/site/main/archive/advertising/5/16?cp=2&pageSize=8&sortDirection=DESC&arcUse=true&arcCategory=5&metaCode1=broadcast&adtManufactureYear=1982&adtDefaultYear=false,,,O,1982_14.jpg
1982,1982_15,한 민족 한 핏줄,경제사회/기타,통일,https://www.kobaco.co.kr/site/main/archive/advertising/5/14?cp=2&pageSize=8&sortDirection=DESC&arcUse=true&arcCategory=5&metaCode1=broadcast&adtManufactureYear=1982&adtDefaultYear=false,,,,
1983,1983_01,결혼식,가정/청소년,가족계획,https://www.kobaco.co.kr/site/main/archive/advertising/5/38?cp=1&pageSize=8&sortDirection=DESC&arcUse=true&arcCategory=5&metaCode1=broadcast&adtManufactureYear=1983&adtDefaultYear=false,,,O,1983_01.jpg
1983,1983_02,나라의 미래,가정/청소년,청소년,https://www.kobaco.co.kr/site/main/archive/advertising/5/42?cp=1&pageSize=8&sortDirection=DESC&arcUse=true&arcCategory=5&metaCode1=broadcast&adtManufactureYear=1983&adtDefaultYear=false,,,,
1983,1983_03,내일의 주인공,경제사회/기타,국민의식/나라사랑,https://www.kobaco.co.kr/site/main/archive/advertising/5/37?cp=1&pageSize=8&sortDirection=DESC&arcUse=true&arcCategory=5&metaCode1=broadcast&adtManufactureYear=1983&adtDefaultYear=false,,,O,1983_03.jpg
1983,1983_04,대식가,자연환경,불조심,https://www.kobaco.co.kr/site/main/archive/advertising/5/30?cp=2&pageSize=8&sortDirection=DESC&arcUse=true&arcCategory=5&metaCode1=broadcast&adtManufactureYear=1983&adtDefaultYear=false,,,O,1983_04.jpg
1983,1983_05,돈,경제사회/기타,절약/소비,https://www.kobaco.co.kr/site/main/archive/advertising/5/36?cp=1&pageSize=8&sortDirection=DESC&arcUse=true&arcCategory=5&metaCode1=broadcast&adtManufactureYear=1983&adtDefaultYear=false,,,O,1983_05.jpg
1983,1983_06,부끄러운 말,가정/청소년,가족/대화,https://www.kobaco.co.kr/site/main/archive/advertising/5/29?cp=2&pageSize=8&sortDirection=DESC&arcUse=true&arcCategory=5&metaCode1=broadcast&adtManufactureYear=1983&adtDefaultYear=false,,,,
1983,1983_07,선진조국 창조,경제사회/기타,국가브랜드,https://www.kobaco.co.kr/site/main/archive/advertising/5/41?cp=2&pageSize=8&sortDirection=DESC&arcUse=true&arcCategory=5&metaCode1=broadcast&adtManufactureYear=1983&adtDefaultYear=false,,,O,1983_07.jpg
1983,1983_08,우리아빠,경제사회/기타,국민의식/나라사랑,https://www.kobaco.co.kr/site/main/archive/advertising/5/31?cp=2&pageSize=8&sortDirection=DESC&arcUse=true&arcCategory=5&metaCode1=broadcast&adtManufactureYear=1983&adtDefaultYear=false,,,O,1983_08.jpg
1983,1983_09,우리의 재산,경제사회/기타,국민의식/나라사랑,https://www.kobaco.co.kr/site/main/archive/advertising/5/40?cp=1&pageSize=8&sortDirection=DESC&arcUse=true&arcCategory=5&metaCode1=broadcast&adtManufactureYear=1983&adtDefaultYear=falsee,,,,
1983,1983_10,전화기,사회공동체,타인배려/공공매너,https://www.kobaco.co.kr/site/main/archive/advertising/5/35?cp=1&pageSize=8&sortDirection=DESC&arcUse=true&arcCategory=5&metaCode1=broadcast&adtManufactureYear=1983&adtDefaultYear=false,,,,
1983,1983_11,제2의 광복,경제사회/기타,통일,https://www.kobaco.co.kr/site/main/archive/advertising/5/34?cp=1&pageSize=8&sortDirection=DESC&arcUse=true&arcCategory=5&metaCode1=broadcast&adtManufactureYear=1983&adtDefaultYear=false,,,O,1983_11.jpg
1983,1983_12,제2의 생산,자연환경,에너지 절약,https://www.kobaco.co.kr/site/main/archive/advertising/5/28?cp=2&pageSize=8&sortDirection=DESC&arcUse=true&arcCategory=5&metaCode1=broadcast&adtManufactureYear=1983&adtDefaultYear=false,,,,
1983,1983_13,제인양,경제사회/기타,국가브랜드,https://www.kobaco.co.kr/site/main/archive/advertising/5/33?cp=1&pageSize=8&sortDirection=DESC&arcUse=true&arcCategory=5&metaCode1=broadcast&adtManufactureYear=1983&adtDefaultYear=false,,,,
1983,1983_14,진짜질서,사회공동체,타인배려/공공매너,https://www.kobaco.co.kr/site/main/archive/advertising/5/39?cp=1&pageSize=8&sortDirection=DESC&arcUse=true&arcCategory=5&metaCode1=broadcast&adtManufactureYear=1983&adtDefaultYear=false,,,O,1983_14.jpg
1983,1983_15,헌혈가족,공중보건/복지,헌혈,https://www.kobaco.co.kr/site/main/archive/advertising/5/32?cp=2&pageSize=8&sortDirection=DESC&arcUse=true&arcCategory=5&metaCode1=broadcast&adtManufactureYear=1983&adtDefaultYear=false,,,O,1983_15.jpg
1983,1983_16,힘찬 전진,경제사회/기타,국민의식/나라사랑,https://www.kobaco.co.kr/site/main/archive/advertising/5/27?cp=2&pageSize=8&sortDirection=DESC&arcUse=true&arcCategory=5&metaCode1=broadcast&adtManufactureYear=1983&adtDefaultYear=false,,,,
1984,1984_01,공든탑,자연환경,불조심,https://www.kobaco.co.kr/site/main/archive/advertising/5/46?cp=2&pageSize=8&sortDirection=DESC&arcUse=true&arcCategory=5&metaCode1=broadcast&adtManufactureYear=1984&adtDefaultYear=false,,,O,1984_01.jpg
1984,1984_02,두 얼굴,경제사회/기타,국민의식/나라사랑,https://www.kobaco.co.kr/site/main/archive/advertising/5/52?cp=1&pageSize=8&sortDirection=DESC&arcUse=true&arcCategory=5&metaCode1=broadcast&adtManufactureYear=1984&adtDefaultYear=false,,,O,1984_02.jpg
1984,1984_03,무형의 재산,사회공동체,타인배려/공공매너,https://www.kobaco.co.kr/site/main/archive/advertising/5/53?cp=1&pageSize=8&sortDirection=DESC&arcUse=true&arcCategory=5&metaCode1=broadcast&adtManufactureYear=1984&adtDefaultYear=false,,,O,1984_03.jpg
1984,1984_04,문화유산,경제사회/기타,국민의식/나라사랑,https://www.kobaco.co.kr/site/main/archive/advertising/5/47?cp=2&pageSize=8&sortDirection=DESC&arcUse=true&arcCategory=5&metaCode1=broadcast&adtManufactureYear=1984&adtDefaultYear=false,,,O,1984_04.jpg
1984,1984_05,방심,가정/청소년,가족/대화,https://www.kobaco.co.kr/site/main/archive/advertising/5/45?cp=2&pageSize=8&sortDirection=DESC&arcUse=true&arcCategory=5&metaCode1=broadcast&adtManufactureYear=1984&adtDefaultYear=false,,,,
1984,1984_06,사랑의 실천,공중보건/복지,헌혈,https://www.kobaco.co.kr/site/main/archive/advertising/5/48?cp=2&pageSize=8&sortDirection=DESC&arcUse=true&arcCategory=5&metaCode1=broadcast&adtManufactureYear=1984&adtDefaultYear=false,,,O,1984_06.jpg
1984,1984_07,손기정,경제사회/기타,국가브랜드,https://www.kobaco.co.kr/site/main/archive/advertising/5/54?cp=1&pageSize=8&sortDirection=DESC&arcUse=true&arcCategory=5&metaCode1=broadcast&adtManufactureYear=1984&adtDefaultYear=false,,,,
1984,1984_08,오케스트라,경제사회/기타,국민의식/나라사랑,https://www.kobaco.co.kr/site/main/archive/advertising/5/59?cp=1&pageSize=8&sortDirection=DESC&arcUse=true&arcCategory=5&metaCode1=broadcast&adtManufactureYear=1984&adtDefaultYear=false,,,O,1984_08.jpg
1984,1984_09,저축의 생활화,경제사회/기타,절약/소비,https://www.kobaco.co.kr/site/main/archive/advertising/5/56?cp=1&pageSize=8&sortDirection=DESC&arcUse=true&arcCategory=5&metaCode1=broadcast&adtManufactureYear=1984&adtDefaultYear=false,,,O,1984_09.jpg
1984,1984_10,주의와 점검,가정/청소년,가족/대화,https://www.kobaco.co.kr/site/main/archive/advertising/5/50?cp=2&pageSize=8&sortDirection=DESC&arcUse=true&arcCategory=5&metaCode1=broadcast&adtManufactureYear=1984&adtDefaultYear=false,,,O,1984_10.jpg
1984,1984_11,질서는 능률,사회공동체,타인배려/공공매너,https://www.kobaco.co.kr/site/main/archive/advertising/5/60?cp=2&pageSize=8&sortDirection=DESC&arcUse=true&arcCategory=5&metaCode1=broadcast&adtManufactureYear=1984&adtDefaultYear=false,,,,
1984,1984_12,차선,사회공동체,교통안전,https://www.kobaco.co.kr/site/main/archive/advertising/5/55?cp=1&pageSize=8&sortDirection=DESC&arcUse=true&arcCategory=5&metaCode1=broadcast&adtManufactureYear=1984&adtDefaultYear=false,,,O,1984_12.jpg
1984,1984_13,청결 금메달,경제사회/기타,국민의식/나라사랑,https://www.kobaco.co.kr/site/main/archive/advertising/5/51?cp=1&pageSize=8&sortDirection=DESC&arcUse=true&arcCategory=5&metaCode1=broadcast&adtManufactureYear=1984&adtDefaultYear=false,,,O,1984_13.jpg
1984,1984_14,청소년 문제의 원점,가정/청소년,청소년,https://www.kobaco.co.kr/site/main/archive/advertising/5/57?cp=1&pageSize=8&sortDirection=DESC&arcUse=true&arcCategory=5&metaCode1=broadcast&adtManufactureYear=1984&adtDefaultYear=false,,,O,1984_14.jpg
1984,1984_15,학창시절,경제사회/기타,국민의식/나라사랑,https://www.kobaco.co.kr/site/main/archive/advertising/5/44?cp=2&pageSize=8&sortDirection=DESC&arcUse=true&arcCategory=5&metaCode1=broadcast&adtManufactureYear=1984&adtDefaultYear=false,,,O,1984_15.jpg
1984,1984_16,한 마음,사회공동체,사회화합,https://www.kobaco.co.kr/site/main/archive/advertising/5/58?cp=46&pageSize=8&sortDirection=DESC&arcUse=true&arcCategory=5&metaCode1=broadcast&adtDefaultYear=false,,,O,1984_16.jpg
1985,1985_01,계란차,사회공동체,교통안전,https://www.kobaco.co.kr/site/main/archive/advertising/5/68?cp=44&pageSize=8&sortDirection=DESC&arcUse=true&arcCategory=5&metaCode1=broadcast&adtDefaultYear=false,,,O,1985_01.jpg
1985,1985_02,길,경제사회/기타,국가브랜드,https://www.kobaco.co.kr/site/main/archive/advertising/5/67?cp=45&pageSize=8&sortDirection=DESC&arcUse=true&arcCategory=5&metaCode1=broadcast&adtDefaultYear=false,,,O,1985_02.jpg
1985,1985_03,미술시간,자연환경,불조심,https://www.kobaco.co.kr/site/main/archive/advertising/5/63?cp=45&pageSize=8&sortDirection=DESC&arcUse=true&arcCategory=5&metaCode1=broadcast&adtDefaultYear=false,,,O,1985_03.jpg
1985,1985_04,새로운 출발,경제사회/기타,국민의식/나라사랑,https://www.kobaco.co.kr/site/main/archive/advertising/5/61?cp=45&pageSize=8&sortDirection=DESC&arcUse=true&arcCategory=5&metaCode1=broadcast&adtDefaultYear=false,,,O,1985_04.jpg
1985,1985_05,앨범,가정/청소년,가족/대화,https://www.kobaco.co.kr/site/main/archive/advertising/5/71?cp=44&pageSize=8&sortDirection=DESC&arcUse=true&arcCategory=5&metaCode1=broadcast&adtDefaultYear=false,,,O,1985_05.jpg
1985,1985_06,이웃사랑,공중보건/복지,헌혈,https://www.kobaco.co.kr/site/main/archive/advertising/5/62?cp=45&pageSize=8&sortDirection=DESC&arcUse=true&arcCategory=5&metaCode1=broadcast&adtDefaultYear=false,,,O,1985_06.jpg
1985,1985_07,자녀에게 관심을,가정/청소년,가족/대화,https://www.kobaco.co.kr/site/main/archive/advertising/5/70?cp=44&pageSize=8&sortDirection=DESC&arcUse=true&arcCategory=5&metaCode1=broadcast&adtDefaultYear=false,,,O,1985_07.jpg
1985,1985_08,자린고비 이야기,경제사회/기타,절약/소비,https://www.kobaco.co.kr/site/main/archive/advertising/5/69?cp=44&pageSize=8&sortDirection=DESC&arcUse=true&arcCategory=5&metaCode1=broadcast&adtDefaultYear=false,,,O,1985_08.jpg
1985,1985_09,종이 한 장이 바로 외화,자연환경,에너지 절약,https://www.kobaco.co.kr/site/main/archive/advertising/5/64?cp=45&pageSize=8&sortDirection=DESC&arcUse=true&arcCategory=5&metaCode1=broadcast&adtDefaultYear=false,,,O,1985_09.jpg
1985,1985_10,찻잔,경제사회/기타,국민의식/나라사랑,https://www.kobaco.co.kr/site/main/archive/advertising/5/72?cp=44&pageSize=8&sortDirection=DESC&arcUse=true&arcCategory=5&metaCode1=broadcast&adtDefaultYear=false,,,,
1985,1985_11,찾아가지 않는 물건들,경제사회/기타,절약/소비,https://www.kobaco.co.kr/site/main/archive/advertising/5/65?cp=45&pageSize=8&sortDirection=DESC&arcUse=true&arcCategory=5&metaCode1=broadcast&adtDefaultYear=false,,,O,1985_11.jpg
1985,1985_12,학창생활,가정/청소년,청소년,https://www.kobaco.co.kr/site/main/archive/advertising/5/73?cp=44&pageSize=8&sortDirection=DESC&arcUse=true&arcCategory=5&metaCode1=broadcast&adtDefaultYear=false,,,O,1985_12.jpg
1985,1985_13,호돌이,자연환경,환경보전,https://www.kobaco.co.kr/site/main/archive/advertising/5/66?cp=45&pageSize=8&sortDirection=DESC&arcUse=true&arcCategory=5&metaCode1=broadcast&adtDefaultYear=false,,,,
1986,1986_01,1000억불시대,경제사회/기타,국가경제,https://www.kobaco.co.kr/site/main/archive/advertising/5/75?cp=44&pageSize=8&sortDirection=DESC&arcUse=true&arcCategory=5&metaCode1=broadcast&adtDefaultYear=false,,,O,1986_01.jpg
1986,1986_02,간첩신고,사회공동체,안전,https://www.kobaco.co.kr/site/main/archive/advertising/5/94?cp=41&pageSize=8&sortDirection=DESC&arcUse=true&arcCategory=5&metaCode1=broadcast&adtDefaultYear=false,,,,
1986,1986_03,경제,경제사회/기타,국가경제,https://www.kobaco.co.kr/site/main/archive/advertising/5/83?cp=43&pageSize=8&sortDirection=DESC&arcUse=true&arcCategory=5&metaCode1=broadcast&adtDefaultYear=false,,,O,1986_03.jpg
1986,1986_04,꿈나무,자연환경,한강,https://www.kobaco.co.kr/site/main/archive/advertising/5/86?cp=42&pageSize=8&sortDirection=DESC&arcUse=true&arcCategory=5&metaCode1=broadcast&adtDefaultYear=false,,,O,1986_04.jpg
1986,1986_05,노젓는 노인,자연환경,한강,https://www.kobaco.co.kr/site/main/archive/advertising/5/89?cp=42&pageSize=8&sortDirection=DESC&arcUse=true&arcCategory=5&metaCode1=broadcast&adtDefaultYear=false,,,O,1986_05.jpg
1986,1986_06,다시와본 한강,자연환경,한강,https://www.kobaco.co.kr/site/main/archive/advertising/5/85?cp=42&pageSize=8&sortDirection=DESC&arcUse=true&arcCategory=5&metaCode1=broadcast&adtDefaultYear=false,,,O,1986_06.jpg
1986,1986_07,먼지,자연환경,환경보전,https://www.kobaco.co.kr/site/main/archive/advertising/5/77?cp=43&pageSize=8&sortDirection=DESC&arcUse=true&arcCategory=5&metaCode1=broadcast&adtDefaultYear=false,,,O,1986_07.jpg
1986,1986_08,문화유산,경제사회/기타,국가브랜드,https://www.kobaco.co.kr/site/main/archive/advertising/5/79?cp=2&pageSize=8&sortDirection=DESC&arcUse=true&arcCategory=5&metaCode1=broadcast&adtManufactureYear=1986&adtDefaultYear=false,,,O,1986_08.jpg
1986,1986_09,문화창달,경제사회/기타,국가브랜드,https://www.kobaco.co.kr/site/main/archive/advertising/5/87?cp=42&pageSize=8&sortDirection=DESC&arcUse=true&arcCategory=5&metaCode1=broadcast&adtDefaultYear=false,,,O,1986_09.jpg
1986,1986_10,미꾸라지,사회공동체,교통안전,https://www.kobaco.co.kr/site/main/archive/advertising/5/78?cp=43&pageSize=8&sortDirection=DESC&arcUse=true&arcCategory=5&metaCode1=broadcast&adtDefaultYear=false,,,O,1986_10.jpg
1986,1986_11,바른언어생활,사회공동체,언어생활,https://www.kobaco.co.kr/site/main/archive/advertising/5/93?cp=41&pageSize=8&sortDirection=DESC&arcUse=true&arcCategory=5&metaCode1=broadcast&adtDefaultYear=false,,,O,1986_11.jpg
1986,1986_12,백로는 날아들고,자연환경,한강,https://www.kobaco.co.kr/site/main/archive/advertising/5/84?cp=42&pageSize=8&sortDirection=DESC&arcUse=true&arcCategory=5&metaCode1=broadcast&adtDefaultYear=false,,,O,1986_12.jpg
1986,1986_13,새로운 출발,자연환경,한강,https://www.kobaco.co.kr/site/main/archive/advertising/5/80?cp=2&pageSize=8&sortDirection=DESC&arcUse=true&arcCategory=5&metaCode1=broadcast&adtManufactureYear=1986&adtDefaultYear=false,,,O,1986_13.jpg
1986,1986_14,손과 마음을 보탭시다,경제사회/기타,국민의식/나라사랑,https://www.kobaco.co.kr/site/main/archive/advertising/5/92?cp=41&pageSize=8&sortDirection=DESC&arcUse=true&arcCategory=5&metaCode1=broadcast&adtDefaultYear=false,,,O,1986_14.jpg
1986,1986_15,오케스트라,자연환경,불조심,https://www.kobaco.co.kr/site/main/archive/advertising/5/76?cp=3&pageSize=8&sortDirection=DESC&arcUse=true&arcCategory=5&metaCode1=broadcast&adtManufactureYear=1986&adtDefaultYear=false,,,,
1986,1986_16,우리모두 안전요원,경제사회/기타,국민의식/나라사랑,https://www.kobaco.co.kr/site/main/archive/advertising/5/90?cp=42&pageSize=8&sortDirection=DESC&arcUse=true&arcCategory=5&metaCode1=broadcast&adtDefaultYear=false,,,O,1986_16.jpg
1986,1986_17,인공위성,자연환경,한강,https://www.kobaco.co.kr/site/main/archive/advertising/5/88?cp=42&pageSize=8&sortDirection=DESC&arcUse=true&arcCategory=5&metaCode1=broadcast&adtDefaultYear=false,,,O,1986_17.jpg
1986,1986_18,주의와 점검,사회공동체,안전,https://www.kobaco.co.kr/site/main/archive/advertising/5/81?cp=43&pageSize=8&sortDirection=DESC&arcUse=true&arcCategory=5&metaCode1=broadcast&adtDefaultYear=false,,,O,1986_18.jpg
1986,1986_19,톱니바퀴,사회공동체,타인배려/공공매너,https://www.kobaco.co.kr/site/main/archive/advertising/5/91?cp=42&pageSize=8&sortDirection=DESC&arcUse=true&arcCategory=5&metaCode1=broadcast&adtDefaultYear=falsee,,,O,1986_19.jpg
1986,1986_20,한 자녀 가정,가정/청소년,가족계획,https://www.kobaco.co.kr/site/main/archive/advertising/5/74?cp=44&pageSize=8&sortDirection=DESC&arcUse=true&arcCategory=5&metaCode1=broadcast&adtDefaultYear=false,,,O,1986_20.jpg
1986,1986_21,헌혈,공중보건/복지,헌혈,https://www.kobaco.co.kr/site/main/archive/advertising/5/96?cp=41&pageSize=8&sortDirection=DESC&arcUse=true&arcCategory=5&metaCode1=broadcast&adtDefaultYear=false,,,O,1986_21.jpg
1986,1986_22,휴식터,자연환경,한강,https://www.kobaco.co.kr/site/main/archive/advertising/5/82?cp=43&pageSize=8&sortDirection=DESC&arcUse=true&arcCategory=5&metaCode1=broadcast&adtDefaultYear=false,,,O,1986_22.jpg
1987,1987_01,건강한 사회,경제사회/기타,국민의식/나라사랑,https://www.kobaco.co.kr/site/main/archive/advertising/5/99?cp=41&pageSize=8&sortDirection=DESC&arcUse=true&arcCategory=5&metaCode1=broadcast&adtDefaultYear=false,,,,
1987,1987_02,기수단,경제사회/기타,국가브랜드,https://www.kobaco.co.kr/site/main/archive/advertising/5/110?cp=39&pageSize=8&sortDirection=DESC&arcUse=true&arcCategory=5&metaCode1=broadcast&adtDefaultYear=false,,,O,1987_02.jpg
1987,1987_03,다시 찾은 한강,자연환경,한강,https://www.kobaco.co.kr/site/main/archive/advertising/5/114?cp=39&pageSize=8&sortDirection=DESC&arcUse=true&arcCategory=5&metaCode1=broadcast&adtDefaultYear=false,,,O,1987_03.jpg
1987,1987_04,대한국인,경제사회/기타,국민의식/나라사랑,https://www.kobaco.co.kr/site/main/archive/advertising/5/107?cp=40&pageSize=8&sortDirection=DESC&arcUse=true&arcCategory=5&metaCode1=broadcast&adtDefaultYear=false,,,O,1987_04.jpg
1987,1987_05,마음의 문턱,사회공동체,장애인배려,https://www.kobaco.co.kr/site/main/archive/advertising/5/109?cp=39&pageSize=8&sortDirection=DESC&arcUse=true&arcCategory=5&metaCode1=broadcast&adtDefaultYear=false,,,O,1987_05.jpg
1987,1987_06,민족문화의 긍지,경제사회/기타,국민의식/나라사랑,https://www.kobaco.co.kr/site/main/archive/advertising/5/103?cp=40&pageSize=8&sortDirection=DESC&arcUse=true&arcCategory=5&metaCode1=broadcast&adtDefaultYear=false,,,O,1987_06.jpg
1987,1987_07,버려야 할 유산,경제사회/기타,선거,https://www.kobaco.co.kr/site/main/archive/advertising/5/101?cp=40&pageSize=8&sortDirection=DESC&arcUse=true&arcCategory=5&metaCode1=broadcast&adtDefaultYear=false,,,O,1987_07.jpg
1987,1987_08,빙산의 힘,경제사회/기타,국민의식/나라사랑,https://www.kobaco.co.kr/site/main/archive/advertising/5/102?cp=40&pageSize=8&sortDirection=DESC&arcUse=true&arcCategory=5&metaCode1=broadcast&adtDefaultYear=false,,,O,1987_08.jpg
1987,1987_09,산쓰레기,자연환경,환경보전,https://www.kobaco.co.kr/site/main/archive/advertising/5/108?cp=39&pageSize=8&sortDirection=DESC&arcUse=true&arcCategory=5&metaCode1=broadcast&adtDefaultYear=false,,,O,1987_09.jpg
1987,1987_10,악수,경제사회/기타,국민의식/나라사랑,https://www.kobaco.co.kr/site/main/archive/advertising/5/106?cp=40&pageSize=8&sortDirection=DESC&arcUse=true&arcCategory=5&metaCode1=broadcast&adtDefaultYear=false,,,O,1987_10.jpg
1987,1987_11,안전벨트,사회공동체,교통안전,https://www.kobaco.co.kr/site/main/archive/advertising/5/104?cp=40&pageSize=8&sortDirection=DESC&arcUse=true&arcCategory=5&metaCode1=broadcast&adtDefaultYear=false,,,,
1987,1987_12,안전제일의 생활화,사회공동체,안전,https://www.kobaco.co.kr/site/main/archive/advertising/5/98?cp=41&pageSize=8&sortDirection=DESC&arcUse=true&arcCategory=5&metaCode1=broadcast&adtDefaultYear=false,,,O,1987_12.jpg
1987,1987_13,오륜기,경제사회/기타,국가브랜드,https://www.kobaco.co.kr/site/main/archive/advertising/5/105?cp=40&pageSize=8&sortDirection=DESC&arcUse=true&arcCategory=5&metaCode1=broadcast&adtDefaultYear=false,,,O,1987_13.jpg
1987,1987_14,자유와 평화,경제사회/기타,사회화합,https://www.kobaco.co.kr/site/main/archive/advertising/5/113?cp=39&pageSize=8&sortDirection=DESC&arcUse=true&arcCategory=5&metaCode1=broadcast&adtDefaultYear=false,,,O,1987_14.jpg
1987,1987_15,토끼와 거북이,경제사회/기타,절약/소비,https://www.kobaco.co.kr/site/main/archive/advertising/5/100?cp=40&pageSize=8&sortDirection=DESC&arcUse=true&arcCategory=5&metaCode1=broadcast&adtDefaultYear=false,,,O,1987_15.jpg
1987,1987_16,한 자녀 시대,가정/청소년,가족계획,https://www.kobaco.co.kr/site/main/archive/advertising/5/97?cp=41&pageSize=8&sortDirection=DESC&arcUse=true&arcCategory=5&metaCode1=broadcast&adtDefaultYear=false,,,O,1987_16.jpg
1987,1987_17,흔들의자,경제사회/기타,국민의식/나라사랑,https://www.kobaco.co.kr/site/main/archive/advertising/5/112?cp=39&pageSize=8&sortDirection=DESC&arcUse=true&arcCategory=5&metaCode1=broadcast&adtDefaultYear=false,,,O,1987_17.jpg
1988,1988_01,금메달,경제사회/기타,국민의식/나라사랑,https://www.kobaco.co.kr/site/main/archive/advertising/5/128?cp=37&pageSize=8&sortDirection=DESC&arcUse=true&arcCategory=5&metaCode1=broadcast&adtDefaultYear=false,,,O,1988_01.jpg
1988,1988_02,모두가 한 마음,경제사회/기타,국민의식/나라사랑,https://www.kobaco.co.kr/site/main/archive/advertising/5/129?cp=37&pageSize=8&sortDirection=DESC&arcUse=true&arcCategory=5&metaCode1=broadcast&adtDefaultYear=false,,,O,1988_02.jpg
1988,1988_03,사랑의 실천,공중보건/복지,헌혈,https://www.kobaco.co.kr/site/main/archive/advertising/5/119?cp=38&pageSize=8&sortDirection=DESC&arcUse=true&arcCategory=5&metaCode1=broadcast&adtDefaultYear=false,,,O,1988_03.jpg
1988,1988_04,상거래 질서,사회공동체,사회화합,https://www.kobaco.co.kr/site/main/archive/advertising/5/124?cp=37&pageSize=8&sortDirection=DESC&arcUse=true&arcCategory=5&metaCode1=broadcast&adtDefaultYear=false,,,O,1988_04.jpg
1988,1988_05,소비자 권리,경제사회/기타,절약/소비,https://www.kobaco.co.kr/site/main/archive/advertising/5/115?cp=39&pageSize=8&sortDirection=DESC&arcUse=true&arcCategory=5&metaCode1=broadcast&adtDefaultYear=false,,,O,1988_05.jpg
1988,1988_06,송율궁군,사회공동체,장애인배려,https://www.kobaco.co.kr/site/main/archive/advertising/5/120?cp=38&pageSize=8&sortDirection=DESC&arcUse=true&arcCategory=5&metaCode1=broadcast&adtDefaultYear=false,,,O,1988_06.jpg
1988,1988_07,우리 모두의 책임,경제사회/기타,선거,https://www.kobaco.co.kr/site/main/archive/advertising/5/127?cp=37&pageSize=8&sortDirection=DESC&arcUse=true&arcCategory=5&metaCode1=broadcast&adtDefaultYear=false,,,O,1988_07.jpg
1988,1988_08,우리의 모습,경제사회/기타,국민의식/나라사랑,https://www.kobaco.co.kr/site/main/archive/advertising/5/116?cp=38&pageSize=8&sortDirection=DESC&arcUse=true&arcCategory=5&metaCode1=broadcast&adtDefaultYear=false,,,O,1988_08.jpg
1988,1988_09,우정과 화합,경제사회/기타,국가브랜드,https://www.kobaco.co.kr/site/main/archive/advertising/5/125?cp=37&pageSize=8&sortDirection=DESC&arcUse=true&arcCategory=5&metaCode1=broadcast&adtDefaultYear=false,,,O,1988_09.jpg
1988,1988_10,음주운전 예방,사회공동체,교통안전,https://www.kobaco.co.kr/site/main/archive/advertising/5/118?cp=38&pageSize=8&sortDirection=DESC&arcUse=true&arcCategory=5&metaCode1=broadcast&adtDefaultYear=false,,,O,1988_10.jpg
1988,1988_11,인사,사회공동체,타인배려/공공매너,https://www.kobaco.co.kr/site/main/archive/advertising/5/122?cp=38&pageSize=8&sortDirection=DESC&arcUse=true&arcCategory=5&metaCode1=broadcast&adtDefaultYear=false,,,O,1988_11.jpg
1988,1988_12,장승,경제사회/기타,국민의식/나라사랑,https://www.kobaco.co.kr/site/main/archive/advertising/5/126?cp=1&pageSize=8&sortDirection=DESC&arcUse=true&arcCategory=5&metaCode1=broadcast&adtManufactureYear=1988&adtDefaultYear=false,,,,
1988,1988_13,차선 지키기,사회공동체,교통안전,https://www.kobaco.co.kr/site/main/archive/advertising/5/123?cp=38&pageSize=8&sortDirection=DESC&arcUse=true&arcCategory=5&metaCode1=broadcast&adtDefaultYear=false,,,O,1988_13.jpg
1988,1988_14,추적,사회공동체,나눔/이웃,https://www.kobaco.co.kr/site/main/archive/advertising/5/117?cp=38&pageSize=8&sortDirection=DESC&arcUse=true&arcCategory=5&metaCode1=broadcast&adtDefaultYear=false,,,O,1988_14.jpg
1988,1988_15,쾌적한 환경,자연환경,환경보전,https://www.kobaco.co.kr/site/main/archive/advertising/5/121?cp=38&pageSize=8&sortDirection=DESC&arcUse=true&arcCategory=5&metaCode1=broadcast&adtDefaultYear=false,,,O,1988_15.jpg
1989,1989_01,도미노,사회공동체,안전,https://www.kobaco.co.kr/site/main/archive/advertising/5/143?cp=35&pageSize=8&sortDirection=DESC&arcUse=true&arcCategory=5&metaCode1=broadcast&adtDefaultYear=false,,,O,1989_01.jpg
1989,1989_02,등산객,자연환경,불조심,https://www.kobaco.co.kr/site/main/archive/advertising/5/131?cp=37&pageSize=8&sortDirection=DESC&arcUse=true&arcCategory=5&metaCode1=broadcast&adtDefaultYear=false,,,O,1989_02.jpg
1989,1989_03,마음의 여유,사회공동체,타인배려/공공매너,https://www.kobaco.co.kr/site/main/archive/advertising/5/139?cp=36&pageSize=8&sortDirection=DESC&arcUse=true&arcCategory=5&metaCode1=broadcast&adtDefaultYear=false,,,O,1989_03.jpg
1989,1989_04,생활하수,자연환경,환경보전,https://www.kobaco.co.kr/site/main/archive/advertising/5/136?cp=36&pageSize=8&sortDirection=DESC&arcUse=true&arcCategory=5&metaCode1=broadcast&adtDefaultYear=false,,,O,1989_04.jpg
1989,1989_05,세상의 절반,사회공동체,나눔/이웃,https://www.kobaco.co.kr/site/main/archive/advertising/5/130?cp=37&pageSize=8&sortDirection=DESC&arcUse=true&arcCategory=5&metaCode1=broadcast&adtDefaultYear=false,,,O,1989_05.jpg
1989,1989_06,유해환경 추방,가정/청소년,청소년,https://www.kobaco.co.kr/site/main/archive/advertising/5/141?cp=35&pageSize=8&sortDirection=DESC&arcUse=true&arcCategory=5&metaCode1=broadcast&adtDefaultYear=false,,,O,1989_06.jpg
1989,1989_07,인형,가정/청소년,가족/대화,https://www.kobaco.co.kr/site/main/archive/advertising/5/140?cp=35&pageSize=8&sortDirection=DESC&arcUse=true&arcCategory=5&metaCode1=broadcast&adtDefaultYear=false,,,O,1989_07.jpg
1989,1989_08,작은 예절,가정/청소년,가족/대화,https://www.kobaco.co.kr/site/main/archive/advertising/5/135?cp=36&pageSize=8&sortDirection=DESC&arcUse=true&arcCategory=5&metaCode1=broadcast&adtDefaultYear=false,,,O,1989_08.jpg
1989,1989_09,창살,공중보건/복지,담배/마약,https://www.kobaco.co.kr/site/main/archive/advertising/5/138?cp=36&pageSize=8&sortDirection=DESC&arcUse=true&arcCategory=5&metaCode1=broadcast&adtDefaultYear=false,,,O,1989_09.jpg
1989,1989_10,출소자,사회공동체,나눔/이웃,https://www.kobaco.co.kr/site/main/archive/advertising/5/142?cp=35&pageSize=8&sortDirection=DESC&arcUse=true&arcCategory=5&metaCode1=broadcast&adtDefaultYear=false,,,,
1989,1989_11,키재기,가정/청소년,가족/대화,https://www.kobaco.co.kr/site/main/archive/advertising/5/134?cp=36&pageSize=8&sortDirection=DESC&arcUse=true&arcCategory=5&metaCode1=broadcast&adtDefaultYear=false,,,O,1989_11.jpg
1989,1989_12,포도송이,사회공동체,사회화합,https://www.kobaco.co.kr/site/main/archive/advertising/5/132?cp=36&pageSize=8&sortDirection=DESC&arcUse=true&arcCategory=5&metaCode1=broadcast&adtDefaultYear=false,,,O,1989_12.jpg
1989,1989_13,풍선,경제사회/기타,절약/소비,https://www.kobaco.co.kr/site/main/archive/advertising/5/133?cp=36&pageSize=8&sortDirection=DESC&arcUse=true&arcCategory=5&metaCode1=broadcast&adtDefaultYear=false,,,O,1989_13.jpg
1989,1989_14,헬멧,사회공동체,안전,https://www.kobaco.co.kr/site/main/archive/advertising/5/137?cp=36&pageSize=8&sortDirection=DESC&arcUse=true&arcCategory=5&metaCode1=broadcast&adtDefaultYear=false,,,O,1989_14.jpg
1990,1990_01,대화,가정/청소년,가족/대화,https://www.kobaco.co.kr/site/main/archive/advertising/5/203?cp=34&pageSize=8&sortDirection=DESC&arcUse=true&arcCategory=5&metaCode1=broadcast&adtDefaultYear=false,,,,
1990,1990_02,런칭,자연환경,환경보전,https://www.kobaco.co.kr/site/main/archive/advertising/5/154?cp=34&pageSize=8&sortDirection=DESC&arcUse=true&arcCategory=5&metaCode1=broadcast&adtDefaultYear=false,,,O,1990_02.jpg
1990,1990_03,사랑의 손길,공중보건/복지,헌혈,https://www.kobaco.co.kr/site/main/archive/advertising/5/152?cp=34&pageSize=8&sortDirection=DESC&arcUse=true&arcCategory=5&metaCode1=broadcast&adtDefaultYear=false,,,O,1990_03.jpg
1990,1990_04,산업폐수,자연환경,환경보전,https://www.kobaco.co.kr/site/main/archive/advertising/5/144?cp=35&pageSize=8&sortDirection=DESC&arcUse=true&arcCategory=5&metaCode1=broadcast&adtDefaultYear=false,,,,
1990,1990_05,생산성 향상,경제사회/기타,국민의식/나라사랑,https://www.kobaco.co.kr/site/main/archive/advertising/5/201?cp=34&pageSize=8&sortDirection=DESC&arcUse=true&arcCategory=5&metaCode1=broadcast&adtDefaultYear=false,,,O,1990_05.jpg
1990,1990_06,스위치,사회공동체,공공질서&예절,https://www.kobaco.co.kr/site/main/archive/advertising/5/149?cp=35&pageSize=8&sortDirection=DESC&arcUse=true&arcCategory=5&metaCode1=broadcast&adtDefaultYear=false,,,,
1990,1990_07,오뚜기,사회공동체,교통안전,https://www.kobaco.co.kr/site/main/archive/advertising/5/206?cp=34&pageSize=8&sortDirection=DESC&arcUse=true&arcCategory=5&metaCode1=broadcast&adtDefaultYear=false,,,O,1990_07.jpg
1990,1990_08,늑대인간,사회공동체,타인배려/공공매너,https://www.kobaco.co.kr/site/main/archive/advertising/5/199?cp=34&pageSize=8&sortDirection=DESC&arcUse=true&arcCategory=5&metaCode1=broadcast&adtDefaultYear=false,,,O,1990_08.jpg
1990,1990_09,이기심,사회공동체,나눔/이웃,https://www.kobaco.co.kr/site/main/archive/advertising/5/145?cp=35&pageSize=8&sortDirection=DESC&arcUse=true&arcCategory=5&metaCode1=broadcast&adtDefaultYear=false,,,O,1990_09.jpg
1990,1990_10,종이배,경제사회/기타,절약/소비,https://www.kobaco.co.kr/site/main/archive/advertising/5/175?cp=34&pageSize=8&sortDirection=DESC&arcUse=true&arcCategory=5&metaCode1=broadcast&adtDefaultYear=false,,,O,1990_10.jpg
1990,1990_11,퍼즐,경제사회/기타,국민의식/나라사랑,https://www.kobaco.co.kr/site/main/archive/advertising/5/210?cp=34&pageSize=8&sortDirection=DESC&arcUse=true&arcCategory=5&metaCode1=broadcast&adtDefaultYear=false,,,O,1990_11.jpg
1990,1990_12,합성세제,자연환경,환경보전,https://www.kobaco.co.kr/site/main/archive/advertising/5/146?cp=35&pageSize=8&sortDirection=DESC&arcUse=true&arcCategory=5&metaCode1=broadcast&adtDefaultYear=false,,,O,1990_12.jpg
1991,1991_01,귀중한 한표,경제사회/기타,선거,https://www.kobaco.co.kr/site/main/archive/advertising/5/277?cp=32&pageSize=8&sortDirection=DESC&arcUse=true&arcCategory=5&metaCode1=broadcast&adtDefaultYear=false,,,O,1991_01.jpg
1991,1991_02,그냥 두세요,가정/청소년,가족/대화,https://www.kobaco.co.kr/site/main/archive/advertising/5/263?cp=33&pageSize=8&sortDirection=DESC&arcUse=true&arcCategory=5&metaCode1=broadcast&adtDefaultYear=false,,,O,1991_02.jpg
1991,1991_03,늦지 않았습니다,경제사회/기타,국가경제,https://www.kobaco.co.kr/site/main/archive/advertising/5/265?cp=33&pageSize=8&sortDirection=DESC&arcUse=true&arcCategory=5&metaCode1=broadcast&adtDefaultYear=false,,,O,1991_03.jpg
1991,1991_04,달력,사회공동체,저축절약/소비,https://www.kobaco.co.kr/site/main/archive/advertising/5/390?cp=1&sv=%EC%93%B0%EB%A0%88%EA%B8%B0&pageSize=8&sortDirection=DESC&arcUse=true&arcCategory=5&metaCode1=broadcast&adtManufactureYear=&adtDefaultYear=false,,,O,1991_04.jpg
1991,1991_05,따뜻한 마음,사회공동체,나눔/이웃,https://www.kobaco.co.kr/site/main/archive/advertising/5/214?cp=33&pageSize=8&sortDirection=DESC&arcUse=true&arcCategory=5&metaCode1=broadcast&adtDefaultYear=false,,,O,1991_05.jpg
1991,1991_06,따뜻한 손길,사회공동체,나눔/이웃,https://www.kobaco.co.kr/site/main/archive/advertising/5/285?cp=32&pageSize=8&sortDirection=DESC&arcUse=true&arcCategory=5&metaCode1=broadcast&adtDefaultYear=false,,,O,1991_06.jpg
1991,1991_07,무관심,사회공동체,안전,https://www.kobaco.co.kr/site/main/archive/advertising/5/268?cp=33&pageSize=8&sortDirection=DESC&arcUse=true&arcCategory=5&metaCode1=broadcast&adtDefaultYear=false,,,O,1991_07.jpg
1991,1991_08,올가미,공중보건/복지,담배/마약,https://www.kobaco.co.kr/site/main/archive/advertising/5/274?cp=32&pageSize=8&sortDirection=DESC&arcUse=true&arcCategory=5&metaCode1=broadcast&adtDefaultYear=false,,,,
1991,1991_09,음식물낭비,사회공동체,사회화합,https://www.kobaco.co.kr/site/main/archive/advertising/5/216?cp=33&pageSize=8&sortDirection=DESC&arcUse=true&arcCategory=5&metaCode1=broadcast&adtDefaultYear=false,,,O,1991_09.jpg
1991,1991_10,좌절극복,가정/청소년,청소년,https://www.kobaco.co.kr/site/main/archive/advertising/5/276?cp=32&pageSize=8&sortDirection=DESC&arcUse=true&arcCategory=5&metaCode1=broadcast&adtDefaultYear=false,,,O,1991_10.jpg
1991,1991_11,초롱이 탄생,자연환경,환경보전,https://www.kobaco.co.kr/site/main/archive/advertising/5/217?cp=33&pageSize=8&sortDirection=DESC&arcUse=true&arcCategory=5&metaCode1=broadcast&adtDefaultYear=false,,,O,1991_11.jpg
1991,1991_12,턱,사회공동체,장애인배려,https://www.kobaco.co.kr/site/main/archive/advertising/5/273?cp=32&pageSize=8&sortDirection=DESC&arcUse=true&arcCategory=5&metaCode1=broadcast&adtDefaultYear=false,,,O,1991_12.jpg
1991,1991_13,필름 역회전,사회공동체,교통안전,https://www.kobaco.co.kr/site/main/archive/advertising/5/275?cp=32&pageSize=8&sortDirection=DESC&arcUse=true&arcCategory=5&metaCode1=broadcast&adtDefaultYear=false,,,O,1991_13.jpg
1991,1991_14,행락철 환경보존,자연환경,환경보전,https://www.kobaco.co.kr/site/main/archive/advertising/5/270?cp=33&pageSize=8&sortDirection=DESC&arcUse=true&arcCategory=5&metaCode1=broadcast&adtDefaultYear=false,,,O,1991_14.jpg
1991,1991_15,화합의 한마당,경제사회/기타,국가브랜드,https://www.kobaco.co.kr/site/main/archive/advertising/5/272?cp=32&pageSize=8&sortDirection=DESC&arcUse=true&arcCategory=5&metaCode1=broadcast&adtDefaultYear=false,,,O,1991_15.jpg
1992,1992_01,경제 재도약,경제사회/기타,국가경제,https://www.kobaco.co.kr/site/main/archive/advertising/5/303?cp=31&pageSize=8&sortDirection=DESC&arcUse=true&arcCategory=5&metaCode1=broadcast&adtDefaultYear=false,,,O,1992_01.jpg
1992,1992_02,금권선거방지,경제사회/기타,선거,https://www.kobaco.co.kr/site/main/archive/advertising/5/299?cp=31&pageSize=8&sortDirection=DESC&arcUse=true&arcCategory=5&metaCode1=broadcast&adtDefaultYear=false,,,O,1992_02.jpg
1992,1992_03,누렁이,자연환경,환경보전,https://www.kobaco.co.kr/site/main/archive/advertising/5/308?cp=31&pageSize=8&sortDirection=DESC&arcUse=true&arcCategory=5&metaCode1=broadcast&adtDefaultYear=false,,,O,1992_03.jpg
1992,1992_04,다시 한번 뜁시다,경제사회/기타,국민의식/나라사랑,https://www.kobaco.co.kr/site/main/archive/advertising/5/315?cp=30&pageSize=8&sortDirection=DESC&arcUse=true&arcCategory=5&metaCode1=broadcast&adtDefaultYear=false,,,O,1992_04.jpg
1992,1992_05,대선투표 참여,경제사회/기타,선거,https://www.kobaco.co.kr/site/main/archive/advertising/5/302?cp=31&pageSize=8&sortDirection=DESC&arcUse=true&arcCategory=5&metaCode1=broadcast&adtDefaultYear=false,,,O,1992_05.jpg
1992,1992_06,밝고 희망찬 사회,경제사회/기타,국가경제,https://www.kobaco.co.kr/site/main/archive/advertising/5/321?cp=30&pageSize=8&sortDirection=DESC&arcUse=true&arcCategory=5&metaCode1=broadcast&adtDefaultYear=false,,,O,1992_06.jpg
1992,1992_07,산불방지,자연환경,불조심,https://www.kobaco.co.kr/site/main/archive/advertising/5/318?cp=30&pageSize=8&sortDirection=DESC&arcUse=true&arcCategory=5&metaCode1=broadcast&adtDefaultYear=false,,,O,1992_07.jpg
1992,1992_08,새출발,경제사회/기타,국민의식/나라사랑,https://www.kobaco.co.kr/site/main/archive/advertising/5/289?cp=32&pageSize=8&sortDirection=DESC&arcUse=true&arcCategory=5&metaCode1=broadcast&adtDefaultYear=false,,,O,1992_08.jpg
1992,1992_09,신뢰사회,경제사회/기타,국민의식/나라사랑,https://www.kobaco.co.kr/site/main/archive/advertising/5/306?cp=31&pageSize=8&sortDirection=DESC&arcUse=true&arcCategory=5&metaCode1=broadcast&adtDefaultYear=false,,,O,1992_09.jpg
1992,1992_10,쓰레기 다이어트,자연환경,환경보전,https://www.kobaco.co.kr/site/main/archive/advertising/5/305?cp=1&sv=%EC%93%B0%EB%A0%88%EA%B8%B0&pageSize=8&sortDirection=DESC&arcUse=true&arcCategory=5&metaCode1=broadcast&adtManufactureYear=&adtDefaultYear=false,,,O,1992_10.jpg
1992,1992_11,자원 재활용,자연환경,재활용,https://www.kobaco.co.kr/site/main/archive/advertising/5/295?cp=31&pageSize=8&sortDirection=DESC&arcUse=true&arcCategory=5&metaCode1=broadcast&adtDefaultYear=false,,,O,1992_11.jpg
1992,1992_12,절전,자연환경,에너지 절약,https://www.kobaco.co.kr/site/main/archive/advertising/5/310?cp=31&pageSize=8&sortDirection=DESC&arcUse=true&arcCategory=5&metaCode1=broadcast&adtDefaultYear=false,,,O,1992_12.jpg
1992,1992_13,제14대 국회의원,경제사회/기타,선거,https://www.kobaco.co.kr/site/main/archive/advertising/5/334?cp=30&pageSize=8&sortDirection=DESC&arcUse=true&arcCategory=5&metaCode1=broadcast&adtDefaultYear=false,,,O,1992_13.jpg
1992,1992_14,청소년의 합창,가정/청소년,청소년,https://www.kobaco.co.kr/site/main/archive/advertising/5/312?cp=30&pageSize=8&sortDirection=DESC&arcUse=true&arcCategory=5&metaCode1=broadcast&adtDefaultYear=false,,,,
1993,1993_01,경제를 살립시다,경제사회/기타,국가경제,https://www.kobaco.co.kr/site/main/archive/advertising/5/352?cp=29&pageSize=8&sortDirection=DESC&arcUse=true&arcCategory=5&metaCode1=broadcast&adtDefaultYear=false,,,O,1993_01.jpg
1993,1993_02,국가경쟁력 강화,경제사회/기타,국가경제,https://www.kobaco.co.kr/site/main/archive/advertising/5/336?cp=30&pageSize=8&sortDirection=DESC&arcUse=true&arcCategory=5&metaCode1=broadcast&adtDefaultYear=false,,,O,1993_02.jpg
1993,1993_03,도우미,경제사회/기타,국민의식/나라사랑,https://www.kobaco.co.kr/site/main/archive/advertising/5/350?cp=29&pageSize=8&sortDirection=DESC&arcUse=true&arcCategory=5&metaCode1=broadcast&adtDefaultYear=false,,,O,1993_03.jpg
1993,1993_04,부정부패 추방,사회공동체,부정부패,https://www.kobaco.co.kr/site/main/archive/advertising/5/353?cp=28&pageSize=8&sortDirection=DESC&arcUse=true&arcCategory=5&metaCode1=broadcast&adtDefaultYear=false,,,O,1993_04.jpg
1993,1993_05,산업역군,경제사회/기타,국가경제,https://www.kobaco.co.kr/site/main/archive/advertising/5/344?cp=29&pageSize=8&sortDirection=DESC&arcUse=true&arcCategory=5&metaCode1=broadcast&adtDefaultYear=false,,,O,1993_05.jpg
1993,1993_06,새다짐 새각오,경제사회/기타,국민의식/나라사랑,https://www.kobaco.co.kr/site/main/archive/advertising/5/335?cp=30&pageSize=8&sortDirection=DESC&arcUse=true&arcCategory=5&metaCode1=broadcast&adtDefaultYear=false,,,O,1993_06.jpg
1993,1993_07,아버지와 딸,경제사회/기타,국가브랜드,https://www.kobaco.co.kr/site/main/archive/advertising/5/342?cp=29&pageSize=8&sortDirection=DESC&arcUse=true&arcCategory=5&metaCode1=broadcast&adtDefaultYear=false,,,O,1993_07.jpg
1993,1993_08,작은 관심 큰 도움,사회공동체,나눔/이웃,https://www.kobaco.co.kr/site/main/archive/advertising/5/337?cp=30&pageSize=8&sortDirection=DESC&arcUse=true&arcCategory=5&metaCode1=broadcast&adtDefaultYear=false,,,O,1993_08.jpg
1993,1993_09,증언,사회공동체,사회화합,https://www.kobaco.co.kr/site/main/archive/advertising/5/338?cp=29&pageSize=8&sortDirection=DESC&arcUse=true&arcCategory=5&metaCode1=broadcast&adtDefaultYear=false,,,O,1993_09.jpg
1993,1993_10,청소년 교육,가정/청소년,가족/대화,https://www.kobaco.co.kr/site/main/archive/advertising/5/347?cp=29&pageSize=8&sortDirection=DESC&arcUse=true&arcCategory=5&metaCode1=broadcast&adtDefaultYear=false,,,O,1993_10.jpg
1993,1993_11,프로정신,경제사회/기타,국가경제,https://www.kobaco.co.kr/site/main/archive/advertising/5/339?cp=29&pageSize=8&sortDirection=DESC&arcUse=true&arcCategory=5&metaCode1=broadcast&adtDefaultYear=false,,,O,1993_11.jpg
1993,1993_12,환경주부,자연환경,환경보전,https://www.kobaco.co.kr/site/main/archive/advertising/5/349?cp=29&pageSize=8&sortDirection=DESC&arcUse=true&arcCategory=5&metaCode1=broadcast&adtDefaultYear=false,,,O,1993_12.jpg
1994,1994_01,과학기술 혁신,경제사회/기타,국민의식/나라사랑,https://www.kobaco.co.kr/site/main/archive/advertising/5/368?cp=28&pageSize=8&sortDirection=DESC&arcUse=true&arcCategory=5&metaCode1=broadcast&adtDefaultYear=false,,,O,1994_01.jpg
1994,1994_02,농촌사랑,사회공동체,나눔/이웃,https://www.kobaco.co.kr/site/main/archive/advertising/5/371?cp=28&pageSize=8&sortDirection=DESC&arcUse=true&arcCategory=5&metaCode1=broadcast&adtDefaultYear=false,,,O,1994_02.jpg
1994,1994_03,도덕성 회복,경제사회/기타,국민의식/나라사랑,https://www.kobaco.co.kr/site/main/archive/advertising/5/354?cp=28&pageSize=8&sortDirection=DESC&arcUse=true&arcCategory=5&metaCode1=broadcast&adtDefaultYear=false,,,O,1994_03.jpg
1994,1994_04,마약추방,공중보건/복지,담배/마약,https://www.kobaco.co.kr/site/main/archive/advertising/5/372?cp=27&pageSize=8&sortDirection=DESC&arcUse=true&arcCategory=5&metaCode1=broadcast&adtDefaultYear=false,,,O,1994_04.jpg
1994,1994_05,맑은공기 보존,자연환경,환경보전,https://www.kobaco.co.kr/site/main/archive/advertising/5/369?cp=28&pageSize=8&sortDirection=DESC&arcUse=true&arcCategory=5&metaCode1=broadcast&adtDefaultYear=false,,,,
1994,1994_06,맑은물 되살리기,자연환경,환경보전,https://www.kobaco.co.kr/site/main/archive/advertising/5/376?cp=27&pageSize=8&sortDirection=DESC&arcUse=true&arcCategory=5&metaCode1=broadcast&adtDefaultYear=false,,,O,1994_06.jpg
1994,1994_07,신문고,사회공동체,사회화합,https://www.kobaco.co.kr/site/main/archive/advertising/5/374?cp=27&pageSize=8&sortDirection=DESC&arcUse=true&arcCategory=5&metaCode1=broadcast&adtDefaultYear=false,,,O,1994_07.jpg
1994,1994_08,예절,사회공동체,타인배려/공공매너,https://www.kobaco.co.kr/site/main/archive/advertising/5/373?cp=27&pageSize=8&sortDirection=DESC&arcUse=true&arcCategory=5&metaCode1=broadcast&adtDefaultYear=false,,,O,1994_08.jpg
1994,1994_09,이웃사랑-정,사회공동체,나눔/이웃,https://www.kobaco.co.kr/site/main/archive/advertising/5/366?cp=28&pageSize=8&sortDirection=DESC&arcUse=true&arcCategory=5&metaCode1=broadcast&adtDefaultYear=false,,,O,1994_09.jpg
1994,1994_10,자연은 우리의 생명,자연환경,환경보전,https://www.kobaco.co.kr/site/main/archive/advertising/5/367?cp=28&pageSize=8&sortDirection=DESC&arcUse=true&arcCategory=5&metaCode1=broadcast&adtDefaultYear=false,,,O,1994_10.jpg
1994,1994_11,질서,사회공동체,타인배려/공공매너,https://www.kobaco.co.kr/site/main/archive/advertising/5/370?cp=28&pageSize=8&sortDirection=DESC&arcUse=true&arcCategory=5&metaCode1=broadcast&adtDefaultYear=false,,,O,1994_11.jpg
1994,1994_12,화합하여 세계로,경제사회/기타,국민의식/나라사랑,https://www.kobaco.co.kr/site/main/archive/advertising/5/375?cp=27&pageSize=8&sortDirection=DESC&arcUse=true&arcCategory=5&metaCode1=broadcast&adtDefaultYear=false,,,O,1994_12.jpg
1995,1995_01,꽁초할아버지,사회공동체,공공질서&예절,https://www.kobaco.co.kr/site/main/archive/advertising/5/386?cp=26&pageSize=8&sortDirection=DESC&arcUse=true&arcCategory=5&metaCode1=broadcast&adtDefaultYear=false,,,O,1995_01.jpg
1995,1995_02,노사는 동반자,사회공동체,사회화합,https://www.kobaco.co.kr/site/main/archive/advertising/5/394?cp=26&pageSize=8&sortDirection=DESC&arcUse=true&arcCategory=5&metaCode1=broadcast&adtDefaultYear=false,,,O,1995_02.jpg
1995,1995_03,노희지의 깨끗한 선거,경제사회/기타,선거,https://www.kobaco.co.kr/site/main/archive/advertising/5/393?cp=26&pageSize=8&sortDirection=DESC&arcUse=true&arcCategory=5&metaCode1=broadcast&adtDefaultYear=false,,,O,1995_03.jpg
1995,1995_04,무의탁 노인,가정/청소년,청소년,https://www.kobaco.co.kr/site/main/archive/advertising/5/378?cp=1&sv=%EB%AC%B4%EC%9D%98%ED%83%81&pageSize=8&sortDirection=DESC&arcUse=true&arcCategory=5&metaCode1=broadcast&adtManufactureYear=&adtDefaultYear=false,,,O,1995_04.jpg
1995,1995_05,밝은 청소년상,가정/청소년,청소년,https://www.kobaco.co.kr/site/main/archive/advertising/5/391?cp=26&pageSize=8&sortDirection=DESC&arcUse=true&arcCategory=5&metaCode1=broadcast&adtDefaultYear=false,,,O,1995_05.jpg
1995,1995_06,쓰레기 줄이기,자연환경,환경보전,https://www.kobaco.co.kr/site/main/archive/advertising/5/390?cp=26&pageSize=8&sortDirection=DESC&arcUse=true&arcCategory=5&metaCode1=broadcast&adtDefaultYear=false,,,O,1995_06.jpg
1995,1995_07,앵무새,사회공동체,언어생활,https://www.kobaco.co.kr/site/main/archive/advertising/5/379?cp=27&pageSize=8&sortDirection=DESC&arcUse=true&arcCategory=5&metaCode1=broadcast&adtDefaultYear=false,,,O,1995_07.jpg
1995,1995_08,야생화,자연환경,환경보전,https://www.kobaco.co.kr/site/main/archive/advertising/5/383?cp=26&pageSize=8&sortDirection=DESC&arcUse=true&arcCategory=5&metaCode1=broadcast&adtDefaultYear=false,,,O,1995_08.jpg
1995,1995_09,첫 날,경제사회/기타,국민의식/나라사랑,https://www.kobaco.co.kr/site/main/archive/advertising/5/377?cp=27&pageSize=8&sortDirection=DESC&arcUse=true&arcCategory=5&metaCode1=broadcast&adtDefaultYear=false,,,O,1995_09.jpg
1995,1995_10,해방동이,경제사회/기타,국민의식/나라사랑,https://www.kobaco.co.kr/site/main/archive/advertising/5/388?cp=26&pageSize=8&sortDirection=DESC&arcUse=true&arcCategory=5&metaCode1=broadcast&adtDefaultYear=false,,,O,1995_10.jpg
1996,1996_01,바를正자,경제사회/기타,선거,https://www.kobaco.co.kr/site/main/archive/advertising/5/403?cp=25&pageSize=8&sortDirection=DESC&arcUse=true&arcCategory=5&metaCode1=broadcast&adtDefaultYear=false,,,O,1996_01.jpg
1996,1996_02,부모님의 마음,가정/청소년,폭력예방,https://www.kobaco.co.kr/site/main/archive/advertising/5/400?cp=25&pageSize=8&sortDirection=DESC&arcUse=true&arcCategory=5&metaCode1=broadcast&adtDefaultYear=false,,,O,1996_02.jpg
1996,1996_03,서세원 부부,경제사회/기타,절약/소비,https://www.kobaco.co.kr/site/main/archive/advertising/5/398?cp=25&pageSize=8&sortDirection=DESC&arcUse=true&arcCategory=5&metaCode1=broadcast&adtDefaultYear=false,,,O,1996_03.jpg
1996,1996_04,섬돌위의 신발,가정/청소년,가족/대화,https://www.kobaco.co.kr/site/main/archive/advertising/5/397?cp=26&pageSize=8&sortDirection=DESC&arcUse=true&arcCategory=5&metaCode1=broadcast&adtDefaultYear=false,,,O,1996_04.jpg
1996,1996_05,세계제일,사회공동체,사회화합,https://www.kobaco.co.kr/site/main/archive/advertising/5/402?cp=25&pageSize=8&sortDirection=DESC&arcUse=true&arcCategory=5&metaCode1=broadcast&adtDefaultYear=false,,,O,1996_05.jpg
1996,1996_06,맑은 물이 그립습니다,자연환경,환경보전,https://www.kobaco.co.kr/site/main/archive/advertising/5/401?cp=25&pageSize=8&sortDirection=DESC&arcUse=true&arcCategory=5&metaCode1=broadcast&adtDefaultYear=false,,,O,1996_06.jpg
1996,1996_07,올바른 소비생활,경제사회/기타,절약/소비,https://www.kobaco.co.kr/site/main/archive/advertising/5/399?cp=25&pageSize=8&sortDirection=DESC&arcUse=true&arcCategory=5&metaCode1=broadcast&adtDefaultYear=false,,,O,1996_07.jpg
1997,1997_01,노사는 무촌,사회공동체,사회화합,https://www.kobaco.co.kr/site/main/archive/advertising/5/424?cp=24&pageSize=8&sortDirection=DESC&arcUse=true&arcCategory=5&metaCode1=broadcast&adtDefaultYear=false,,,O,1997_01.jpg
1997,1997_02,다시 뜁시다,경제사회/기타,국가경제,https://www.kobaco.co.kr/site/main/archive/advertising/5/439?cp=24&pageSize=8&sortDirection=DESC&arcUse=true&arcCategory=5&metaCode1=broadcast&adtDefaultYear=false,,,O,1997_02.jpg
1997,1997_03,우리 모두 다 같이 조금만,경제사회/기타,절약/소비,https://www.kobaco.co.kr/site/main/archive/advertising/5/405?cp=25&pageSize=8&sortDirection=DESC&arcUse=true&arcCategory=5&metaCode1=broadcast&adtDefaultYear=false,,,,
1997,1997_04,웃을 수 있는 미래,경제사회/기타,국민의식/나라사랑,https://www.kobaco.co.kr/site/main/archive/advertising/5/404?cp=25&pageSize=8&sortDirection=DESC&arcUse=true&arcCategory=5&metaCode1=broadcast&adtDefaultYear=false,,,,
1997,1997_05,태극기 사랑,경제사회/기타,국민의식/나라사랑,https://www.kobaco.co.kr/site/main/archive/advertising/5/426?cp=24&pageSize=8&sortDirection=DESC&arcUse=true&arcCategory=5&metaCode1=broadcast&adtDefaultYear=false,,,,
1997,1997_06,하얀색 투표용지,경제사회/기타,선거,https://www.kobaco.co.kr/site/main/archive/advertising/5/429?cp=24&pageSize=8&sortDirection=DESC&arcUse=true&arcCategory=5&metaCode1=broadcast&adtDefaultYear=false,,,O,1997_06.jpg
1998,1998_01,IMF졸업식,경제사회/기타,국가경제,https://www.kobaco.co.kr/site/main/archive/advertising/5/443?cp=24&pageSize=8&sortDirection=DESC&arcUse=true&arcCategory=5&metaCode1=broadcast&adtDefaultYear=false,,,,
1998,1998_02,도전,사회공동체,사회화합,https://www.kobaco.co.kr/site/main/archive/advertising/5/452?cp=23&pageSize=8&sortDirection=DESC&arcUse=true&arcCategory=5&metaCode1=broadcast&adtDefaultYear=false,,,O,1998_02.jpg
1998,1998_03,똑똑한 소비,경제사회/기타,절약/소비,https://www.kobaco.co.kr/site/main/archive/advertising/5/441?cp=24&pageSize=8&sortDirection=DESC&arcUse=true&arcCategory=5&metaCode1=broadcast&adtDefaultYear=false,,,,
1998,1998_04,외채줄이기,경제사회/기타,국가경제,https://www.kobaco.co.kr/site/main/archive/advertising/5/442?cp=24&pageSize=8&sortDirection=DESC&arcUse=true&arcCategory=5&metaCode1=broadcast&adtDefaultYear=false,,,O,1998_04.jpg
1998,1998_05,의자,경제사회/기타,국가경제,https://www.kobaco.co.kr/site/main/archive/advertising/5/451?cp=23&pageSize=8&sortDirection=DESC&arcUse=true&arcCategory=5&metaCode1=broadcast&adtDefaultYear=false,,,O,1998_05.jpg
1998,1998_06,처음처럼,경제사회/기타,국민의식/나라사랑,https://www.kobaco.co.kr/site/main/archive/advertising/5/444?cp=23&pageSize=8&sortDirection=DESC&arcUse=true&arcCategory=5&metaCode1=broadcast&adtDefaultYear=false,,,O,1998_06.jpg
1998,1998_07,청소년 독백,가정/청소년,폭력예방,https://www.kobaco.co.kr/site/main/archive/advertising/5/440?cp=24&pageSize=8&sortDirection=DESC&arcUse=true&arcCategory=5&metaCode1=broadcast&adtDefaultYear=false,,,,
1999,1999_01,기본이 바로 선 나라,경제사회/기타,국민의식/나라사랑,https://www.kobaco.co.kr/site/main/archive/advertising/5/454?cp=23&pageSize=8&sortDirection=DESC&arcUse=true&arcCategory=5&metaCode1=broadcast&adtDefaultYear=false,,,,
1999,1999_02,독서 캠페인,사회공동체,사회화합,https://www.kobaco.co.kr/site/main/archive/advertising/5/456?cp=23&pageSize=8&sortDirection=DESC&arcUse=true&arcCategory=5&metaCode1=broadcast&adtDefaultYear=false,,,O,1999_02.jpg
1999,1999_03,새 천년 새 한국,경제사회/기타,국민의식/나라사랑,https://www.kobaco.co.kr/site/main/archive/advertising/5/458?cp=22&pageSize=8&sortDirection=DESC&arcUse=true&arcCategory=5&metaCode1=broadcast&adtDefaultYear=false,,,O,1999_03.jpg
1999,1999_04,쉬운일은 아닙니다,경제사회/기타,부정부패,https://www.kobaco.co.kr/site/main/archive/advertising/5/455?cp=23&pageSize=8&sortDirection=DESC&arcUse=true&arcCategory=5&metaCode1=broadcast&adtDefaultYear=false,,,O,1999_04.jpg
1999,1999_05,우리는 드림팀이 아닙니다,경제사회/기타,국민의식/나라사랑,https://www.kobaco.co.kr/site/main/archive/advertising/5/457?cp=23&pageSize=8&sortDirection=DESC&arcUse=true&arcCategory=5&metaCode1=broadcast&adtDefaultYear=false,,,,
1999,1999_06,친절은 표현할때,경제사회/기타,국민의식/나라사랑,https://www.kobaco.co.kr/site/main/archive/advertising/5/453?cp=23&pageSize=8&sortDirection=DESC&arcUse=true&arcCategory=5&metaCode1=broadcast&adtDefaultYear=false,,,O,1999_06.jpg
2000,2000_01,산불예방,자연환경,불조심,https://www.kobaco.co.kr/site/main/archive/advertising/5/463?cp=22&pageSize=8&sortDirection=DESC&arcUse=true&arcCategory=5&metaCode1=broadcast&adtDefaultYear=false,,,O,2000_01.jpg
2000,2000_02,우리의 아이,경제사회/기타,국민의식/나라사랑,https://www.kobaco.co.kr/site/main/archive/advertising/5/461?cp=22&pageSize=8&sortDirection=DESC&arcUse=true&arcCategory=5&metaCode1=broadcast&adtDefaultYear=false,,,O,2000_02.jpg
2000,2000_03,이웃사랑,공중보건/복지,헌혈,https://www.kobaco.co.kr/site/main/archive/advertising/5/462?cp=22&pageSize=8&sortDirection=DESC&arcUse=true&arcCategory=5&metaCode1=broadcast&adtDefaultYear=false,,,O,2000_03.jpg
2000,2000_04,제대로 찍으셔야죠,경제사회/기타,선거,https://www.kobaco.co.kr/site/main/archive/advertising/5/459?cp=22&pageSize=8&sortDirection=DESC&arcUse=true&arcCategory=5&metaCode1=broadcast&adtDefaultYear=false,,,O,2000_04.jpg
2000,2000_05,질서는 당신의 얼굴입니다,사회공동체,타인배려/공공매너,https://www.kobaco.co.kr/site/main/archive/advertising/5/460?cp=22&pageSize=8&sortDirection=DESC&arcUse=true&arcCategory=5&metaCode1=broadcast&adtDefaultYear=false,,,O,2000_05.jpg
2000,2000_06,국민화합-조정경기,경제사회/기타,국민의식/나라사랑,https://www.kobaco.co.kr/site/main/archive/advertising/5/464?cp=22&pageSize=8&sortDirection=DESC&arcUse=true&arcCategory=5&metaCode1=broadcast&adtDefaultYear=false,,,O,2000_06.jpg
2001,2001_01,10년 후의 명함,사회공동체,사회화합,https://www.kobaco.co.kr/site/main/archive/advertising/5/474?cp=21&pageSize=8&sortDirection=DESC&arcUse=true&arcCategory=5&metaCode1=broadcast&adtDefaultYear=false,,,O,2001_01.jpg
2001,2001_02,글로벌 에티켓,사회공동체,교통안전,https://www.kobaco.co.kr/site/main/archive/advertising/5/465?cp=22&pageSize=8&sortDirection=DESC&arcUse=true&arcCategory=5&metaCode1=broadcast&adtDefaultYear=false,,,O,2001_02.jpg
2001,2001_03,샤워,자연환경,물,https://www.kobaco.co.kr/site/main/archive/advertising/5/472?cp=21&pageSize=8&sortDirection=DESC&arcUse=true&arcCategory=5&metaCode1=broadcast&adtDefaultYear=false,,,O,2001_03.jpg
2001,2001_04,월드컵,경제사회/기타,국가브랜드,https://www.kobaco.co.kr/site/main/archive/advertising/5/467?cp=21&pageSize=8&sortDirection=DESC&arcUse=true&arcCategory=5&metaCode1=broadcast&adtDefaultYear=false,,,O,2001_04.jpg
2001,2001_05,주수소,자연환경,물,https://www.kobaco.co.kr/site/main/archive/advertising/5/468?cp=21&pageSize=8&sortDirection=DESC&arcUse=true&arcCategory=5&metaCode1=broadcast&adtDefaultYear=false,,,O,2001_05.jpg
2001,2001_06,친절,사회공동체,타인배려/공공매너,https://www.kobaco.co.kr/site/main/archive/advertising/5/466?cp=21&pageSize=8&sortDirection=DESC&arcUse=true&arcCategory=5&metaCode1=broadcast&adtDefaultYear=false,,,O,2001_06.jpg
2002,2002_01,무덤,공중보건/복지,담배/마약,https://www.kobaco.co.kr/site/main/archive/advertising/5/483?cp=1&sv=%EB%AC%B4%EB%8D%A4&pageSize=8&sortDirection=DESC&arcUse=true&arcCategory=5&metaCode1=broadcast&adtManufactureYear=&adtDefaultYear=false,,,O,2002_01.jpg
2002,2002_02,미소,사회공동체,타인배려/공공매너,https://www.kobaco.co.kr/site/main/archive/advertising/5/480?cp=1&sv=%EB%AF%B8%EC%86%8C&pageSize=8&sortDirection=DESC&arcUse=true&arcCategory=5&metaCode1=broadcast&adtManufactureYear=&adtDefaultYear=false,,,O,2002_02.jpg
2002,2002_03,생활하수,자연환경,환경보전,https://www.kobaco.co.kr/site/main/archive/advertising/5/485?cp=20&pageSize=8&sortDirection=DESC&arcUse=true&arcCategory=5&metaCode1=broadcast&adtDefaultYear=false,,,O,2002_03.jpg
2002,2002_04,약속,경제사회/기타,국민의식/나라사랑,https://www.kobaco.co.kr/site/main/archive/advertising/5/481?cp=1&sv=%EC%95%BD%EC%86%8D&pageSize=8&sortDirection=DESC&arcUse=true&arcCategory=5&metaCode1=broadcast&adtManufactureYear=&adtDefaultYear=false,,,O,2002_04.jpg
2002,2002_05,이웃사랑-결식아동,사회공동체,나눔/이웃,https://www.kobaco.co.kr/site/main/archive/advertising/5/476?cp=21&pageSize=8&sortDirection=DESC&arcUse=true&arcCategory=5&metaCode1=broadcast&adtDefaultYear=false,,,O,2002_05.jpg
2002,2002_06,불우이웃돕기-종소리,사회공동체,나눔/이웃,https://www.kobaco.co.kr/site/main/archive/advertising/5/487?cp=20&pageSize=8&sortDirection=DESC&arcUse=true&arcCategory=5&metaCode1=broadcast&adtDefaultYear=false,,,O,2002_06.jpg
2002,2002_07,푸른 신호등,사회공동체,교통안전,https://www.kobaco.co.kr/site/main/archive/advertising/5/478?cp=1&sv=%ED%91%B8%EB%A5%B8&pageSize=8&sortDirection=DESC&arcUse=true&arcCategory=5&metaCode1=broadcast&adtManufactureYear=&adtDefaultYear=false,,,O,2002_07.jpg
2003,2003_01,나누는 마음,사회공동체,나눔/이웃,https://www.kobaco.co.kr/site/main/archive/advertising/5/496?cp=19&pageSize=8&sortDirection=DESC&arcUse=true&arcCategory=5&metaCode1=broadcast&adtDefaultYear=false,,,O,2003_01.jpg
2003,2003_02,늪,경제사회/기타,절약/소비,https://www.kobaco.co.kr/site/main/archive/advertising/5/494?cp=1&sv=%EB%8A%AA&pageSize=8&sortDirection=DESC&arcUse=true&arcCategory=5&metaCode1=broadcast&adtManufactureYear=&adtDefaultYear=false,,,O,2003_02.jpg
2003,2003_03,대화,가정/청소년,가족/대화,https://www.kobaco.co.kr/site/main/archive/advertising/5/491?cp=1&sv=%EB%8C%80%ED%99%94&pageSize=8&sortDirection=DESC&arcUse=true&arcCategory=5&metaCode1=broadcast&adtManufactureYear=&adtDefaultYear=false,,,O,2003_03.jpg
2003,2003_04,손끝,자연환경,불조심,https://www.kobaco.co.kr/site/main/archive/advertising/5/489?cp=20&pageSize=8&sortDirection=DESC&arcUse=true&arcCategory=5&metaCode1=broadcast&adtDefaultYear=false,,,O,2003_04.jpg
2003,2003_05,쓰레기는 죽지 않는다,자연환경,재활용,https://www.kobaco.co.kr/site/main/archive/advertising/5/495?cp=20&pageSize=8&sortDirection=DESC&arcUse=true&arcCategory=5&metaCode1=broadcast&adtDefaultYear=false,,,O,2003_05.jpg
2003,2003_06,자랑스러운 한국인,경제사회/기타,국민의식/나라사랑,https://www.kobaco.co.kr/site/main/archive/advertising/5/497?cp=19&pageSize=8&sortDirection=DESC&arcUse=true&arcCategory=5&metaCode1=broadcast&adtDefaultYear=false,,,O,2003_06.jpg
2004,2004_01,병들의 합창,자연환경,재활용,https://www.kobaco.co.kr/site/main/archive/advertising/5/500?cp=19&pageSize=8&sortDirection=DESC&arcUse=true&arcCategory=5&metaCode1=broadcast&adtDefaultYear=false,,,O,2004_01.jpg
2004,2004_02,색안경,사회공동체,사회화합,https://www.kobaco.co.kr/site/main/archive/advertising/5/510?cp=1&sv=%EC%83%89%EC%95%88%EA%B2%BD&pageSize=8&sortDirection=DESC&arcUse=true&arcCategory=5&metaCode1=broadcast&adtManufactureYear=&adtDefaultYear=false,,,O,2004_02.jpg
2004,2004_03,소중한 가정,가정/청소년,가족/대화,https://www.kobaco.co.kr/site/main/archive/advertising/5/513?cp=1&sv=%EC%86%8C%EC%A4%91%ED%95%9C&pageSize=8&sortDirection=DESC&arcUse=true&arcCategory=5&metaCode1=broadcast&adtManufactureYear=&adtDefaultYear=false,,,O,2004_03.jpg
2004,2004_04,육류소비촉진,사회공동체,사회화합,https://www.kobaco.co.kr/site/main/archive/advertising/5/498?cp=19&pageSize=8&sortDirection=DESC&arcUse=true&arcCategory=5&metaCode1=broadcast&adtDefaultYear=false,,,O,2004_04.jpg
2004,2004_05,세상에서 가장 아름다운 교육,사회공동체,나눔/이웃,https://www.kobaco.co.kr/site/main/archive/advertising/5/508?cp=19&pageSize=8&sortDirection=DESC&arcUse=true&arcCategory=5&metaCode1=broadcast&adtDefaultYear=false,,,O,2004_05.jpg
2004,2004_06,점묘화,사회공동체,사회화합,https://www.kobaco.co.kr/site/main/archive/advertising/5/505?cp=19&pageSize=8&sortDirection=DESC&arcUse=true&arcCategory=5&metaCode1=broadcast&adtDefaultYear=false,,,O,2004_06.jpg
2005,2005_01,1분의 배려,사회공동체,나눔/이웃,https://www.kobaco.co.kr/site/main/archive/advertising/5/525?cp=18&pageSize=8&sortDirection=DESC&arcUse=true&arcCategory=5&metaCode1=broadcast&adtDefaultYear=false,,,O,2005_01.jpg
2005,2005_02,고맙습니다,자연환경,환경보전,https://www.kobaco.co.kr/site/main/archive/advertising/5/517?cp=18&pageSize=8&sortDirection=DESC&arcUse=true&arcCategory=5&metaCode1=broadcast&adtDefaultYear=false,,,O,2005_02.jpg
2005,2005_03,동갑내기 생일파티,사회공동체,나눔/이웃,https://www.kobaco.co.kr/site/main/archive/advertising/5/518?cp=18&pageSize=8&sortDirection=DESC&arcUse=true&arcCategory=5&metaCode1=broadcast&adtDefaultYear=false,,,O,2005_03.jpg
2005,2005_04,봄의 시작,경제사회/기타,국가경제,https://www.kobaco.co.kr/site/main/archive/advertising/5/516?cp=18&pageSize=8&sortDirection=DESC&arcUse=true&arcCategory=5&metaCode1=broadcast&adtDefaultYear=false,,,O,2005_04.jpg
2005,2005_05,천의 얼굴,사회공동체,인터넷 예절,https://www.kobaco.co.kr/site/main/archive/advertising/5/519?cp=18&pageSize=8&sortDirection=DESC&arcUse=true&arcCategory=5&metaCode1=broadcast&adtDefaultYear=false,,,O,2005_05.jpg
2005,2005_06,한일공동캠페인-당신의 말을 기다리고 있습니다(한국),가정/청소년,가족/대화,https://www.kobaco.co.kr/site/main/archive/advertising/5/520?cp=18&pageSize=8&sortDirection=DESC&arcUse=true&arcCategory=5&metaCode1=broadcast&adtDefaultYear=falsee,,,O,2005_06.jpg
2005,2005_07,한일공동캠페인-대화하자(일본),가정/청소년,가족/대화,https://www.kobaco.co.kr/site/main/archive/advertising/5/522?cp=1&sv=%EB%8C%80%ED%99%94&pageSize=8&sortDirection=DESC&arcUse=true&arcCategory=5&metaCode1=broadcast&adtManufactureYear=&adtDefaultYear=false,,,O,2005_07.jpg
2006,2006_01,어린날의 문화체험,가정/청소년,청소년,https://www.kobaco.co.kr/site/main/archive/advertising/5/553?cp=17&pageSize=8&sortDirection=DESC&arcUse=true&arcCategory=5&metaCode1=broadcast&adtDefaultYear=false,,,O,2006_01.jpg
2006,2006_02,연탄은행,사회공동체,나눔/이웃,https://www.kobaco.co.kr/site/main/archive/advertising/5/556?cp=17&pageSize=8&sortDirection=DESC&arcUse=true&arcCategory=5&metaCode1=broadcast&adtDefaultYear=false,,,O,2006_02.jpg
2006,2006_03,음주운전,사회공동체,교통안전,https://www.kobaco.co.kr/site/main/archive/advertising/5/555?cp=17&pageSize=8&sortDirection=DESC&arcUse=true&arcCategory=5&metaCode1=broadcast&adtDefaultYear=false,,,O,2006_03.jpg
2006,2006_04,정치후원금,경제사회/기타,선거,,,,,
2006,2006_05,참 잘했어요,사회공동체,타인배려/공공매너,https://www.kobaco.co.kr/site/main/archive/advertising/5/554?cp=17&pageSize=8&sortDirection=DESC&arcUse=true&arcCategory=5&metaCode1=broadcast&adtDefaultYear=false,,,O,2006_05.jpg
2006,2006_06,판소리,경제사회/기타,국가경제,https://www.kobaco.co.kr/site/main/archive/advertising/5/528?cp=18&pageSize=8&sortDirection=DESC&arcUse=true&arcCategory=5&metaCode1=broadcast&adtDefaultYear=false,,,,
2006,2006_07,환경수명,자연환경,일회용품 자제,https://www.kobaco.co.kr/site/main/archive/advertising/5/530?cp=17&pageSize=8&sortDirection=DESC&arcUse=true&arcCategory=5&metaCode1=broadcast&adtDefaultYear=false,,,O,2006_07.jpg
2007,2007_01,아름다운 빈 손,사회공동체,나눔/이웃,https://www.kobaco.co.kr/site/main/archive/advertising/5/562?cp=16&pageSize=8&sortDirection=DESC&arcUse=true&arcCategory=5&metaCode1=broadcast&adtDefaultYear=false,,,O,2007_01.jpg
2007,2007_02,아름다운 선물,가정/청소년,가족계획,https://www.kobaco.co.kr/site/main/archive/advertising/5/557?cp=17&pageSize=8&sortDirection=DESC&arcUse=true&arcCategory=5&metaCode1=broadcast&adtDefaultYear=false,,,O,2007_02.jpg
2007,2007_03,인터넷 테러,사회공동체,인터넷 예절,https://www.kobaco.co.kr/site/main/archive/advertising/5/560?cp=16&pageSize=8&sortDirection=DESC&arcUse=true&arcCategory=5&metaCode1=broadcast&adtDefaultYear=false,,,O,2007_03.jpg
2007,2007_04,일회용품들의 수다,자연환경,일회용품 자제,https://www.kobaco.co.kr/site/main/archive/advertising/5/559?cp=17&pageSize=8&sortDirection=DESC&arcUse=true&arcCategory=5&metaCode1=broadcast&adtDefaultYear=false,,,O,2007_04.jpg
2007,2007_05,정치후원금-즐거운후원,경제사회/기타,선거,,,,,
2007,2007_06,평생태교,가정/청소년,가족/대화,https://www.kobaco.co.kr/site/main/archive/advertising/5/561?cp=16&pageSize=8&sortDirection=DESC&arcUse=true&arcCategory=5&metaCode1=broadcast&adtDefaultYear=false,,,O,2007_06.jpg
2008,2008_01,꿈의 희망가,사회공동체,사회화합,https://www.kobaco.co.kr/site/main/archive/advertising/5/563?cp=16&pageSize=8&sortDirection=DESC&arcUse=true&arcCategory=5&metaCode1=broadcast&adtDefaultYear=false,,,O,2008_01.jpg
2008,2008_02,당신의 액세서리,사회공동체,타인배려/공공매너,https://www.kobaco.co.kr/site/main/archive/advertising/5/571?cp=15&pageSize=8&sortDirection=DESC&arcUse=true&arcCategory=5&metaCode1=broadcast&adtDefaultYear=false,,,O,2008_02.jpg
2008,2008_03,말하세요,가정/청소년,폭력예방,https://www.kobaco.co.kr/site/main/archive/advertising/5/570?cp=1&pageSize=8&sortDirection=DESC&arcUse=true&arcCategory=5&metaCode1=broadcast&adtManufactureYear=2008&adtDefaultYear=false,,,O,2008_03.jpg
2008,2008_04,세상 가장 아름다운 표정,공중보건/복지,헌혈,https://www.kobaco.co.kr/site/main/archive/advertising/5/567?cp=16&pageSize=8&sortDirection=DESC&arcUse=true&arcCategory=5&metaCode1=broadcast&adtDefaultYear=false,,,O,2008_04.jpg
2008,2008_05,스타,자연환경,환경보전,https://www.kobaco.co.kr/site/main/archive/advertising/5/566?cp=16&pageSize=8&sortDirection=DESC&arcUse=true&arcCategory=5&metaCode1=broadcast&adtDefaultYear=false,,,O,2008_05.jpg
2008,2008_06,에너지는 현금입니다,자연환경,에너지 절약,https://www.kobaco.co.kr/site/main/archive/advertising/5/568?cp=15&pageSize=8&sortDirection=DESC&arcUse=true&arcCategory=5&metaCode1=broadcast&adtDefaultYear=false,,,O,2008_06.jpg
2008,2008_07,에코라이벌,자연환경,환경보전,https://www.kobaco.co.kr/site/main/archive/advertising/5/565?cp=16&pageSize=8&sortDirection=DESC&arcUse=true&arcCategory=5&metaCode1=broadcast&adtDefaultYear=false,,,O,2008_07.jpg
2008,2008_08,우리나라에 버렸습니다,사회공동체,타인배려/공공매너,https://www.kobaco.co.kr/site/main/archive/advertising/5/569?cp=15&pageSize=8&sortDirection=DESC&arcUse=true&arcCategory=5&metaCode1=broadcast&adtDefaultYear=false,,,O,2008_08.jpg
2008,2008_09,움직이세요,경제사회/기타,국민의식/나라사랑,https://www.kobaco.co.kr/site/main/archive/advertising/5/570?cp=15&pageSize=8&sortDirection=DESC&arcUse=true&arcCategory=5&metaCode1=broadcast&adtDefaultYear=false,,,O,2008_09.jpg
2008,2008_10,컬러,사회공동체,사회화합,https://www.kobaco.co.kr/site/main/archive/advertising/5/564?cp=16&pageSize=8&sortDirection=DESC&arcUse=true&arcCategory=5&metaCode1=broadcast&adtDefaultYear=false,,,O,2008_10.jpg
2008,2008_11,행복을 채워주는 사람,사회공동체,나눔/이웃,https://www.kobaco.co.kr/site/main/archive/advertising/5/572?cp=15&pageSize=8&sortDirection=DESC&arcUse=true&arcCategory=5&metaCode1=broadcast&adtDefaultYear=false,,,,
2009,2009_01,I am Korean,경제사회/기타,국가브랜드,https://www.kobaco.co.kr/site/main/archive/advertising/5/575?cp=15&pageSize=8&sortDirection=DESC&arcUse=true&arcCategory=5&metaCode1=broadcast&adtDefaultYear=false,,,O,2009_01.jpg
2009,2009_02,과거 속에 미래가 있다,경제사회/기타,국가경제,https://www.kobaco.co.kr/site/main/archive/advertising/5/573?cp=15&pageSize=8&sortDirection=DESC&arcUse=true&arcCategory=5&metaCode1=broadcast&adtDefaultYear=false,,,O,2009_02.jpg
2009,2009_03,녹색혁명가,자연환경,환경보전,https://www.kobaco.co.kr/site/main/archive/advertising/5/578?cp=14&pageSize=8&sortDirection=DESC&arcUse=true&arcCategory=5&metaCode1=broadcast&adtDefaultYear=falsee,,,O,2009_03.jpg
2009,2009_04,대신할 수 없는 것,자연환경,물,https://www.kobaco.co.kr/site/main/archive/advertising/5/580?cp=14&pageSize=8&sortDirection=DESC&arcUse=true&arcCategory=5&metaCode1=broadcast&adtDefaultYear=false,,,O,2009_04.jpg
2009,2009_05,대한민국 1000명에게 물었습니다,사회공동체,나눔/이웃,https://www.kobaco.co.kr/site/main/archive/advertising/5/581?cp=14&pageSize=8&sortDirection=DESC&arcUse=true&arcCategory=5&metaCode1=broadcast&adtDefaultYear=false,,,O,2009_05.jpg
2009,2009_06,대한민국을 갉아먹는 글,사회공동체,인터넷 예절,https://www.kobaco.co.kr/site/main/archive/advertising/5/577?cp=14&pageSize=8&sortDirection=DESC&arcUse=true&arcCategory=5&metaCode1=broadcast&adtDefaultYear=false,,,O,2009_06.jpg
2009,2009_07,밥이되고 싶습니다-나눔A,사회공동체,나눔/이웃,https://www.kobaco.co.kr/site/main/archive/advertising/5/574?cp=15&pageSize=8&sortDirection=DESC&arcUse=true&arcCategory=5&metaCode1=broadcast&adtDefaultYear=false,,,O,2009_07.jpg
2009,2009_08,아이는 나라의 건강한 미래,가정/청소년,가족계획,https://www.kobaco.co.kr/site/main/archive/advertising/5/579?cp=14&pageSize=8&sortDirection=DESC&arcUse=true&arcCategory=5&metaCode1=broadcast&adtDefaultYear=false,,,O,2009_08.jpg
2009,2009_09,안보고 안듣고 말안하고,경제사회/기타,선거,,,,,
2009,2009_10,인간낚시,사회공동체,안전,https://www.kobaco.co.kr/site/main/archive/advertising/5/576?cp=14&pageSize=8&sortDirection=DESC&arcUse=true&arcCategory=5&metaCode1=broadcast&adtDefaultYear=false,,,O,2009_10.jpg
2009,2009_11,청탁의 조종,사회공동체,부정부패,https://www.kobaco.co.kr/site/main/archive/advertising/5/582?cp=14&pageSize=8&sortDirection=DESC&arcUse=true&arcCategory=5&metaCode1=broadcast&adtDefaultYear=false,,,O,2009_11.jpg
2010,2010_01,마음 속 리모콘,사회공동체,사회화합,https://www.kobaco.co.kr/site/main/archive/advertising/5/583?cp=14&pageSize=8&sortDirection=DESC&arcUse=true&arcCategory=5&metaCode1=broadcast&adtDefaultYear=false,,,O,2010_01.jpg
2010,2010_02,모습은 비슷해도 결과는 정반대,자연환경,환경보전,https://www.kobaco.co.kr/site/main/archive/advertising/5/664?cp=13&pageSize=8&sortDirection=DESC&arcUse=true&arcCategory=5&metaCode1=broadcast&adtDefaultYear=false,,,O,2010_02.jpg
2010,2010_03,바른생활,사회공동체,타인배려/공공매너,https://www.kobaco.co.kr/site/main/archive/advertising/5/662?cp=13&pageSize=8&sortDirection=DESC&arcUse=true&arcCategory=5&metaCode1=broadcast&adtDefaultYear=false,,,O,2010_03.jpg
2010,2010_04,부모와 학부모,가정/청소년,가족/대화,https://www.kobaco.co.kr/site/main/archive/advertising/5/584?cp=13&pageSize=8&sortDirection=DESC&arcUse=true&arcCategory=5&metaCode1=broadcast&adtDefaultYear=false,,,O,2010_04.jpg
2010,2010_05,사라집니다,사회공동체,사회화합,https://www.kobaco.co.kr/site/main/archive/advertising/5/586?cp=13&pageSize=8&sortDirection=DESC&arcUse=true&arcCategory=5&metaCode1=broadcast&adtDefaultYear=false,,,O,2010_05.jpg
2010,2010_06,세계예의지국,경제사회/기타,국가브랜드,https://www.kobaco.co.kr/site/main/archive/advertising/5/653?cp=13&pageSize=8&sortDirection=DESC&arcUse=true&arcCategory=5&metaCode1=broadcast&adtDefaultYear=false,,,O,2010_06.jpg
2010,2010_07,술잔들의 질주,사회공동체,교통안전,https://www.kobaco.co.kr/site/main/archive/advertising/5/585?cp=13&pageSize=8&sortDirection=DESC&arcUse=true&arcCategory=5&metaCode1=broadcast&adtDefaultYear=false,,,O,2010_07.jpg
2010,2010_08,이상한 나라,경제사회/기타,국가경제,https://www.kobaco.co.kr/site/main/archive/advertising/5/627?cp=13&pageSize=8&sortDirection=DESC&arcUse=true&arcCategory=5&metaCode1=broadcast&adtDefaultYear=false,,,O,2010_08.jpg
2011,2011_01,중형차 100만대를 버렸다,자연환경,환경보전,https://www.kobaco.co.kr/site/main/archive/advertising/5/669?cp=13&pageSize=8&sortDirection=DESC&arcUse=true&arcCategory=5&metaCode1=broadcast&adtDefaultYear=false,,,O,2011_01.jpg
2011,2011_02,여기는 제주입니다,경제사회/기타,국가브랜드,https://www.kobaco.co.kr/site/main/archive/advertising/5/672?cp=12&pageSize=8&sortDirection=DESC&arcUse=true&arcCategory=5&metaCode1=broadcast&adtDefaultYear=false,,,O,2011_02.jpg
2011,2011_03,숨은 인재 찾기,사회공동체,사회화합,https://www.kobaco.co.kr/site/main/archive/advertising/5/673?cp=12&pageSize=8&sortDirection=DESC&arcUse=true&arcCategory=5&metaCode1=broadcast&adtDefaultYear=false,,,O,2011_03.jpg
2011,2011_04,선플 릴레이,사회공동체,인터넷 예절,https://www.kobaco.co.kr/site/main/archive/advertising/5/674?cp=12&pageSize=8&sortDirection=DESC&arcUse=true&arcCategory=5&metaCode1=broadcast&adtDefaultYear=false,,,O,2011_04.jpg
2011,2011_05,안과 밖이 다른 가족(가족의 가치),가정/청소년,가족/대화,https://www.kobaco.co.kr/site/main/archive/advertising/5/675?cp=12&pageSize=8&sortDirection=DESC&arcUse=true&arcCategory=5&metaCode1=broadcast&adtDefaultYear=false,,,O,2011_05.jpg
2011,2011_06,공공예절 나이,사회공동체,타인배려/공공매너,https://www.kobaco.co.kr/site/main/archive/advertising/5/678?cp=12&pageSize=8&sortDirection=DESC&arcUse=true&arcCategory=5&metaCode1=broadcast&adtDefaultYear=false,,,O,2011_06.jpg
2011,2011_07,나는…,사회공동체,나눔/이웃,https://www.kobaco.co.kr/site/main/archive/advertising/5/679?cp=12&pageSize=8&sortDirection=DESC&arcUse=true&arcCategory=5&metaCode1=broadcast&adtDefaultYear=false,,,O,2011_07.jpg
2011,2011_08,어느새 우리의 이야기,자연환경,환경보전,https://www.kobaco.co.kr/site/main/archive/advertising/5/681?cp=12&pageSize=8&sortDirection=DESC&arcUse=true&arcCategory=5&metaCode1=broadcast&adtDefaultYear=false,,,O,2011_08.jpg
2012,2012_01,그런 애는 없습니다,가정/청소년,폭력예방,https://www.kobaco.co.kr/site/main/archive/advertising/5/683?cp=12&pageSize=8&sortDirection=DESC&arcUse=true&arcCategory=5&metaCode1=broadcast&adtDefaultYear=false,,,O,2012_01.jpg
2012,2012_02,공정한 기회 - 전래동화편,사회공동체,사회화합,https://www.kobaco.co.kr/site/main/archive/advertising/5/685?cp=11&pageSize=8&sortDirection=DESC&arcUse=true&arcCategory=5&metaCode1=broadcast&adtDefaultYear=false,,,O,2012_02.jpg
2012,2012_03,부정부패 방지 - 양심과 욕심,경제사회/기타,부정부패,https://www.kobaco.co.kr/site/main/archive/advertising/5/686?cp=11&pageSize=8&sortDirection=DESC&arcUse=true&arcCategory=5&metaCode1=broadcast&adtDefaultYear=false,,,O,2012_03.jpg
2012,2012_04,나라 사랑 - 애국하는 시간,경제사회/기타,국민의식/나라사랑,https://www.kobaco.co.kr/site/main/archive/advertising/5/687?cp=11&pageSize=8&sortDirection=DESC&arcUse=true&arcCategory=5&metaCode1=broadcast&adtDefaultYear=false,,,O,2012_04.jpg
2012,2012_05,에너지 절약 - 5천만개의 발전소,자연환경,에너지 절약,https://www.kobaco.co.kr/site/main/archive/advertising/5/688?cp=11&pageSize=8&sortDirection=DESC&arcUse=true&arcCategory=5&metaCode1=broadcast&adtDefaultYear=false,,,O,2012_05.jpg
2012,2012_06,언어 순화 - 어서 말을 해,가정/청소년,청소년,https://www.kobaco.co.kr/site/main/archive/advertising/5/690?cp=11&pageSize=8&sortDirection=DESC&arcUse=true&arcCategory=5&metaCode1=broadcast&adtDefaultYear=false,,,O,2012_06.jpg
2012,2012_07,개인정보 보호 - 열려라 참깨,사회공동체,안전,https://www.kobaco.co.kr/site/main/archive/advertising/5/691?cp=11&pageSize=8&sortDirection=DESC&arcUse=true&arcCategory=5&metaCode1=broadcast&adtDefaultYear=false,,,O,2012_07.jpg
2012,2012_08,Silver Talk - 실버넷기자편,사회공동체,나눔/이웃,https://www.kobaco.co.kr/site/main/archive/advertising/5/693?cp=11&pageSize=8&sortDirection=DESC&arcUse=true&arcCategory=5&metaCode1=broadcast&adtDefaultYear=false,,,O,2012_08.jpg
2013,2013_01,국민희망,경제사회/기타,국민의식/나라사랑,https://www.kobaco.co.kr/site/main/archive/advertising/5/696?cp=10&pageSize=8&sortDirection=DESC&arcUse=true&arcCategory=5&metaCode1=broadcast&adtDefaultYear=false,,,O,2013_01.jpg
2013,2013_02,자살 예방 - 물음표를 붙여주세요,사회공동체,나눔/이웃,https://www.kobaco.co.kr/site/main/archive/advertising/5/700?cp=10&pageSize=8&sortDirection=DESC&arcUse=true&arcCategory=5&metaCode1=broadcast&adtDefaultYear=false,,,O,2013_02.jpg
2013,2013_03,안전운전 - 오직 운전만 하세요,사회공동체,교통안전,https://www.kobaco.co.kr/site/main/archive/advertising/5/705?cp=10&pageSize=8&sortDirection=DESC&arcUse=true&arcCategory=5&metaCode1=broadcast&adtDefaultYear=false,,,O,2013_03.jpg
2013,2013_04,"다문화, 이해와 소통",사회공동체,나눔/이웃,https://www.kobaco.co.kr/site/main/archive/advertising/5/708?cp=10&pageSize=8&sortDirection=DESC&arcUse=true&arcCategory=5&metaCode1=broadcast&adtDefaultYear=false,,,O,2013_04.jpg
2014,2014_01,묵념,사회공동체,스마트기기바른사용,https://www.kobaco.co.kr/site/main/archive/advertising/5/710?cp=9&pageSize=8&sortDirection=DESC&arcUse=true&arcCategory=5&metaCode1=broadcast&adtDefaultYear=false,,,O,2014_01.jpg
2014,2014_02,소중한 인생,사회공동체,안전,https://www.kobaco.co.kr/site/main/archive/advertising/5/723?cp=9&pageSize=8&sortDirection=DESC&arcUse=true&arcCategory=5&metaCode1=broadcast&adtDefaultYear=false,,,O,2014_02.jpg
2014,2014_03,대한민국 흥행요소,경제사회/기타,국민의식/나라사랑,https://www.kobaco.co.kr/site/main/archive/advertising/5/722?cp=9&pageSize=8&sortDirection=DESC&arcUse=true&arcCategory=5&metaCode1=broadcast&adtDefaultYear=false,,,O,2014_03.jpg
2014,2014_04,장난감,가정/청소년,가족/대화,https://www.kobaco.co.kr/site/main/archive/advertising/5/724?cp=9&pageSize=8&sortDirection=DESC&arcUse=true&arcCategory=5&metaCode1=broadcast&adtDefaultYear=false,,,O,2014_04.jpg
2014,2014_05,방심과 안심,사회공동체,안전,https://www.kobaco.co.kr/site/main/archive/advertising/5/725?cp=9&pageSize=8&sortDirection=DESC&arcUse=true&arcCategory=5&metaCode1=broadcast&adtDefaultYear=false,,,O,2014_05.jpg
2014,2014_06,에너지 절약 -  위대한 발견,자연환경,에너지 절약,https://www.kobaco.co.kr/site/main/archive/advertising/5/729?cp=9&pageSize=8&sortDirection=DESC&arcUse=true&arcCategory=5&metaCode1=broadcast&adtDefaultYear=false,,,O,2014_06.jpg
2014,2014_07,타인배려-약사편,사회공동체,타인배려/공공매너,https://www.kobaco.co.kr/site/main/archive/advertising/5/732?cp=9&pageSize=8&sortDirection=DESC&arcUse=true&arcCategory=5&metaCode1=broadcast&adtDefaultYear=false,,,O,2014_07.jpg
2014,2014_08,너의 목소리가 들려,사회공동체,인터넷 예절,https://www.kobaco.co.kr/site/main/archive/advertising/5/735?cp=9&pageSize=8&sortDirection=DESC&arcUse=true&arcCategory=5&metaCode1=broadcast&adtDefaultYear=false,,,O,2014_08.jpg
2014,2014_09,돌아볼 때 보입니다.,경제사회/기타,부정부패,https://www.kobaco.co.kr/site/main/archive/advertising/5/737?cp=8&pageSize=8&sortDirection=DESC&arcUse=true&arcCategory=5&metaCode1=broadcast&adtDefaultYear=false,,,O,2014_09.jpg
2014,2014_10,노숙인 다시보기,사회공동체,나눔/이웃,https://www.kobaco.co.kr/site/main/archive/advertising/5/740?cp=8&pageSize=8&sortDirection=DESC&arcUse=true&arcCategory=5&metaCode1=broadcast&adtDefaultYear=false,,,O,2014_10.jpg
2015,2015_01,오늘 뭐 하실 거예요?,경제사회/기타,국가경제,https://www.kobaco.co.kr/site/main/archive/advertising/5/742?cp=8&pageSize=8&sortDirection=DESC&arcUse=true&arcCategory=5&metaCode1=broadcast&adtDefaultYear=false,,,O,2015_01.jpg
2015,2015_02,학교폭력이 자라면,가정/청소년,가족/대화,https://www.kobaco.co.kr/site/main/archive/advertising/5/745?cp=8&pageSize=8&sortDirection=DESC&arcUse=true&arcCategory=5&metaCode1=broadcast&adtDefaultYear=false,,,O,2015_02.jpg
2015,2015_03,가족간의 관계 - 질문,가정/청소년,청소년,https://www.kobaco.co.kr/site/main/archive/advertising/5/747?cp=8&pageSize=8&sortDirection=DESC&arcUse=true&arcCategory=5&metaCode1=broadcast&adtDefaultYear=false,,,O,2015_03.jpg
2015,2015_04,나라사랑 - 나를 위한,경제사회/기타,국민의식/나라사랑,https://www.kobaco.co.kr/site/main/archive/advertising/5/749?cp=8&pageSize=8&sortDirection=DESC&arcUse=true&arcCategory=5&metaCode1=broadcast&adtDefaultYear=false,,,O,2015_04.jpg
2015,2015_05,나무를 베지 않는 착한 커피,자연환경,환경보전,https://www.kobaco.co.kr/site/main/archive/advertising/5/750?cp=8&pageSize=8&sortDirection=DESC&arcUse=true&arcCategory=5&metaCode1=broadcast&adtDefaultYear=false,,,O,2015_05.jpg
2015,2015_06,의심이 안심입니다,사회공동체,안전,https://www.kobaco.co.kr/site/main/archive/advertising/5/752?cp=8&pageSize=8&sortDirection=DESC&arcUse=true&arcCategory=5&metaCode1=broadcast&adtDefaultYear=false,,,O,2015_06.jpg
2015,2015_07,모바일 제로타임,사회공동체,스마트기기바른사용,https://www.kobaco.co.kr/site/main/archive/advertising/5/763?cp=7&pageSize=8&sortDirection=DESC&arcUse=true&arcCategory=5&metaCode1=broadcast&adtDefaultYear=false,,,O,2015_07.jpg
2015,2015_08,상생/균형발전-마을이 쇼핑센터편,사회공동체,사회화합,https://www.kobaco.co.kr/site/main/archive/advertising/5/766?cp=7&pageSize=8&sortDirection=DESC&arcUse=true&arcCategory=5&metaCode1=broadcast&adtDefaultYear=false,,,O,2015_08.jpg
2015,2015_09,감정노동-2016 新 놀부전,사회공동체,타인배려/공공매너,https://www.kobaco.co.kr/site/main/archive/advertising/5/767?cp=7&pageSize=8&sortDirection=DESC&arcUse=true&arcCategory=5&metaCode1=broadcast&adtDefaultYear=false,,,O,2015_09.jpg
2015,2015_10,부모자식간 커뮤니케이션/효 - 효도는 말 한마디,가정/청소년,가족/대화,https://www.kobaco.co.kr/site/main/archive/advertising/5/790?cp=7&pageSize=8&sortDirection=DESC&arcUse=true&arcCategory=5&metaCode1=broadcast&adtDefaultYear=false,,,O,2015_10.jpg
2016,2016_01,문화생활 - 함께하는 문화생활,경제사회/기타,국민의식/나라사랑,https://www.kobaco.co.kr/site/main/archive/advertising/5/791?cp=7&pageSize=8&sortDirection=DESC&arcUse=true&arcCategory=5&metaCode1=broadcast&adtDefaultYear=false,,,O,2016_01.jpg
2016,2016_02,아동학대 - 꼭꼭 숨어라,가정/청소년,폭력예방,https://www.kobaco.co.kr/site/main/archive/advertising/5/793?cp=7&pageSize=8&sortDirection=DESC&arcUse=true&arcCategory=5&metaCode1=broadcast&adtDefaultYear=false,,,O,2016_02.jpg
2016,2016_03,경쟁위주/사회문화 - 이세돌,경제사회/기타,국민의식/나라사랑,https://www.kobaco.co.kr/site/main/archive/advertising/5/794?cp=7&pageSize=8&sortDirection=DESC&arcUse=true&arcCategory=5&metaCode1=broadcast&adtDefaultYear=false,,,O,2016_03.jpg
2016,2016_04,공동체의식 - 국민편익과 납세,사회공동체,사회화합,https://www.kobaco.co.kr/site/main/archive/advertising/5/795?cp=7&pageSize=8&sortDirection=DESC&arcUse=true&arcCategory=5&metaCode1=broadcast&adtDefaultYear=false,,,,
2016,2016_05,저출산문제 - 아기의 마음,사회공동체,타인배려/공공매너,https://www.kobaco.co.kr/site/main/archive/advertising/5/796?cp=6&pageSize=8&sortDirection=DESC&arcUse=true&arcCategory=5&metaCode1=broadcast&adtDefaultYear=false,,,O,2016_05.jpg
2016,2016_06,정보보호 - 또 다른 나,사회공동체,안전,https://www.kobaco.co.kr/site/main/archive/advertising/5/797?cp=6&pageSize=8&sortDirection=DESC&arcUse=true&arcCategory=5&metaCode1=broadcast&adtDefaultYear=false,,,O,2016_06.jpg
2016,2016_07,한글 등 올바른 언어사용 - 산이,사회공동체,언어생활,https://www.kobaco.co.kr/site/main/archive/advertising/5/798?cp=6&pageSize=8&sortDirection=DESC&arcUse=true&arcCategory=5&metaCode1=broadcast&adtDefaultYear=false,,,O,2016_07.jpg
2016,2016_08,청렴사회/부정청탁금지 - 받겠습니다,경제사회/기타,부정부패,https://www.kobaco.co.kr/site/main/archive/advertising/5/799?cp=6&pageSize=8&sortDirection=DESC&arcUse=true&arcCategory=5&metaCode1=broadcast&adtDefaultYear=false,,,O,2016_08.jpg
2016,2016_09,탈북민 인식개선 - 우리는 이미 하나,경제사회/기타,국민의식/나라사랑,https://www.kobaco.co.kr/site/main/archive/advertising/5/800?cp=6&pageSize=8&sortDirection=DESC&arcUse=true&arcCategory=5&metaCode1=broadcast&adtDefaultYear=false,,,O,2016_09.jpg
2016,2016_10,스마트폰 올바른 사용 - 악역배우,사회공동체,스마트기기바른사용,https://www.kobaco.co.kr/site/main/archive/advertising/5/801?cp=6&pageSize=8&sortDirection=DESC&arcUse=true&arcCategory=5&metaCode1=broadcast&adtDefaultYear=false,,,O,2016_10.jpg
2016,2016_11,작은 결혼식 - 허들,경제사회/기타,절약/소비,https://www.kobaco.co.kr/site/main/archive/advertising/5/802?cp=6&pageSize=8&sortDirection=DESC&arcUse=true&arcCategory=5&metaCode1=broadcast&adtDefaultYear=false,,,O,2016_11.jpg
2017,2017_01,상호존중과 배려 - 나는 맞고 남들은 틀리다,사회공동체,사회화합,https://www.kobaco.co.kr/site/main/archive/advertising/5/803?cp=6&pageSize=8&sortDirection=DESC&arcUse=true&arcCategory=5&metaCode1=broadcast&adtDefaultYear=false,,,O,2017_01.jpg
2017,2017_02,다양한 가족 - 그런 사연 없어요,사회공동체,나눔/이웃,https://www.kobaco.co.kr/site/main/archive/advertising/5/804?cp=5&pageSize=8&sortDirection=DESC&arcUse=true&arcCategory=5&metaCode1=broadcast&adtDefaultYear=false,,,O,2017_02.jpg
2017,2017_03,언어폭력(온라인) - 능력자,사회공동체,인터넷 예절,https://www.kobaco.co.kr/site/main/archive/advertising/5/805?cp=5&pageSize=8&sortDirection=DESC&arcUse=true&arcCategory=5&metaCode1=broadcast&adtDefaultYear=false,,,O,2017_03.jpg
2017,2017_04,올바른 운전문화 정착 - 좋은사람,사회공동체,교통안전,https://www.kobaco.co.kr/site/main/archive/advertising/5/806?cp=5&pageSize=8&sortDirection=DESC&arcUse=true&arcCategory=5&metaCode1=broadcast&adtDefaultYear=false,,,O,2017_04.jpg
2017,2017_05,올바른 금융습관 - 돌다리,경제사회/기타,절약/소비,https://www.kobaco.co.kr/site/main/archive/advertising/5/807?cp=5&pageSize=8&sortDirection=DESC&arcUse=true&arcCategory=5&metaCode1=broadcast&adtDefaultYear=false,,,O,2017_05.jpg
2017,2017_06,"2018 평창동계올림픽 - 모두의 Winter, 모두가 Winner",사회공동체,사회화합,https://www.kobaco.co.kr/site/main/archive/advertising/5/808?cp=5&pageSize=8&sortDirection=DESC&arcUse=true&arcCategory=5&metaCode1=broadcast&adtDefaultYear=false,,,O,2017_06.jpg
2017,2017_07,층간소음 - 층간내리사랑,사회공동체,타인배려/공공매너,https://www.kobaco.co.kr/site/main/archive/advertising/5/819?cp=5&pageSize=8&sortDirection=DESC&arcUse=true&arcCategory=5&metaCode1=broadcast&adtDefaultYear=false,,,O,2017_07.jpg
2017,2017_08,청소년 폭력예방 - 폭력은 장난이 아닙니다,가정/청소년,폭력예방,https://www.kobaco.co.kr/site/main/archive/advertising/5/820?cp=5&pageSize=8&sortDirection=DESC&arcUse=true&arcCategory=5&metaCode1=broadcast&adtDefaultYear=false,,,O,2017_08.jpg
2017,2017_09,함께 일하는 사회 - 나눔이 더함이다,사회공동체,사회화합,https://www.kobaco.co.kr/site/main/archive/advertising/5/821?cp=5&pageSize=8&sortDirection=DESC&arcUse=true&arcCategory=5&metaCode1=broadcast&adtDefaultYear=false,,,O,2017_09.jpg
2017,2017_10,독서 - 서평,사회공동체,사회화합,https://www.kobaco.co.kr/site/main/archive/advertising/5/822?cp=4&pageSize=8&sortDirection=DESC&arcUse=true&arcCategory=5&metaCode1=broadcast&adtDefaultYear=false,,,O,2017_10.jpg
2018,2018_01,화재/안전 - 영화예고,사회공동체,안전,https://www.kobaco.co.kr/site/main/archive/advertising/5/831?cp=4&pageSize=8&sortDirection=DESC&arcUse=true&arcCategory=5&metaCode1=broadcast&adtDefaultYear=false,,,O,2018_01.jpg
2018,2018_02,"선거, 민주주의 지성의 실천-역할극",경제사회/기타,선거,https://www.kobaco.co.kr/site/main/archive/advertising/5/837?cp=4&pageSize=8&sortDirection=DESC&arcUse=true&arcCategory=5&metaCode1=broadcast&adtDefaultYear=false,,,O,2018_02.jpg
2018,2018_03,나눔과 배려-행복한 가방,사회공동체,나눔/이웃,https://www.kobaco.co.kr/site/main/archive/advertising/5/844?cp=4&pageSize=8&sortDirection=DESC&arcUse=true&arcCategory=5&metaCode1=broadcast&adtDefaultYear=false,,,O,2018_03.jpg
2018,2018_04,누군가는 이야기해야 합니다,사회공동체,사회화합,https://www.kobaco.co.kr/site/main/archive/advertising/5/854?cp=4&pageSize=8&sortDirection=DESC&arcUse=true&arcCategory=5&metaCode1=broadcast&adtDefaultYear=false,,,O,2018_04.jpg
2018,2018_05,갑질문화 인식개선-벼슬,사회공동체,타인배려/공공매너,https://www.kobaco.co.kr/site/main/archive/advertising/5/856?cp=4&pageSize=8&sortDirection=DESC&arcUse=true&arcCategory=5&metaCode1=broadcast&adtDefaultYear=false,,,O,2018_05.jpg
2018,2018_06,교통 안전-안전은 안에서부터,사회공동체,교통안전,https://www.kobaco.co.kr/site/main/archive/advertising/5/857?cp=4&pageSize=8&sortDirection=DESC&arcUse=true&arcCategory=5&metaCode1=broadcast&adtDefaultYear=false,,,O,2018_06.jpg
2018,2018_07,공공장소에서의 예절-당신의 배려가,사회공동체,타인배려/공공매너,https://www.kobaco.co.kr/site/main/archive/advertising/5/858?cp=4&pageSize=8&sortDirection=DESC&arcUse=true&arcCategory=5&metaCode1=broadcast&adtDefaultYear=false,,,O,2018_07.jpg
2019,2019_01,공동체 가치 함양-이웃의 신호,사회공동체,나눔/이웃,https://www.kobaco.co.kr/site/main/archive/advertising/5/860?cp=3&pageSize=8&sortDirection=DESC&arcUse=true&arcCategory=5&metaCode1=broadcast&adtDefaultYear=false,,,O,2019_01.jpg
2019,2019_02,3·1운동 정신계승-국민이 이어갑니다,경제사회/기타,국민의식/나라사랑,https://www.kobaco.co.kr/site/main/archive/advertising/5/859?cp=3&pageSize=8&sortDirection=DESC&arcUse=true&arcCategory=5&metaCode1=broadcast&adtDefaultYear=false,,,O,2019_02.jpg
2019,2019_03,데이트 폭력 피해 예방-사랑하는 척,사회공동체,타인배려/공공매너,https://www.kobaco.co.kr/site/main/archive/advertising/5/861?cp=3&pageSize=8&sortDirection=DESC&arcUse=true&arcCategory=5&metaCode1=broadcast&adtDefaultYear=false,,,O,2019_03.jpg
2019,2019_04,육아기 사회적 배려 - 오해와 진심,사회공동체,타인배려/공공매너,https://www.kobaco.co.kr/site/main/archive/advertising/5/862?cp=3&pageSize=8&sortDirection=DESC&arcUse=true&arcCategory=5&metaCode1=broadcast&adtDefaultYear=false,https://youtu.be/XPyUtCtLpmU,,O,2019_04.jpg
2019,2019_05,피싱 스미싱 피해 예방 - 누구나,사회공동체,안전,https://www.kobaco.co.kr/site/main/archive/advertising/5/863?cp=3&pageSize=8&sortDirection=DESC&arcUse=true&arcCategory=5&metaCode1=broadcast&adtDefaultYear=false,https://youtu.be/3BeID4xhW7o,,O,2019_05.jpg
2019,2019_06,발달장애 인식개선 - 주인공은 싫습니다,사회공동체,장애인배려,https://www.kobaco.co.kr/site/main/archive/advertising/5/864?cp=3&pageSize=8&sortDirection=DESC&arcUse=true&arcCategory=5&metaCode1=broadcast&adtDefaultYear=false,https://youtu.be/zFUPXkj__iM,,O,2019_06.jpg
2019,2019_07,디지털 시민의식 함양 - SNS는 또 하나의 미디어,사회공동체,언어생활,https://www.kobaco.co.kr/site/main/archive/advertising/5/866?cp=3&pageSize=8&sortDirection=DESC&arcUse=true&arcCategory=5&metaCode1=broadcast&adtDefaultYear=false,https://youtu.be/o7CSfxXBmbA,,O,2019_07.jpg
2019,2019_08,안전불감증 개선 - 어느 안전,사회공동체,안전,https://www.kobaco.co.kr/site/main/archive/advertising/5/867?cp=2&pageSize=8&sortDirection=DESC&arcUse=true&arcCategory=5&metaCode1=broadcast&adtDefaultYear=false,https://youtu.be/oTIXcqbdQx4,,O,2019_08.jpg
2019,2019_09,친환경 생활실천 - 쿨한 가게,자연환경,일회용품자제,https://www.kobaco.co.kr/site/main/archive/advertising/5/868?cp=2&pageSize=8&sortDirection=DESC&arcUse=true&arcCategory=5&metaCode1=broadcast&adtDefaultYear=false,https://youtu.be/6J5f47BswZ8,,O,2019_09.jpg
2019,2019_10,노인에 대한 인식개선 - 내일의 나,사회공동체,나눔/이웃,https://www.kobaco.co.kr/site/main/archive/advertising/5/1446?cp=2&pageSize=8&sortDirection=DESC&arcUse=true&arcCategory=5&metaCode1=broadcast&adtDefaultYear=false,https://youtu.be/CGR37o7RewY,,O,2019_10.jpg
2020,2020_01,상호존중과 통합 - 대한민국 듣기평가,사회공동체,사회화합,https://www.kobaco.co.kr/site/main/archive/advertising/5/13844?cp=1&pageSize=8&sortDirection=DESC&arcUse=true&arcCategory=5&metaCode1=broadcast&adtManufactureYear=2019&adtDefaultYear=false,https://youtu.be/U2NwHnKNwY8,,O,2020_01.jpg
2020,2020_02,학교폭력 - 톡 쳤을뿐인데,가정/청소년,폭력예방,https://www.kobaco.co.kr/site/main/archive/advertising/5/13907?cp=2&pageSize=8&sortDirection=DESC&arcUse=true&arcCategory=5&metaCode1=broadcast&adtDefaultYear=false,https://youtu.be/1oJVTGnDySc,,O,2020_02.jpg
2020,2020_03,나의 첫 선거,경제사회/기타,선거,https://www.kobaco.co.kr/site/main/archive/advertising/5/13916?cp=1&pageSize=8&sortDirection=DESC&arcUse=true&arcCategory=5&metaCode1=broadcast&adtDefaultYear=false,https://youtu.be/_bqE0NIHQwU,,O,2020_03.jpg
2020,2020_04,안전한 반려견 예절문화 - 우리 개는 순한데(일반인편),사회공동체,타인배려/공공매너,https://www.kobaco.co.kr/site/main/archive/advertising/5/13922?cp=1&pageSize=8&sortDirection=DESC&arcUse=true&arcCategory=5&metaCode1=broadcast&adtDefaultYear=false,https://youtu.be/T9DFddOw9NQ,,O,2020_04.jpg
2020,2020_05,안전한 반려견 예절문화 - 우리 개는 순한데(반려인편),사회공동체,타인배려/공공매너,https://www.kobaco.co.kr/site/main/archive/advertising/5/13923?cp=1&pageSize=8&sortDirection=DESC&arcUse=true&arcCategory=5&metaCode1=broadcast&adtDefaultYear=false,https://youtu.be/sadxmQMaRaM,,O,2020_05.jpg
2020,2020_06,재도전 응원문화 - 괜찮아,사회공동체,나눔/이웃,https://www.kobaco.co.kr/site/main/archive/advertising/5/13925?cp=1&pageSize=8&sortDirection=DESC&arcUse=true&arcCategory=5&metaCode1=broadcast&adtDefaultYear=false,https://youtu.be/_1iBHPJeeos,,O,2020_06.jpg
2020,2020_07,다문화 - 요즘문화,사회공동체,나눔/이웃,https://www.kobaco.co.kr/site/main/archive/advertising/5/13942?cp=1&pageSize=8&sortDirection=DESC&arcUse=true&arcCategory=5&metaCode1=broadcast&adtDefaultYear=false,https://youtu.be/-vXTTaHr44w,,O,2020_07.jpg
2020,2020_08,대한민국을 지키는 히어로,공중보건/복지,보건/위생,https://www.kobaco.co.kr/site/main/archive/advertising/5/13924?cp=1&pageSize=8&sortDirection=DESC&arcUse=true&arcCategory=5&metaCode1=broadcast&adtDefaultYear=false,https://youtu.be/XajJ4p8sYlQ,,O,2020_08.jpg
2020,2020_09,아동안전 - 운전자가 보호자,사회공동체,교통안전,https://www.kobaco.co.kr/site/main/archive/advertising/5/13943?cp=1&pageSize=8&sortDirection=DESC&arcUse=true&arcCategory=5&metaCode1=broadcast&adtManufactureYear=2020&adtDefaultYear=false,https://youtu.be/PkjrlSv84Us,,O,2020_09.jpg
2020,2020_10,마음 품앗이,사회공동체,사회화합,https://www.kobaco.co.kr/site/main/archive/advertising/5/13944?cp=1&pageSize=8&sortDirection=DESC&arcUse=true&arcCategory=5&metaCode1=broadcast&adtManufactureYear=2020&adtDefaultYear=false,https://youtu.be/ojjhfBl3yv8,,O,2020_10.jpg
2020,2020_11,재난대응과 극복 - 외출 생활 백신(가족편),공중보건/복지,보건/위생,https://www.kobaco.co.kr/site/main/archive/advertising/5/13946?cp=1&pageSize=8&sortDirection=DESC&arcUse=true&arcCategory=5&metaCode1=broadcast&adtManufactureYear=2020&adtDefaultYear=false,https://youtu.be/1STXQQ7VxlU,코로나19,O,2020_11.jpg
2020,2020_12,재난대응과 극복 - 외출 생활 백신(직장인편),공중보건/복지,보건/위생,https://www.kobaco.co.kr/site/main/archive/advertising/5/13945?cp=1&pageSize=8&sortDirection=DESC&arcUse=true&arcCategory=5&metaCode1=broadcast&adtManufactureYear=2020&adtDefaultYear=false,https://youtu.be/2W1hPg1Ji9s,코로나19,O,2020_12.jpg
2020,2020_13,응원 - 확신자,공중보건/복지,보건/위생,https://www.kobaco.co.kr/site/main/archive/advertising/5/13960?cp=1&pageSize=8&sortDirection=DESC&arcUse=true&arcCategory=5&metaCode1=broadcast&adtManufactureYear=2020&adtDefaultYear=false,https://www.youtube.com/watch?v=DPY6UVYKGqY,코로나19,O,2020_13.jpg
2020,2020_14,디지털 격차 해소 - 30초B,사회공동체,사회화합,https://www.kobaco.co.kr/site/main/archive/advertising/5/14048?cp=1&pageSize=8&sortDirection=DESC&arcUse=true&arcCategory=5&metaCode1=broadcast&adtDefaultYear=false,https://youtu.be/bdiLfh-Ky_k,디지털 정보 격차,O,2020_14.jpg
2020,2020_15,디지털 격차 해소 - 30초A,사회공동체,사회화합,https://www.kobaco.co.kr/site/main/archive/advertising/5/14049?cp=1&pageSize=8&sortDirection=DESC&arcUse=true&arcCategory=5&metaCode1=broadcast&adtDefaultYear=false,https://youtu.be/HHrtkz5gYFM,디지털 정보 격차,O,2020_15.jpg
2021,2021_01,코로나19극복 - 최고의 씬,공중보건/복지,보건/위생,https://www.kobaco.co.kr/site/main/archive/advertising/5/14051?cp=1&pageSize=8&sortDirection=DESC&arcUse=true&arcCategory=5&metaCode1=broadcast&adtDefaultYear=false,https://youtu.be/hlcrgEeF9nQ,코로나19,O,2021_01.jpg
2021,2021_02,이륜차 이용문화 개선 - 굿라이더,사회공동체,교통안전,https://www.kobaco.co.kr/site/main/archive/advertising/5/14052?cp=1&pageSize=8&sortDirection=DESC&arcUse=true&arcCategory=5&metaCode1=broadcast&adtDefaultYear=false,https://youtu.be/Ba3Y8BdeWQ8,전동킥보드,O,2021_02.jpg
2021,2021_03,청소년 개인정보보호 인식개선-털린그림찾기A,가정/청소년,청소년,https://www.kobaco.co.kr/site/main/archive/advertising/5/14091?cp=1&pageSize=8&sortDirection=DESC&arcUse=true&arcCategory=5&metaCode1=broadcast&adtDefaultYear=false,https://www.youtube.com/watch?v=H0DRh_DrPMg,개인정보보호,O,2021_03.jpg
2021,2021_04,청소년 개인정보보호 인식개선-털린그림찾기B,가정/청소년,청소년,https://www.kobaco.co.kr/site/main/archive/advertising/5/14090?cp=1&pageSize=8&sortDirection=DESC&arcUse=true&arcCategory=5&metaCode1=broadcast&metaCode2=psa003&metaCode3=psa003_005&adtManufactureYear=&adtDefaultYear=false,https://www.youtube.com/watch?v=f2x65wQcP8s,개인정보보호,O,2021_04.jpg
2021,2021_05,환경-애착용기A,자연환경,환경보전,https://www.kobaco.co.kr/site/main/archive/advertising/5/14135?cp=1&pageSize=8&sortDirection=DESC&arcUse=true&arcCategory=5&metaCode1=broadcast&adtDefaultYear=false,https://www.youtube.com/watch?v=DM-0rzPNehg,환경보호,O,2021_05.jpg
2021,2021_06,환경-애착용기B,자연환경,환경보전,https://www.kobaco.co.kr/site/main/archive/advertising/5/14134?cp=1&pageSize=8&sortDirection=DESC&arcUse=true&arcCategory=5&metaCode1=broadcast&adtDefaultYear=false,https://www.youtube.com/watch?v=ZMAXgfs3frk,환경보호,O,2021_06.jpg
2021,2021_07,노동자 인권보호-가장 불편한 택배,사회공동체,타인배려/공공매너,https://www.kobaco.co.kr/site/main/archive/advertising/5/14153?cp=1&pageSize=8&sortDirection=DESC&arcUse=true&arcCategory=5&metaCode1=broadcast&adtDefaultYear=false,https://www.youtube.com/watch?v=zaOVZMZuJls,노동자 인권보호,O,2021_07.jpg
2021,2021_08,노동자 인권보호-가장 무거운 택배,사회공동체,타인배려/공공매너,https://www.kobaco.co.kr/site/main/archive/advertising/5/14152?cp=1&pageSize=8&sortDirection=DESC&arcUse=true&arcCategory=5&metaCode1=broadcast&adtDefaultYear=false,https://www.youtube.com/watch?v=a1KFJEvZc_E,노동자 인권보호,O,2021_08.jpg
2021,2021_09,아동보호-아동학대 방지,가정/청소년,폭력예방,https://www.kobaco.co.kr/site/main/archive/advertising/5/14154?cp=1&pageSize=8&sortDirection=DESC&arcUse=true&arcCategory=5&metaCode1=broadcast&adtDefaultYear=false,https://www.youtube.com/watch?v=D_9R3JMk97M,아동학대,O,2021_09.jpg
2021,2021_10,스토킹 범죄 예방 - 사랑이 죄야 A,사회공동체,타인배려/공공매너,https://kobaco.co.kr/site/main/archive/advertising/5/14222?cp=1&pageSize=8&sortDirection=DESC&arcUse=true&arcCategory=5&metaCode1=broadcast&adtDefaultYear=false,https://youtu.be/V6aw9tthy_0,데이트폭력,O,2021_10.jpg
2021,2021_11,스토킹 범죄 예방 - 사랑이 죄야 B,사회공동체,타인배려/공공매너,https://kobaco.co.kr/site/main/archive/advertising/5/14221?cp=1&pageSize=8&sortDirection=DESC&arcUse=true&arcCategory=5&metaCode1=broadcast&adtDefaultYear=false,https://youtu.be/OkSpYaBwV_8,데이트폭력,O,2021_11.jpg
2022,2022_01,대통령 채용 - 30초,경제사회/기타,선거,https://kobaco.co.kr/site/main/archive/advertising/5/14233?cp=1&pageSize=8&sortDirection=DESC&arcUse=true&arcCategory=5&metaCode1=broadcast&adtDefaultYear=false,https://www.youtube.com/watch?v=RulAd-EA-Og,대통령선거,O,2022_01.jpg
2022,2022_02,다양성 존중 및 사회통합 - 존중과 배려 Viral,사회공동체,타인배려/공공매너,https://kobaco.co.kr/site/main/archive/advertising/5/14236?cp=1&pageSize=8&sortDirection=DESC&arcUse=true&arcCategory=5&metaCode1=broadcast&adtDefaultYear=false,https://youtu.be/9hceSjyhW98,존중과 배려,O,2022_02.jpg
2022,2022_03,다양성 존중 및 사회통합 - 존중과 배려,사회공동체,타인배려/공공매너,https://kobaco.co.kr/site/main/archive/advertising/5/14237?cp=1&pageSize=8&sortDirection=DESC&arcUse=true&arcCategory=5&metaCode1=viral&adtDefaultYear=false,https://youtu.be/8PJ35pcr6WM,존중과 배려,O,2022_03.jpg
2022,2022_04,자긍심 - 다 한다,경제사회/기타,국민의식/나라사랑,https://kobaco.co.kr/site/main/archive/advertising/5/14238?cp=1&pageSize=8&sortDirection=DESC&arcUse=true&arcCategory=5&metaCode1=broadcast&adtDefaultYear=false,https://www.youtube.com/watch?v=6SGow6pW0yg,자긍심,O,2022_04.jpg
2022,2022_05,환경 I (탄소중립) - 좋은 습관 Viral,자연환경,환경보전,https://kobaco.co.kr/site/main/archive/advertising/5/14268?cp=1&pageSize=8&sortDirection=DESC&arcUse=true&arcCategory=5&metaCode1=viral&adtDefaultYear=false,https://youtu.be/BXySXyHBICY,탄소중립,O,2022_05.jpg
2022,2022_06,환경 I (탄소중립) - 좋은 습관,자연환경,환경보전,https://kobaco.co.kr/site/main/archive/advertising/5/14267?cp=1&pageSize=8&sortDirection=DESC&arcUse=true&arcCategory=5&metaCode1=broadcast&adtDefaultYear=false,https://youtu.be/eKlQxEL-JGA,탄소중립,O,2022_06.jpg
2022,2022_07,세대갈등 해소 - 알파벳에 대한 편견 Viral,사회공동체,타인배려/공공매너,https://kobaco.co.kr/site/main/archive/advertising/5/14279?cp=1&pageSize=8&sortDirection=DESC&arcUse=true&arcCategory=5&metaCode1=broadcast&adtDefaultYear=false,https://www.youtube.com/watch?v=Y7Bdhhy2Ec4,세대갈등 해소,O,2022_07.jpg
2022,2022_08,세대갈등 해소 - 알파벳에 대한 편견,사회공동체,타인배려/공공매너,https://kobaco.co.kr/site/main/archive/advertising/5/14279?cp=1&pageSize=8&sortDirection=DESC&arcUse=true&arcCategory=5&metaCode1=broadcast&adtDefaultYear=false,https://www.youtube.com/watch?v=438V8H6jhtg,세대갈등 해소,O,2022_08.jpg
2022,2022_09,청년 응원 - Viral,사회공동체,사회화합,https://kobaco.co.kr/site/main/archive/advertising/5/14307?cp=1&pageSize=8&sortDirection=DESC&arcUse=true&arcCategory=5&metaCode1=broadcast&adtDefaultYear=false,https://www.youtube.com/watch?v=Ih0jRP0G_dM,청년,O,2022_09.jpg
2022,2022_10,청년 응원,사회공동체,사회화합,https://kobaco.co.kr/site/main/archive/advertising/5/14307?cp=1&pageSize=8&sortDirection=DESC&arcUse=true&arcCategory=5&metaCode1=broadcast&adtDefaultYear=false,https://www.youtube.com/watch?v=ndpG-sywU6s,청년,O,2022_10.jpg
2022,2022_11,해석 불가능 시대,사회공동체,언어생활,https://kobaco.co.kr/site/main/archive/advertising/5/14311?cp=1&pageSize=8&sortDirection=DESC&arcUse=true&arcCategory=5&metaCode1=broadcast&adtDefaultYear=false,https://www.youtube.com/watch?v=OGa6p27j3_s,신조어,O,2022_11.jpg
2022,2022_12,전국 친환경 자랑,자연환경,환경보전,https://kobaco.co.kr/site/main/archive/advertising/5/14315?cp=1&pageSize=8&sortDirection=DESC&arcUse=true&arcCategory=5&metaCode1=broadcast&adtDefaultYear=false,https://www.youtube.com/watch?v=Wx82MbTcCiY,환경보호,O,2022_12.jpg
2022,2022_13,안전 운전자가 타고 있어요,사회공동체,교통안전,https://www.kobaco.co.kr/site/main/archive/advertising/5/14384?cp=1&pageSize=8&sortDirection=DESC&arcUse=true&arcCategory=5&metaCode1=broadcast&adtDefaultYear=false,https://www.youtube.com/watch?v=QUPmn0zelhc,교통안전,O,2022_13.jpg
2023,2023_01,공동체 의식 - 작은 실천,사회공동체,타인배려/공공매너,https://kobaco.co.kr/site/main/archive/advertising/5/14390?cp=1&pageSize=8&sortDirection=DESC&arcUse=true&arcCategory=5&metaCode1=broadcast&adtDefaultYear=false,https://www.youtube.com/watch?v=GiXRHCnw-e4,소통,O,2023_01.jpg
2023,2023_02,SNS 매너 권법,사회공동체,인터넷 예절,https://kobaco.co.kr/site/main/archive/advertising/5/14392?cp=1&pageSize=8&sortDirection=DESC&arcUse=true&arcCategory=5&metaCode1=broadcast&adtDefaultYear=false,https://www.youtube.com/watch?v=dxKn5S0k_1M,인터넷 예절,O,2023_02.jpg
2023,2023_03,생활안전 - 일상의 개인안전,사회공동체,안전,https://kobaco.co.kr/site/main/archive/advertising/5/14437?cp=1&pageSize=8&sortDirection=DESC&arcUse=true&arcCategory=5&metaCode1=broadcast&adtDefaultYear=false,https://www.youtube.com/watch?v=rGXXLLKU-TA,안전,O,2023_03.jpg
2023,2023_04,기후변화대응 - 친환경 피지컬,자연환경,환경보전,https://kobaco.co.kr/site/main/archive/advertising/5/14445?cp=1&pageSize=8&sortDirection=DESC&arcUse=true&arcCategory=5&metaCode1=broadcast&adtDefaultYear=false,https://www.youtube.com/watch?v=xTCyIT8dnK8,에너지,O,2023_04.jpg
2023,2023_05,산업안전 - 일터에서의 국민안전,사회공동체,안전,https://kobaco.co.kr/site/main/archive/advertising/5/14454?cp=1&pageSize=8&sortDirection=DESC&arcUse=true&arcCategory=5&metaCode1=broadcast&adtDefaultYear=false,https://www.youtube.com/watch?v=fUHTg2fh5Gg,산업안전,O,2023_05.jpg
2023,2023_06,"마약근절 - 마약 시작, 인생 끝",공중보건/복지,보건/위생,https://kobaco.co.kr/site/main/archive/advertising/5/14467?cp=1&pageSize=8&sortDirection=DESC&arcUse=true&arcCategory=5&metaCode1=broadcast&adtDefaultYear=false,https://www.youtube.com/watch?v=iVAewbPKqUk,마약,O,2023_06.jpg
2023,2023_07,피싱 스미싱 예방 - 심청,사회공동체,안전,https://kobaco.co.kr/site/main/archive/advertising/5/14506?cp=1&pageSize=8&sortDirection=DESC&arcUse=true&arcCategory=5&metaCode1=broadcast&adtDefaultYear=false,https://www.youtube.com/watch?v=oLPeZTZ2lCw,보이스피싱,O,2023_07.jpg
2024,2024_01,저출생 극복 - 아…이러니,가정/아동/청소년,가족계획,https://www.kobaco.co.kr/site/main/archive/advertising/5/14533?cp=1&pageSize=8&sortDirection=DESC&arcUse=true&arcCategory=5&metaCode1=broadcast&adtDefaultYear=false,https://www.youtube.com/watch?v=VRXw6h4oe5Q,저출생,O,2024_01.jpg
2024,2024_02,청소년 도박 예방,가정/아동/청소년,청소년 관심/선도,https://www.kobaco.co.kr/site/main/archive/advertising/5/14650?cp=1&pageSize=8&sortDirection=DESC&arcUse=true&arcCategory=5&metaCode1=broadcast&metaCode2=psa_new_003&adtManufactureYear=&adtDefaultYear=false,https://www.youtube.com/watch?v=3RoS8jbwUHE,도박,O,2024_02.jpg
2024,2024_03,공공매너-반전매너,공중예절/에티켓,공공대너,https://www.kobaco.co.kr/site/main/archive/advertising/5/14544?cp=1&pageSize=8&sortDirection=DESC&arcUse=true&arcCategory=5&metaCode1=broadcast&adtDefaultYear=false,https://www.youtube.com/watch?v=OoMScPYFh4A,매너,O,2024_03.jpg
2024,2024_04,다문화 I - 이주배경 청소년,사회적 약자 및 소수자 보호,다문화,https://www.kobaco.co.kr/site/main/archive/advertising/5/14572?cp=1&pageSize=8&sortDirection=DESC&arcUse=true&arcCategory=5&metaCode1=broadcast&adtDefaultYear=false,https://www.youtube.com/watch?v=zUNmXcSxdm4,다문화,O,2024_04.jpg
2024,2024_05,다문화 II - 이주배경 이웃들,사회적 약자 및 소수자 보호,다문화,https://www.kobaco.co.kr/site/main/archive/advertising/5/14598?cp=1&pageSize=8&sortDirection=DESC&arcUse=true&arcCategory=5&metaCode1=broadcast&adtDefaultYear=false,https://www.youtube.com/watch?v=my8wTQmMerU,다문화,O,2024_05.jpg
2024,2024_06,장애인(발달장애 등)-출발,사회공동체,장애인,https://www.kobaco.co.kr/site/main/archive/advertising/5/14652?cp=1&pageSize=8&sortDirection=DESC&arcUse=true&arcCategory=5&metaCode1=broadcast&adtDefaultYear=false,https://www.youtube.com/watch?v=3eXB3Fb7Syo,장애,O,2024_06.jpg
2024,2024_07,환경보호 - 지구살림템,환경/에너지,환경보호 의식 개선,https://www.kobaco.co.kr/site/main/archive/advertising/5/14851?cp=1&pageSize=8&sortDirection=DESC&arcUse=true&arcCategory=5&metaCode1=broadcast&adtDefaultYear=false,https://www.youtube.com/watch?v=E01w3D4wQso,환경보호,O,2024_07.jpg
